agreement,grid
0.8516299137104506,1.9307|20|25|26.827|40|51.7947|220
0.8516299137104506,1.9307|20|25|26.827|35|40|51.7947|220
0.8515100671140939,1.9307|20|25|26.827|35|51.7947|220
0.8515100671140939,1.9307|20|26.827|35|40|51.7947|220
0.8513902205177373,1.9307|22|40|51.7947|220
0.8513902205177373,1.9307|20|26.827|35|51.7947|220
0.8512703739213806,1.9307|20|25|35|40|51.7947|220
0.8511505273250239,1.9307|20|25|35|51.7947|220
0.8510306807286673,1.9307|20|25|51.7947|220
0.8510306807286673,1.9307|20|25|26.827|51.7947|220
0.8509108341323106,1.9307|22|51.7947|220
0.8509108341323106,1.9307|20|26.827|51.7947|220
0.850790987535954,1.9307|22|35|40|51.7947|220
0.850790987535954,1.9307|22|25|26.827|40|51.7947|220
0.850790987535954,1.9307|22|25|26.827|35|40|51.7947|220
0.8506711409395973,1.9307|22|35|51.7947|220
0.8506711409395973,1.9307|22|25|40|51.7947|220
0.8506711409395973,1.9307|22|26.827|40|51.7947|220
0.8506711409395973,1.9307|22|25|26.827|35|51.7947|220
0.8506711409395973,1.9307|22|26.827|35|40|51.7947|220
0.8506711409395973,1.9307|21.5443|22|25|26.827|40|51.7947|220
0.8505512943432406,1.9307|22|26.827|35|51.7947|220
0.8505512943432406,1.9307|21.5443|22|25|40|51.7947|220
0.8505512943432406,1.9307|21.5443|22|26.827|40|51.7947|220
0.8505512943432406,1.9307|21.5443|22|25|26.827|35|51.7947|220
0.8505512943432406,1.9307|21.5443|22|26.827|35|40|51.7947|220
0.850431447746884,1.9307|22|25|26.827|51.7947|220
0.850431447746884,1.9307|21.5443|22|26.827|35|51.7947|220
0.8503116011505273,1.9307|22|26.827|51.7947|220
0.8503116011505273,1.9307|21.5443|22|25|26.827|51.7947|220
0.8503116011505273,1.9307|22|25|35|40|51.7947|220
0.8501917545541706,1.9307|20|51.7947|220
0.8501917545541706,1.9307|22|25|51.7947|220
0.8501917545541706,1.9307|21.5443|22|26.827|51.7947|220
0.8501917545541706,1.9307|22|25|35|51.7947|220
0.8501917545541706,1.9307|21.5443|22|25|35|40|51.7947|220
0.850071907957814,1.9307|21.5443|22|25|51.7947|220
0.850071907957814,1.9307|21.5443|22|25|35|51.7947|220
0.8498322147651006,1.9307|21.5443|22|35|40|51.7947|220
0.849712368168744,1.9307|21.5443|22|35|51.7947|220
0.8492329817833174,1.9307|21.5443|22|40|51.7947|220
0.8492329817833174,1.9307|15|20|35|40|51.7947|220
0.8492329817833174,1.9307|15|20|25|26.827|35|51.7947|220
0.8492329817833174,1.9307|15|20|26.827|35|40|51.7947|220
0.8491131351869607,1.9307|15|20|35|51.7947|220
0.8491131351869607,1.9307|15|20|26.827|35|51.7947|220
0.8487535953978907,1.9307|21.5443|22|51.7947|220
0.8487535953978907,1.9307|15|20|25|26.827|51.7947|220
0.8486337488015341,1.9307|15|20|26.827|51.7947|220
0.8480345158197508,1.9307|15|35|40|51.7947|150|220
0.8479146692233941,1.9307|15|20|51.7947|220
0.8479146692233941,1.9307|15|35|51.7947|150|220
0.8477948226270374,1.9307|15|22|40|51.7947|220
0.8474352828379674,1.9307|22|25|26.827|30|51.7947|220
0.8474352828379674,1.9307|21.5443|22|25|26.827|30|51.7947|220
0.8474352828379674,1.9307|22|25|26.827|30|35|51.7947|220
0.8474352828379674,1.9307|22|25|26.827|30|40|51.7947|220
0.8473154362416108,1.9307|15|22|51.7947|220
0.8473154362416108,1.9307|22|25|30|51.7947|220
0.8473154362416108,1.9307|22|26.827|30|51.7947|220
0.8473154362416108,1.9307|21.5443|22|26.827|30|51.7947|220
0.8473154362416108,1.9307|21.5443|22|30|35|51.7947|220
0.8473154362416108,1.9307|22|25|30|35|51.7947|220
0.8473154362416108,1.9307|22|25|30|40|51.7947|220
0.8473154362416108,1.9307|22|26.827|30|35|51.7947|220
0.8473154362416108,1.9307|22|26.827|30|40|51.7947|220
0.8473154362416108,1.9307|21.5443|22|26.827|30|35|51.7947|220
0.8473154362416108,1.9307|21.5443|22|26.827|30|40|51.7947|220
0.8473154362416108,1.9307|21.5443|22|30|35|40|51.7947|220
0.8473154362416108,1.9307|22|25|30|35|40|51.7947|220
0.8473154362416108,1.9307|22|26.827|30|35|40|51.7947|220
0.8471955896452541,1.9307|21.5443|22|25|30|51.7947|220
0.8471955896452541,1.9307|21.5443|22|25|30|35|51.7947|220
0.8471955896452541,1.9307|21.5443|22|25|30|40|51.7947|220
0.8470757430488974,1.9307|15|25|40|51.7947|220
0.8470757430488974,1.9307|15|25|26.827|40|51.7947|220
0.8470757430488974,1.9307|15|20|21.5443|30|35|51.7947|220
0.8470757430488974,1.9307|15|20|25|26.827|30|51.7947|220
0.8470757430488974,1.9307|15|25|26.827|35|40|51.7947|220
0.8469558964525408,1.9307|15|20|26.827|30|51.7947|220
0.8469558964525408,1.9307|15|25|26.827|35|51.7947|220
0.8469558964525408,1.9307|15|20|21.5443|26.827|30|51.7947|220
0.8469558964525408,1.9307|15|20|22|25|30|51.7947|220
0.8469558964525408,1.9307|15|20|22|26.827|30|51.7947|220
0.8469558964525408,1.9307|15|20|26.827|30|35|51.7947|220
0.8468360498561841,1.9307|15|20|21.5443|25|30|51.7947|220
0.8467162032598274,1.9307|15|25|51.7947|220
0.8467162032598274,1.9307|15|25|26.827|51.7947|220
0.8467162032598274,1.9307|15|20|21.5443|30|51.7947|220
0.8467162032598274,1.9307|15|25|35|40|51.7947|220
0.8467162032598274,1.9307|22|35|40|50|51.7947|220
0.8467162032598274,1.9307|15|20|21.5443|22|30|51.7947|220
0.8467162032598274,1.9307|15|20|21.5443|30|40|51.7947|220
0.8467162032598274,1.9307|15|20|26.827|35|51.7947|220|1000
0.8465963566634708,1.9307|15|20|30|51.7947|220
0.8465963566634708,1.9307|15|25|35|51.7947|220
0.8465963566634708,1.9307|22|35|50|51.7947|220
0.8465963566634708,1.9307|15|20|22|30|51.7947|220
0.8465963566634708,1.9307|15|20|22|30|40|51.7947|220
0.8464765100671141,1.9307|15|30|51.7947|150|220
0.8463566634707574,1.9307|15|20|25|26.827|51.7947|220|1000
0.8462368168744008,1.9307|15|21.5443|35|40|51.7947|220
0.8462368168744008,1.9307|15|21.5443|22|35|40|51.7947|220
0.8461169702780441,1.9307|15|21.5443|35|51.7947|220
0.8461169702780441,1.9307|15|21.5443|22|35|51.7947|220
0.8458772770853308,1.9307|21.5443|22|40|50|51.7947|220
0.8458772770853308,1.9307|22|25|26.827|40|50|51.7947|220
0.8457574304889741,1.9307|22|40|50|51.7947|220
0.8457574304889741,1.9307|22|25|40|50|51.7947|220
0.8457574304889741,1.9307|22|26.827|40|50|51.7947|220
0.8457574304889741,1.9307|21.5443|22|26.827|40|50|51.7947|220
0.8457574304889741,1.9307|21.5443|22|35|40|50|51.7947|220
0.8457574304889741,1.9307|22|25|26.827|35|50|51.7947|220
0.8457574304889741,1.9307|22|25|35|40|50|51.7947|220
0.8457574304889741,1.9307|22|26.827|35|40|50|51.7947|220
0.8456375838926175,1.9307|15|21.5443|22|40|51.7947|220
0.8456375838926175,1.9307|21.5443|22|35|50|51.7947|220
0.8456375838926175,1.9307|22|25|35|50|51.7947|220
0.8456375838926175,1.9307|22|26.827|35|50|51.7947|220
0.8456375838926175,1.9307|21.5443|22|25|40|50|51.7947|220
0.8456375838926175,1.9307|21.5443|22|26.827|35|50|51.7947|220
0.8455177372962608,1.9307|15|20|51.7947|220|1000
0.8455177372962608,1.9307|22|25|26.827|50|51.7947|220
0.8455177372962608,1.9307|21.5443|22|25|26.827|50|51.7947|220
0.8455177372962608,1.9307|21.5443|22|25|35|50|51.7947|220
0.8453978906999041,1.9307|15|35|40|51.7947|220
0.8453978906999041,1.9307|21.5443|22|50|51.7947|220
0.8453978906999041,1.9307|22|26.827|50|51.7947|220
0.8453978906999041,1.9307|21.5443|22|26.827|50|51.7947|220
0.8452780441035475,1.9307|15|35|51.7947|220
0.8452780441035475,1.9307|22|50|51.7947|220
0.8452780441035475,1.9307|22|25|50|51.7947|220
0.8451581975071908,1.9307|15|21.5443|22|51.7947|220
0.8451581975071908,1.9307|21.5443|22|25|50|51.7947|220
0.8447986577181208,1.9307|20|21.5443|40|50|220
0.8447986577181208,1.9307|20|21.5443|22|40|50|220
0.8447986577181208,1.9307|15|21.5443|25|26.827|30|51.7947|220
0.8447986577181208,1.9307|15|22|25|26.827|30|51.7947|220
0.8446788111217641,1.9307|15|21.5443|26.827|30|51.7947|220
0.8446788111217641,1.9307|15|21.5443|30|35|51.7947|220
0.8446788111217641,1.9307|15|22|25|30|51.7947|220
0.8446788111217641,1.9307|15|22|26.827|30|51.7947|220
0.8446788111217641,1.9307|15|25|26.827|30|51.7947|220
0.8446788111217641,1.9307|15|25|40|51.7947|220|1000
0.8446788111217641,1.9307|15|21.5443|22|26.827|30|51.7947|220
0.8446788111217641,1.9307|15|21.5443|22|30|35|51.7947|220
0.8446788111217641,1.9307|15|21.5443|26.827|30|35|51.7947|220
0.8446788111217641,1.9307|15|21.5443|26.827|30|40|51.7947|220
0.8446788111217641,1.9307|15|21.5443|30|35|40|51.7947|220
0.8446788111217641,1.9307|15|22|25|30|35|51.7947|220
0.8446788111217641,1.9307|15|22|25|30|40|51.7947|220
0.8446788111217641,1.9307|15|22|26.827|30|35|51.7947|220
0.8446788111217641,1.9307|15|22|26.827|30|40|51.7947|220
0.8446788111217641,1.9307|15|25|26.827|30|35|51.7947|220
0.8446788111217641,1.9307|15|25|26.827|30|40|51.7947|220
0.8446788111217641,1.9307|15|25|26.827|40|51.7947|220|1000
0.8445589645254075,1.9307|15|25|30|51.7947|220
0.8445589645254075,1.9307|20|22|40|50|220
0.8445589645254075,1.9307|22|35|40|50|220
0.8445589645254075,1.9307|15|21.5443|25|30|51.7947|220
0.8445589645254075,1.9307|15|25|30|35|51.7947|220
0.8445589645254075,1.9307|15|25|30|40|51.7947|220
0.8445589645254075,1.9307|20|21.5443|26.827|40|50|220
0.8445589645254075,1.9307|20|22|26.827|40|50|220
0.8445589645254075,1.9307|15|21.5443|22|25|30|51.7947|220
0.8445589645254075,1.9307|15|21.5443|25|30|35|51.7947|220
0.8445589645254075,1.9307|15|21.5443|25|30|40|51.7947|220
0.8445589645254075,1.9307|15|25|30|35|40|51.7947|220
0.8445589645254075,1.9307|20|21.5443|22|26.827|40|50|220
0.8445589645254075,1.9307|20|22|26.827|35|40|50|220
0.8445589645254075,1.9307|15|25|26.827|35|51.7947|220|1000
0.8444391179290508,1.9307|22|35|50|220
0.8444391179290508,1.9307|20|22|26.827|35|50|220
0.8444391179290508,1.9307|15|20|25|40|50|51.7947|220
0.8444391179290508,7.19686|10|20|25|26.827|35|51.7947|1000
0.8444391179290508,7.19686|10|20|25|35|40|51.7947|1000
0.8443192713326941,1.9307|15|21.5443|30|51.7947|220
0.8443192713326941,1.9307|15|22|30|51.7947|220
0.8443192713326941,1.9307|15|25|51.7947|220|1000
0.8443192713326941,1.9307|15|21.5443|22|30|51.7947|220
0.8443192713326941,1.9307|15|21.5443|30|40|51.7947|220
0.8443192713326941,1.9307|15|22|30|40|51.7947|220
0.8443192713326941,1.9307|15|25|26.827|51.7947|220|1000
0.8443192713326941,7.19686|10|20|25|35|51.7947|1000
0.8443192713326941,1.9307|15|20|26.827|35|50|51.7947|220
0.8443192713326941,1.9307|15|21.5443|22|30|40|51.7947|220
0.8443192713326941,1.9307|15|25|35|40|51.7947|220|1000
0.8443192713326941,7.19686|10|13.895|20|25|35|51.7947|1000
0.8443192713326941,7.19686|10|22|25|26.827|35|51.7947|1000
0.8443192713326941,7.19686|10|22|25|35|40|51.7947|1000
0.8443192713326941,7.19686|10|25|26.827|35|40|51.7947|1000
0.8441994247363375,1.9307|20|21.5443|50|220
0.8441994247363375,1.9307|20|21.5443|22|50|220
0.8441994247363375,1.9307|15|25|35|51.7947|220|1000
0.8441994247363375,7.19686|10|22|25|35|51.7947|1000
0.8441994247363375,7.19686|10|25|26.827|35|51.7947|1000
0.8441994247363375,7.19686|10|25|35|40|51.7947|1000
0.8441994247363375,7.19686|10|13.895|22|25|35|51.7947|1000
0.8441994247363375,7.19686|10|13.895|25|26.827|35|51.7947|1000
0.8441994247363375,7.19686|10|13.895|25|35|40|51.7947|1000
0.8441994247363375,7.19686|10|20|22|25|35|51.7947|1000
0.8441994247363375,7.19686|10|21.5443|25|26.827|35|51.7947|1000
0.8441994247363375,7.19686|10|21.5443|25|35|40|51.7947|1000
0.8440795781399808,7.19686|10|25|35|51.7947|1000
0.8440795781399808,7.19686|10|13.895|25|35|51.7947|1000
0.8440795781399808,7.19686|10|20|25|40|51.7947|1000
0.8440795781399808,7.19686|10|21.5443|25|35|51.7947|1000
0.8440795781399808,7.19686|10|13.895|20|25|40|51.7947|1000
0.8440795781399808,7.19686|10|13.895|21.5443|25|35|51.7947|1000
0.8440795781399808,7.19686|10|20|21.5443|25|35|51.7947|1000
0.8440795781399808,7.19686|10|20|25|26.827|40|51.7947|1000
0.8440795781399808,7.19686|10|21.5443|22|25|35|51.7947|1000
0.8439597315436241,1.9307|20|22|50|220
0.8439597315436241,1.9307|20|21.5443|26.827|50|220
0.8439597315436241,1.9307|20|22|26.827|50|220
0.8439597315436241,1.9307|20|21.5443|22|26.827|50|220
0.8439597315436241,7.19686|10|22|25|40|51.7947|1000
0.8439597315436241,1.9307|15|20|25|26.827|50|51.7947|220
0.8439597315436241,7.19686|10|13.895|22|25|40|51.7947|1000
0.8439597315436241,7.19686|10|20|22|25|40|51.7947|1000
0.8439597315436241,7.19686|10|22|25|26.827|40|51.7947|1000
0.8438398849472675,7.19686|10|25|40|51.7947|1000
0.8438398849472675,1.9307|15|20|25|50|51.7947|220
0.8438398849472675,7.19686|10|13.895|25|40|51.7947|1000
0.8438398849472675,7.19686|10|21.5443|25|40|51.7947|1000
0.8438398849472675,7.19686|10|25|26.827|40|51.7947|1000
0.8438398849472675,7.19686|10|13.895|21.5443|25|40|51.7947|1000
0.8438398849472675,7.19686|10|13.895|25|26.827|40|51.7947|1000
0.8438398849472675,7.19686|10|20|21.5443|25|40|51.7947|1000
0.8438398849472675,7.19686|10|20|25|30|35|51.7947|1000
0.8438398849472675,7.19686|10|21.5443|22|25|40|51.7947|1000
0.8438398849472675,7.19686|10|21.5443|25|26.827|40|51.7947|1000
0.8437200383509108,1.9307|21.5443|22|40|50|220
0.8437200383509108,1.9307|15|21.5443|35|51.7947|220|1000
0.8437200383509108,1.9307|15|35|40|50|51.7947|150|220
0.8437200383509108,1.9307|15|21.5443|22|35|51.7947|220|1000
0.8437200383509108,7.19686|10|22|25|30|35|51.7947|1000
0.8436001917545541,1.9307|22|40|50|220
0.8436001917545541,1.9307|22|26.827|40|50|220
0.8436001917545541,1.9307|15|35|50|51.7947|150|220
0.8436001917545541,1.9307|21.5443|22|26.827|40|50|220
0.8436001917545541,1.9307|22|26.827|35|40|50|220
0.8436001917545541,7.19686|10|22|25|26.827|51.7947|1000
0.8436001917545541,7.19686|10|25|30|35|51.7947|1000
0.8436001917545541,7.19686|10|13.895|22|25|26.827|51.7947|1000
0.8436001917545541,7.19686|10|13.895|25|30|35|51.7947|1000
0.8436001917545541,7.19686|10|15|22|25|35|51.7947|1000
0.8436001917545541,7.19686|10|15|25|26.827|35|51.7947|1000
0.8436001917545541,7.19686|10|15|25|35|40|51.7947|1000
0.8436001917545541,7.19686|10|21.5443|25|30|35|51.7947|1000
0.8436001917545541,7.19686|10|25|26.827|30|35|51.7947|1000
0.8436001917545541,7.19686|10|25|30|35|40|51.7947|1000
0.8434803451581975,1.9307|22|26.827|35|50|220
0.8434803451581975,7.19686|10|20|25|51.7947|1000
0.8434803451581975,7.19686|10|22|25|51.7947|1000
0.8434803451581975,7.19686|10|25|26.827|51.7947|1000
0.8434803451581975,7.19686|10|13.895|20|25|51.7947|1000
0.8434803451581975,7.19686|10|13.895|22|25|51.7947|1000
0.8434803451581975,7.19686|10|13.895|25|26.827|51.7947|1000
0.8434803451581975,7.19686|10|15|25|35|51.7947|1000
0.8434803451581975,7.19686|10|20|25|26.827|51.7947|1000
0.8434803451581975,7.19686|10|21.5443|25|26.827|51.7947|1000
0.8434803451581975,7.19686|10|13.895|15|25|35|51.7947|1000
0.8434803451581975,7.19686|10|13.895|20|25|26.827|51.7947|1000
0.8434803451581975,7.19686|10|13.895|21.5443|25|26.827|51.7947|1000
0.8434803451581975,7.19686|10|15|21.5443|25|35|51.7947|1000
0.8434803451581975,7.19686|10|21.5443|22|25|26.827|51.7947|1000
0.8433604985618408,7.19686|10|21.5443|25|51.7947|1000
0.8433604985618408,7.19686|10|13.895|21.5443|25|51.7947|1000
0.8433604985618408,7.19686|10|20|22|25|51.7947|1000
0.8433604985618408,7.19686|10|20|25|30|51.7947|1000
0.8433604985618408,7.19686|10|21.5443|22|25|51.7947|1000
0.8433604985618408,7.19686|10|13.895|20|22|25|51.7947|1000
0.8433604985618408,7.19686|10|13.895|20|25|30|51.7947|1000
0.8433604985618408,7.19686|10|13.895|21.5443|22|25|51.7947|1000
0.8433604985618408,7.19686|10|15|22|25|40|51.7947|1000
0.8433604985618408,7.19686|10|20|22|25|26.827|51.7947|1000
0.8433604985618408,7.19686|10|20|25|26.827|30|51.7947|1000
0.8433604985618408,7.19686|10|20|25|30|40|51.7947|1000
0.8432406519654841,1.9307|21.5443|22|50|220
0.8432406519654841,1.9307|22|26.827|50|220
0.8432406519654841,1.9307|21.5443|22|26.827|50|220
0.8432406519654841,7.19686|10|15|25|40|51.7947|1000
0.8432406519654841,7.19686|10|20|21.5443|25|51.7947|1000
0.8432406519654841,7.19686|10|22|25|30|51.7947|1000
0.8432406519654841,1.9307|15|21.5443|22|40|51.7947|220|1000
0.8432406519654841,7.19686|10|13.895|15|25|40|51.7947|1000
0.8432406519654841,7.19686|10|13.895|20|21.5443|25|51.7947|1000
0.8432406519654841,7.19686|10|13.895|22|25|30|51.7947|1000
0.8432406519654841,7.19686|10|15|25|26.827|40|51.7947|1000
0.8432406519654841,7.19686|10|20|21.5443|22|25|51.7947|1000
0.8432406519654841,7.19686|10|20|21.5443|25|26.827|51.7947|1000
0.8432406519654841,7.19686|10|20|22|25|30|51.7947|1000
0.8432406519654841,7.19686|10|22|25|26.827|30|51.7947|1000
0.8432406519654841,7.19686|10|22|25|30|40|51.7947|1000
0.8431208053691275,1.9307|22|50|220
0.8431208053691275,7.19686|10|25|30|51.7947|1000
0.8431208053691275,7.19686|10|13.895|25|30|51.7947|1000
0.8431208053691275,7.19686|10|21.5443|25|30|51.7947|1000
0.8431208053691275,7.19686|10|25|26.827|30|51.7947|1000
0.8431208053691275,7.19686|10|25|30|40|51.7947|1000
0.8431208053691275,7.19686|10|13.895|21.5443|25|30|51.7947|1000
0.8431208053691275,7.19686|10|13.895|25|26.827|30|51.7947|1000
0.8431208053691275,7.19686|10|13.895|25|30|40|51.7947|1000
0.8431208053691275,7.19686|10|20|21.5443|25|30|51.7947|1000
0.8431208053691275,7.19686|10|21.5443|22|25|30|51.7947|1000
0.8431208053691275,7.19686|10|21.5443|25|26.827|30|51.7947|1000
0.8431208053691275,7.19686|10|21.5443|25|30|40|51.7947|1000
0.8431208053691275,7.19686|10|25|26.827|30|40|51.7947|1000
0.8430009587727708,1.9307|15|35|40|51.7947|220|1000
0.8430009587727708,1.9307|15|20|22|35|40|50|220
0.8430009587727708,7.19686|10|15|25|30|35|51.7947|1000
0.8428811121764141,1.9307|15|35|51.7947|220|1000
0.8428811121764141,1.9307|15|20|22|35|50|220
0.8428811121764141,7.19686|10|15|25|26.827|51.7947|1000
0.8428811121764141,7.19686|10|13.895|15|25|26.827|51.7947|1000
0.8427612655800575,1.9307|15|21.5443|22|51.7947|220|1000
0.8426414189837008,7.19686|10|25|51.7947|1000
0.8426414189837008,7.19686|10|13.895|25|51.7947|1000
0.8425215723873442,7.19686|10|15|25|30|51.7947|1000
0.8425215723873442,7.19686|10|13.895|15|25|30|51.7947|1000
0.8425215723873442,7.19686|10|15|25|26.827|30|51.7947|1000
0.8425215723873442,7.19686|10|15|25|30|40|51.7947|1000
0.8422818791946308,1.9307|15|20|22|40|50|220
0.8422818791946308,1.9307|15|20|22|26.827|40|50|220
0.8422818791946308,1.9307|15|21.5443|22|40|50|51.7947|220
0.8421620325982742,1.9307|15|22|40|50|51.7947|220
0.8421620325982742,1.9307|15|20|22|26.827|35|50|220
0.8421620325982742,1.9307|15|21.5443|35|40|50|51.7947|220
0.8421620325982742,1.9307|15|25|26.827|40|50|51.7947|220
0.8420421860019175,7.19686|10|15|25|51.7947|1000
0.8420421860019175,1.9307|15|21.5443|35|50|51.7947|220
0.8420421860019175,1.9307|15|25|40|50|51.7947|220
0.8420421860019175,7.19686|10|13.895|15|25|51.7947|1000
0.8420421860019175,1.9307|15|21.5443|22|35|50|51.7947|220
0.8420421860019175,1.9307|15|25|26.827|35|50|51.7947|220
0.8420421860019175,1.9307|15|25|35|40|50|51.7947|220
0.8419223394055608,1.9307|15|25|35|50|51.7947|220
0.8418024928092043,1.9307|15|21.5443|22|50|51.7947|220
0.8418024928092043,1.9307|15|25|26.827|50|51.7947|220
0.8416826462128476,1.9307|15|20|22|50|220
0.8416826462128476,1.9307|15|22|50|51.7947|220
0.8416826462128476,1.9307|15|25|50|51.7947|220
0.8416826462128476,1.9307|15|20|22|26.827|50|220
0.8415627996164909,10|20|30|35|51.7947|1000
0.8415627996164909,10|20|30|35|40|51.7947|1000
0.8414429530201343,10|20|25|26.827|35|40|51.7947|1000
0.8413231064237776,10|13.895|20|30|35|51.7947|1000
0.8413231064237776,10|20|22|30|35|51.7947|1000
0.8413231064237776,10|20|25|26.827|35|51.7947|1000
0.8413231064237776,10|20|25|35|40|51.7947|1000
0.8413231064237776,10|13.895|20|30|35|40|51.7947|1000
0.8413231064237776,10|20|22|30|35|40|51.7947|1000
0.8413231064237776,10|22|25|26.827|35|40|51.7947|1000
0.841203259827421,10|20|25|35|51.7947|1000
0.841203259827421,10|22|30|35|51.7947|1000
0.841203259827421,10|20|21.5443|30|35|51.7947|1000
0.841203259827421,10|20|26.827|30|35|51.7947|1000
0.841203259827421,10|22|25|26.827|35|51.7947|1000
0.841203259827421,10|22|25|35|40|51.7947|1000
0.841203259827421,10|22|30|35|40|51.7947|1000
0.841203259827421,10|25|26.827|35|40|51.7947|1000
0.841203259827421,10|20|21.5443|22|30|35|51.7947|1000
0.841203259827421,10|20|21.5443|30|35|40|51.7947|1000
0.841203259827421,10|20|22|25|26.827|35|51.7947|1000
0.841203259827421,10|20|22|25|35|40|51.7947|1000
0.841203259827421,10|20|26.827|30|35|40|51.7947|1000
0.841203259827421,10|21.5443|25|26.827|35|40|51.7947|1000
0.8410834132310643,10|21.5443|30|35|51.7947|1000
0.8410834132310643,10|22|25|35|51.7947|1000
0.8410834132310643,10|25|26.827|35|51.7947|1000
0.8410834132310643,10|25|35|40|51.7947|1000
0.8410834132310643,1.9307|15|35|40|50|51.7947|220
0.8410834132310643,1.9307|22|25|26.827|40|50|220
0.8410834132310643,10|20|22|25|35|51.7947|1000
0.8410834132310643,10|21.5443|22|30|35|51.7947|1000
0.8410834132310643,10|21.5443|25|26.827|35|51.7947|1000
0.8410834132310643,10|21.5443|25|35|40|51.7947|1000
0.8410834132310643,10|21.5443|30|35|40|51.7947|1000
0.8410834132310643,1.9307|21.5443|22|25|26.827|40|50|220
0.8410834132310643,10|13.895|20|22|30|35|51.7947|1000
0.8410834132310643,10|13.895|20|25|26.827|35|51.7947|1000
0.8410834132310643,10|13.895|20|25|35|40|51.7947|1000
0.8410834132310643,10|20|21.5443|25|26.827|35|51.7947|1000
0.8410834132310643,10|20|21.5443|25|35|40|51.7947|1000
0.8410834132310643,10|21.5443|22|25|26.827|35|51.7947|1000
0.8410834132310643,10|21.5443|22|25|35|40|51.7947|1000
0.8410834132310643,10|21.5443|22|30|35|40|51.7947|1000
0.8409635666347076,10|20|30|51.7947|1000
0.8409635666347076,10|25|35|51.7947|1000
0.8409635666347076,1.9307|15|35|50|51.7947|220
0.8409635666347076,1.9307|22|25|40|50|220
0.8409635666347076,10|20|25|40|51.7947|1000
0.8409635666347076,10|20|30|40|51.7947|1000
0.8409635666347076,10|21.5443|25|35|51.7947|1000
0.8409635666347076,1.9307|15|22|35|40|50|220
0.8409635666347076,10|13.895|20|25|35|51.7947|1000
0.8409635666347076,10|13.895|22|30|35|51.7947|1000
0.8409635666347076,10|20|21.5443|25|35|51.7947|1000
0.8409635666347076,10|20|25|26.827|40|51.7947|1000
0.8409635666347076,10|21.5443|22|25|35|51.7947|1000
0.8409635666347076,10|22|26.827|30|35|51.7947|1000
0.8409635666347076,10|13.895|20|21.5443|30|35|51.7947|1000
0.8409635666347076,10|13.895|22|25|26.827|35|51.7947|1000
0.8409635666347076,10|13.895|22|25|35|40|51.7947|1000
0.8409635666347076,10|13.895|22|30|35|40|51.7947|1000
0.8409635666347076,10|13.895|25|26.827|35|40|51.7947|1000
0.8409635666347076,10|20|21.5443|22|25|35|51.7947|1000
0.8409635666347076,10|20|22|26.827|30|35|51.7947|1000
0.8409635666347076,10|22|26.827|30|35|40|51.7947|1000
0.840843720038351,1.9307|15|22|35|50|220
0.840843720038351,10|20|26.827|30|51.7947|1000
0.840843720038351,10|22|25|40|51.7947|1000
0.840843720038351,1.9307|21.5443|22|25|40|50|220
0.840843720038351,10|13.895|21.5443|30|35|51.7947|1000
0.840843720038351,10|13.895|22|25|35|51.7947|1000
0.840843720038351,10|13.895|25|26.827|35|51.7947|1000
0.840843720038351,10|13.895|25|35|40|51.7947|1000
0.840843720038351,10|20|22|25|40|51.7947|1000
0.840843720038351,10|20|26.827|30|40|51.7947|1000
0.840843720038351,10|21.5443|26.827|30|35|51.7947|1000
0.840843720038351,10|22|25|26.827|40|51.7947|1000
0.840843720038351,10|13.895|20|22|25|35|51.7947|1000
0.840843720038351,10|13.895|21.5443|22|30|35|51.7947|1000
0.840843720038351,10|13.895|21.5443|25|26.827|35|51.7947|1000
0.840843720038351,10|13.895|21.5443|25|35|40|51.7947|1000
0.840843720038351,10|13.895|21.5443|30|35|40|51.7947|1000
0.840843720038351,10|20|21.5443|26.827|30|35|51.7947|1000
0.840843720038351,10|20|22|25|26.827|40|51.7947|1000
0.840843720038351,10|21.5443|22|26.827|30|35|51.7947|1000
0.840843720038351,10|21.5443|26.827|30|35|40|51.7947|1000
0.8407238734419943,10|25|40|51.7947|1000
0.8407238734419943,1.9307|22|25|26.827|50|220
0.8407238734419943,10|13.895|20|30|51.7947|1000
0.8407238734419943,10|13.895|25|35|51.7947|1000
0.8407238734419943,10|20|22|30|51.7947|1000
0.8407238734419943,10|21.5443|25|40|51.7947|1000
0.8407238734419943,10|25|26.827|40|51.7947|1000
0.8407238734419943,1.9307|21.5443|22|25|26.827|50|220
0.8407238734419943,10|13.895|20|25|40|51.7947|1000
0.8407238734419943,10|13.895|20|30|40|51.7947|1000
0.8407238734419943,10|13.895|21.5443|25|35|51.7947|1000
0.8407238734419943,10|20|21.5443|25|40|51.7947|1000
0.8407238734419943,10|20|22|30|40|51.7947|1000
0.8407238734419943,10|20|25|30|35|51.7947|1000
0.8407238734419943,10|21.5443|22|25|40|51.7947|1000
0.8407238734419943,10|21.5443|25|26.827|40|51.7947|1000
0.8407238734419943,10|13.895|20|21.5443|25|35|51.7947|1000
0.8407238734419943,10|13.895|20|25|26.827|40|51.7947|1000
0.8407238734419943,10|13.895|21.5443|22|25|35|51.7947|1000
0.8407238734419943,10|13.895|22|26.827|30|35|51.7947|1000
0.8407238734419943,10|20|21.5443|22|25|40|51.7947|1000
0.8407238734419943,10|20|21.5443|25|26.827|40|51.7947|1000
0.8407238734419943,10|20|25|26.827|30|35|51.7947|1000
0.8407238734419943,10|20|25|30|35|40|51.7947|1000
0.8407238734419943,10|21.5443|22|25|26.827|40|51.7947|1000
0.8406040268456376,10|22|30|51.7947|1000
0.8406040268456376,10|20|21.5443|30|51.7947|1000
0.8406040268456376,10|22|26.827|30|51.7947|1000
0.8406040268456376,10|22|30|40|51.7947|1000
0.8406040268456376,10|13.895|22|25|40|51.7947|1000
0.8406040268456376,10|20|21.5443|22|30|51.7947|1000
0.8406040268456376,10|20|21.5443|30|40|51.7947|1000
0.8406040268456376,10|20|22|26.827|30|51.7947|1000
0.8406040268456376,10|22|25|30|35|51.7947|1000
0.8406040268456376,10|22|26.827|30|40|51.7947|1000
0.8406040268456376,10|13.895|20|22|25|40|51.7947|1000
0.8406040268456376,10|13.895|21.5443|26.827|30|35|51.7947|1000
0.8406040268456376,10|13.895|22|25|26.827|40|51.7947|1000
0.8406040268456376,10|20|21.5443|22|30|40|51.7947|1000
0.8406040268456376,10|20|22|25|30|35|51.7947|1000
0.8406040268456376,10|20|22|26.827|30|40|51.7947|1000
0.8406040268456376,10|22|25|26.827|30|35|51.7947|1000
0.8406040268456376,10|22|25|30|35|40|51.7947|1000
0.840484180249281,1.9307|22|25|50|220
0.840484180249281,10|21.5443|30|51.7947|1000
0.840484180249281,10|13.895|25|40|51.7947|1000
0.840484180249281,10|21.5443|22|30|51.7947|1000
0.840484180249281,10|21.5443|26.827|30|51.7947|1000
0.840484180249281,10|21.5443|30|40|51.7947|1000
0.840484180249281,10|22|25|26.827|51.7947|1000
0.840484180249281,10|25|30|35|51.7947|1000
0.840484180249281,10|13.895|20|22|30|51.7947|1000
0.840484180249281,10|13.895|21.5443|25|40|51.7947|1000
0.840484180249281,10|13.895|25|26.827|40|51.7947|1000
0.840484180249281,10|20|21.5443|26.827|30|51.7947|1000
0.840484180249281,10|21.5443|22|26.827|30|51.7947|1000
0.840484180249281,10|21.5443|22|30|40|51.7947|1000
0.840484180249281,10|21.5443|25|30|35|51.7947|1000
0.840484180249281,10|21.5443|26.827|30|40|51.7947|1000
0.840484180249281,10|25|26.827|30|35|51.7947|1000
0.840484180249281,10|25|30|35|40|51.7947|1000
0.840484180249281,10|13.895|20|21.5443|25|40|51.7947|1000
0.840484180249281,10|13.895|20|22|30|40|51.7947|1000
0.840484180249281,10|13.895|20|25|30|35|51.7947|1000
0.840484180249281,10|13.895|21.5443|22|25|40|51.7947|1000
0.840484180249281,10|13.895|21.5443|25|26.827|40|51.7947|1000
0.840484180249281,10|20|21.5443|22|26.827|30|51.7947|1000
0.840484180249281,10|20|21.5443|25|30|35|51.7947|1000
0.840484180249281,10|20|21.5443|26.827|30|40|51.7947|1000
0.840484180249281,10|21.5443|22|25|30|35|51.7947|1000
0.840484180249281,10|21.5443|22|26.827|30|40|51.7947|1000
0.840484180249281,10|21.5443|25|26.827|30|35|51.7947|1000
0.840484180249281,10|21.5443|25|30|35|40|51.7947|1000
0.840484180249281,10|25|26.827|30|35|40|51.7947|1000
0.8403643336529243,10|20|25|51.7947|1000
0.8403643336529243,10|22|25|51.7947|1000
0.8403643336529243,10|25|26.827|51.7947|1000
0.8403643336529243,1.9307|21.5443|22|25|50|220
0.8403643336529243,10|13.895|22|30|51.7947|1000
0.8403643336529243,10|20|25|26.827|51.7947|1000
0.8403643336529243,10|21.5443|25|26.827|51.7947|1000
0.8403643336529243,10|13.895|20|21.5443|30|51.7947|1000
0.8403643336529243,10|13.895|22|26.827|30|51.7947|1000
0.8403643336529243,10|13.895|22|30|40|51.7947|1000
0.8403643336529243,10|21.5443|22|25|26.827|51.7947|1000
0.8403643336529243,10|13.895|20|21.5443|22|30|51.7947|1000
0.8403643336529243,10|13.895|20|21.5443|30|40|51.7947|1000
0.8403643336529243,10|13.895|20|22|26.827|30|51.7947|1000
0.8403643336529243,10|13.895|22|25|30|35|51.7947|1000
0.8403643336529243,10|13.895|22|26.827|30|40|51.7947|1000
0.8402444870565676,10|21.5443|25|51.7947|1000
0.8402444870565676,10|13.895|21.5443|30|51.7947|1000
0.8402444870565676,10|20|22|25|51.7947|1000
0.8402444870565676,10|20|25|30|51.7947|1000
0.8402444870565676,10|21.5443|22|25|51.7947|1000
0.8402444870565676,10|13.895|21.5443|22|30|51.7947|1000
0.8402444870565676,10|13.895|21.5443|26.827|30|51.7947|1000
0.8402444870565676,10|13.895|21.5443|30|40|51.7947|1000
0.8402444870565676,10|13.895|22|25|26.827|51.7947|1000
0.8402444870565676,10|13.895|25|30|35|51.7947|1000
0.8402444870565676,10|20|22|25|26.827|51.7947|1000
0.8402444870565676,10|20|25|26.827|30|51.7947|1000
0.8402444870565676,10|20|25|30|40|51.7947|1000
0.8402444870565676,10|13.895|20|21.5443|26.827|30|51.7947|1000
0.8402444870565676,10|13.895|21.5443|22|26.827|30|51.7947|1000
0.8402444870565676,10|13.895|21.5443|22|30|40|51.7947|1000
0.8402444870565676,10|13.895|21.5443|25|30|35|51.7947|1000
0.8402444870565676,10|13.895|21.5443|26.827|30|40|51.7947|1000
0.8402444870565676,10|13.895|25|26.827|30|35|51.7947|1000
0.8402444870565676,10|13.895|25|30|35|40|51.7947|1000
0.8402444870565676,10|20|25|26.827|30|40|51.7947|1000
0.840124640460211,10|13.895|20|25|51.7947|1000
0.840124640460211,10|13.895|22|25|51.7947|1000
0.840124640460211,10|13.895|25|26.827|51.7947|1000
0.840124640460211,10|20|21.5443|25|51.7947|1000
0.840124640460211,10|22|25|30|51.7947|1000
0.840124640460211,10|13.895|20|25|26.827|51.7947|1000
0.840124640460211,10|13.895|21.5443|25|26.827|51.7947|1000
0.840124640460211,10|20|21.5443|22|25|51.7947|1000
0.840124640460211,10|20|21.5443|25|26.827|51.7947|1000
0.840124640460211,10|20|22|25|30|51.7947|1000
0.840124640460211,10|22|25|26.827|30|51.7947|1000
0.840124640460211,10|22|25|30|40|51.7947|1000
0.840124640460211,10|13.895|21.5443|22|25|26.827|51.7947|1000
0.840124640460211,10|20|21.5443|22|25|26.827|51.7947|1000
0.840124640460211,10|20|22|25|26.827|30|51.7947|1000
0.840124640460211,10|20|22|25|30|40|51.7947|1000
0.840124640460211,10|22|25|26.827|30|40|51.7947|1000
0.8400047938638543,10|25|30|51.7947|1000
0.8400047938638543,10|30|35|51.7947|1000
0.8400047938638543,1.9307|15|22|40|50|220
0.8400047938638543,10|13.895|21.5443|25|51.7947|1000
0.8400047938638543,10|21.5443|25|30|51.7947|1000
0.8400047938638543,10|25|26.827|30|51.7947|1000
0.8400047938638543,10|25|30|40|51.7947|1000
0.8400047938638543,10|26.827|30|35|51.7947|1000
0.8400047938638543,10|30|35|40|51.7947|1000
0.8400047938638543,1.9307|15|22|26.827|40|50|220
0.8400047938638543,10|13.895|20|22|25|51.7947|1000
0.8400047938638543,10|13.895|20|25|30|51.7947|1000
0.8400047938638543,10|13.895|21.5443|22|25|51.7947|1000
0.8400047938638543,10|20|21.5443|25|30|51.7947|1000
0.8400047938638543,10|21.5443|22|25|30|51.7947|1000
0.8400047938638543,10|21.5443|25|26.827|30|51.7947|1000
0.8400047938638543,10|21.5443|25|30|40|51.7947|1000
0.8400047938638543,10|25|26.827|30|40|51.7947|1000
0.8400047938638543,10|26.827|30|35|40|51.7947|1000
0.8400047938638543,1.9307|15|22|26.827|35|40|50|220
0.8400047938638543,10|13.895|20|22|25|26.827|51.7947|1000
0.8400047938638543,10|13.895|20|25|26.827|30|51.7947|1000
0.8400047938638543,10|13.895|20|25|30|40|51.7947|1000
0.8400047938638543,10|20|21.5443|22|25|30|51.7947|1000
0.8400047938638543,10|20|21.5443|25|26.827|30|51.7947|1000
0.8400047938638543,10|20|21.5443|25|30|40|51.7947|1000
0.8400047938638543,10|21.5443|22|25|26.827|30|51.7947|1000
0.8400047938638543,10|21.5443|22|25|30|40|51.7947|1000
0.8400047938638543,10|21.5443|25|26.827|30|40|51.7947|1000
0.8398849472674976,1.9307|15|22|26.827|35|50|220
0.8398849472674976,10|13.895|20|21.5443|25|51.7947|1000
0.8398849472674976,10|13.895|22|25|30|51.7947|1000
0.8398849472674976,1.9307|15|20|22|40|50|220|1000
0.8398849472674976,10|13.895|20|21.5443|22|25|51.7947|1000
0.8398849472674976,10|13.895|20|21.5443|25|26.827|51.7947|1000
0.8398849472674976,10|13.895|20|22|25|30|51.7947|1000
0.8398849472674976,10|13.895|22|25|26.827|30|51.7947|1000
0.8398849472674976,10|13.895|22|25|30|40|51.7947|1000
0.839765100671141,10|13.895|25|30|51.7947|1000
0.839765100671141,10|13.895|21.5443|25|30|51.7947|1000
0.839765100671141,10|13.895|25|26.827|30|51.7947|1000
0.839765100671141,10|13.895|25|30|40|51.7947|1000
0.839765100671141,10|13.895|26.827|30|35|51.7947|1000
0.839765100671141,1.9307|15|20|22|26.827|30|50|220
0.839765100671141,10|13.895|20|21.5443|25|30|51.7947|1000
0.839765100671141,10|13.895|21.5443|22|25|30|51.7947|1000
0.839765100671141,10|13.895|21.5443|25|26.827|30|51.7947|1000
0.839765100671141,10|13.895|21.5443|25|30|40|51.7947|1000
0.839765100671141,10|13.895|25|26.827|30|40|51.7947|1000
0.839765100671141,10|13.895|26.827|30|35|40|51.7947|1000
0.8396452540747843,1.9307|15|22|26.827|50|220
0.8396452540747843,10|15|25|40|51.7947|1000
0.8396452540747843,10|13.895|15|25|40|51.7947|1000
0.8395254074784276,10|25|51.7947|1000
0.8395254074784276,1.9307|15|22|50|220
0.8395254074784276,7.19686|10|20|25|40|50|51.7947|1000
0.839405560882071,10|26.827|30|51.7947|1000
0.839405560882071,10|26.827|30|40|51.7947|1000
0.839405560882071,1.9307|15|20|22|30|50|220
0.839405560882071,10|15|25|30|35|51.7947|1000
0.839405560882071,1.9307|15|20|22|30|40|50|220
0.839405560882071,7.19686|10|22|25|40|50|51.7947|1000
0.839405560882071,10|13.895|15|25|30|35|51.7947|1000
0.839405560882071,10|15|25|26.827|30|35|51.7947|1000
0.839405560882071,10|15|25|30|35|40|51.7947|1000
0.8392857142857143,10|13.895|25|51.7947|1000
0.8392857142857143,1.9307|15|20|22|50|220|1000
0.8392857142857143,7.19686|10|25|40|50|51.7947|1000
0.8392857142857143,1.9307|15|20|22|26.827|50|220|1000
0.8392857142857143,7.19686|10|13.895|25|40|50|51.7947|1000
0.8392857142857143,7.19686|10|21.5443|25|40|50|51.7947|1000
0.8391658676893576,10|13.895|26.827|30|51.7947|1000
0.8391658676893576,10|13.895|26.827|30|40|51.7947|1000
0.839046021093001,10|15|30|35|51.7947|1000
0.839046021093001,10|15|26.827|30|35|51.7947|1000
0.839046021093001,10|15|30|35|40|51.7947|1000
0.839046021093001,10|13.895|15|26.827|30|35|51.7947|1000
0.839046021093001,10|15|26.827|30|35|40|51.7947|1000
0.8389261744966443,1.9307|15|35|40|50|220
0.8389261744966443,10|15|25|30|51.7947|1000
0.8389261744966443,7.19686|10|22|25|50|51.7947|1000
0.8389261744966443,10|13.895|15|25|30|51.7947|1000
0.8389261744966443,10|15|25|26.827|30|51.7947|1000
0.8389261744966443,10|15|25|30|40|51.7947|1000
0.8389261744966443,7.19686|10|13.895|22|25|50|51.7947|1000
0.8389261744966443,7.19686|10|20|25|35|50|51.7947|1000
0.8389261744966443,10|13.895|15|25|26.827|30|51.7947|1000
0.8389261744966443,10|13.895|15|25|30|40|51.7947|1000
0.8389261744966443,10|15|25|26.827|30|40|51.7947|1000
0.8388063279002876,1.9307|15|35|50|220
0.8388063279002876,7.19686|10|21.5443|25|50|51.7947|1000
0.8388063279002876,7.19686|10|13.895|21.5443|25|50|51.7947|1000
0.8388063279002876,7.19686|10|21.5443|22|25|50|51.7947|1000
0.8388063279002876,7.19686|10|22|25|35|50|51.7947|1000
0.8388063279002876,7.19686|10|25|30|35|50|51.7947|1000
0.8388063279002876,7.19686|10|25|35|40|50|51.7947|1000
0.838686481303931,7.19686|10|25|35|50|51.7947|1000
0.838686481303931,7.19686|10|13.895|25|35|50|51.7947|1000
0.838686481303931,7.19686|10|21.5443|25|35|50|51.7947|1000
0.838686481303931,7.19686|10|25|26.827|35|50|51.7947|1000
0.8385666347075743,7.19686|10|20|25|30|50|51.7947|1000
0.8384467881112176,10|15|25|51.7947|1000
0.8384467881112176,10|13.895|15|25|51.7947|1000
0.8384467881112176,10|15|26.827|30|51.7947|1000
0.8384467881112176,10|13.895|15|26.827|30|51.7947|1000
0.8384467881112176,10|15|26.827|30|40|51.7947|1000
0.8384467881112176,7.19686|10|22|25|30|50|51.7947|1000
0.8384467881112176,10|13.895|15|26.827|30|40|51.7947|1000
0.838326941514861,10|30|51.7947|1000
0.838326941514861,10|30|40|51.7947|1000
0.838326941514861,7.19686|10|25|30|50|51.7947|1000
0.838326941514861,7.19686|10|13.895|25|30|50|51.7947|1000
0.838326941514861,7.19686|10|21.5443|25|30|50|51.7947|1000
0.838326941514861,7.19686|10|25|26.827|30|50|51.7947|1000
0.838326941514861,7.19686|10|25|26.827|40|50|51.7947|1000
0.838326941514861,7.19686|10|25|30|40|50|51.7947|1000
0.8380872483221476,7.19686|10|25|50|51.7947|1000
0.8380872483221476,7.19686|10|13.895|25|50|51.7947|1000
0.8380872483221476,7.19686|10|15|25|35|50|51.7947|1000
0.8380872483221476,7.19686|10|22|25|26.827|50|51.7947|1000
0.837967401725791,7.19686|10|25|26.827|50|51.7947|1000
0.837967401725791,7.19686|10|13.895|25|26.827|50|51.7947|1000
0.837967401725791,7.19686|10|20|25|26.827|50|51.7947|1000
0.837967401725791,7.19686|10|21.5443|25|26.827|50|51.7947|1000
0.8374880153403643,7.19686|10|15|25|50|51.7947|1000
0.8374880153403643,1.9307|15|22|26.827|35|50|220|1000
0.8374880153403643,7.19686|10|13.895|15|25|50|51.7947|1000
0.8373681687440077,7.19686|10|15|25|26.827|50|51.7947|1000
0.837248322147651,1.9307|15|22|26.827|50|220|1000
0.8364093959731543,10|20|25|40|50|51.7947|1000
0.8362895493767977,10|22|25|40|50|51.7947|1000
0.8362895493767977,10|20|22|25|40|50|51.7947|1000
0.836169702780441,10|21.5443|25|40|50|51.7947|1000
0.836169702780441,10|13.895|20|25|40|50|51.7947|1000
0.836169702780441,10|20|21.5443|25|40|50|51.7947|1000
0.836169702780441,10|21.5443|22|25|40|50|51.7947|1000
0.8360498561840843,10|13.895|22|25|40|50|51.7947|1000
0.8359300095877277,10|13.895|25|40|50|51.7947|1000
0.8359300095877277,10|13.895|21.5443|25|40|50|51.7947|1000
0.8359300095877277,10|20|25|30|35|50|51.7947|1000
0.8359300095877277,10|20|25|35|40|50|51.7947|1000
0.835810162991371,10|20|25|50|51.7947|1000
0.835810162991371,10|22|25|50|51.7947|1000
0.835810162991371,10|20|25|35|50|51.7947|1000
0.835810162991371,10|20|25|26.827|35|50|51.7947|1000
0.835810162991371,10|22|25|30|35|50|51.7947|1000
0.835810162991371,10|22|25|35|40|50|51.7947|1000
0.8356903163950143,10|21.5443|25|50|51.7947|1000
0.8356903163950143,10|20|22|25|50|51.7947|1000
0.8356903163950143,10|21.5443|22|25|50|51.7947|1000
0.8356903163950143,10|22|25|35|50|51.7947|1000
0.8356903163950143,10|25|30|35|50|51.7947|1000
0.8356903163950143,10|25|35|40|50|51.7947|1000
0.8356903163950143,10|20|22|25|35|50|51.7947|1000
0.8356903163950143,10|21.5443|25|30|35|50|51.7947|1000
0.8356903163950143,10|21.5443|25|35|40|50|51.7947|1000
0.8356903163950143,10|22|25|26.827|35|50|51.7947|1000
0.8356903163950143,10|25|26.827|30|35|50|51.7947|1000
0.8356903163950143,10|25|26.827|35|40|50|51.7947|1000
0.8356903163950143,10|25|30|35|40|50|51.7947|1000
0.8355704697986577,10|25|35|50|51.7947|1000
0.8355704697986577,10|13.895|20|25|50|51.7947|1000
0.8355704697986577,10|13.895|22|25|50|51.7947|1000
0.8355704697986577,10|20|21.5443|25|50|51.7947|1000
0.8355704697986577,10|21.5443|25|35|50|51.7947|1000
0.8355704697986577,10|25|26.827|35|50|51.7947|1000
0.8355704697986577,10|13.895|20|25|35|50|51.7947|1000
0.8355704697986577,10|20|21.5443|22|25|50|51.7947|1000
0.8355704697986577,10|20|21.5443|25|35|50|51.7947|1000
0.8355704697986577,10|21.5443|22|25|35|50|51.7947|1000
0.8355704697986577,10|21.5443|25|26.827|35|50|51.7947|1000
0.835450623202301,10|13.895|21.5443|25|50|51.7947|1000
0.835450623202301,10|20|25|30|50|51.7947|1000
0.835450623202301,10|13.895|20|22|25|50|51.7947|1000
0.835450623202301,10|13.895|21.5443|22|25|50|51.7947|1000
0.835450623202301,10|13.895|22|25|35|50|51.7947|1000
0.835450623202301,10|13.895|25|30|35|50|51.7947|1000
0.835450623202301,10|13.895|25|35|40|50|51.7947|1000
0.835450623202301,10|20|25|26.827|30|50|51.7947|1000
0.835450623202301,10|20|25|26.827|40|50|51.7947|1000
0.835450623202301,10|20|25|30|40|50|51.7947|1000
0.8353307766059443,10|13.895|25|35|50|51.7947|1000
0.8353307766059443,10|22|25|30|50|51.7947|1000
0.8353307766059443,10|13.895|20|21.5443|25|50|51.7947|1000
0.8353307766059443,10|13.895|21.5443|25|35|50|51.7947|1000
0.8353307766059443,10|13.895|25|26.827|35|50|51.7947|1000
0.8353307766059443,10|20|22|25|30|50|51.7947|1000
0.8353307766059443,10|22|25|26.827|30|50|51.7947|1000
0.8353307766059443,10|22|25|26.827|40|50|51.7947|1000
0.8353307766059443,10|22|25|30|40|50|51.7947|1000
0.8352109300095877,7.19686|10|20|25|35|50|1000
0.8352109300095877,10|21.5443|25|30|50|51.7947|1000
0.8352109300095877,7.19686|10|20|25|26.827|35|50|1000
0.8352109300095877,10|13.895|20|25|30|50|51.7947|1000
0.8352109300095877,10|20|21.5443|25|30|50|51.7947|1000
0.8352109300095877,10|21.5443|22|25|30|50|51.7947|1000
0.8352109300095877,10|21.5443|25|26.827|30|50|51.7947|1000
0.8352109300095877,10|21.5443|25|26.827|40|50|51.7947|1000
0.8352109300095877,10|21.5443|25|30|40|50|51.7947|1000
0.835091083413231,7.19686|10|13.895|25|35|40|50|1000
0.835091083413231,7.19686|10|20|22|25|35|50|1000
0.835091083413231,7.19686|10|22|25|26.827|35|50|1000
0.835091083413231,7.19686|10|25|26.827|35|40|50|1000
0.835091083413231,10|13.895|15|25|40|50|51.7947|1000
0.835091083413231,10|13.895|22|25|30|50|51.7947|1000
0.8349712368168744,7.19686|10|13.895|25|35|50|1000
0.8349712368168744,7.19686|10|21.5443|25|35|50|1000
0.8349712368168744,7.19686|10|25|26.827|35|50|1000
0.8349712368168744,10|13.895|25|30|50|51.7947|1000
0.8349712368168744,10|22|25|26.827|50|51.7947|1000
0.8349712368168744,7.19686|10|13.895|21.5443|25|35|50|1000
0.8349712368168744,7.19686|10|13.895|25|26.827|35|50|1000
0.8349712368168744,7.19686|10|20|21.5443|25|35|50|1000
0.8349712368168744,7.19686|10|21.5443|25|26.827|35|50|1000
0.8349712368168744,10|13.895|21.5443|25|30|50|51.7947|1000
0.8349712368168744,10|13.895|25|26.827|30|50|51.7947|1000
0.8349712368168744,10|13.895|25|26.827|40|50|51.7947|1000
0.8349712368168744,10|13.895|25|30|40|50|51.7947|1000
0.8348513902205177,10|20|25|26.827|50|51.7947|1000
0.8348513902205177,10|21.5443|25|26.827|50|51.7947|1000
0.8348513902205177,10|21.5443|22|25|26.827|50|51.7947|1000
0.834731543624161,10|13.895|25|50|51.7947|1000
0.834731543624161,10|20|22|35|51.7947|1000
0.834731543624161,10|13.895|22|25|26.827|50|51.7947|1000
0.834731543624161,10|20|22|25|26.827|50|51.7947|1000
0.8346116970278044,10|22|35|51.7947|1000
0.8346116970278044,10|20|21.5443|35|51.7947|1000
0.8346116970278044,7.19686|10|25|26.827|40|50|1000
0.8346116970278044,10|13.895|25|26.827|50|51.7947|1000
0.8346116970278044,10|20|21.5443|22|35|51.7947|1000
0.8346116970278044,7.19686|10|13.895|25|26.827|40|50|1000
0.8346116970278044,10|13.895|20|25|26.827|50|51.7947|1000
0.8346116970278044,10|13.895|21.5443|25|26.827|50|51.7947|1000
0.8346116970278044,10|15|25|30|35|50|51.7947|1000
0.8346116970278044,10|15|25|35|40|50|51.7947|1000
0.8346116970278044,10|20|21.5443|25|26.827|50|51.7947|1000
0.8344918504314478,10|21.5443|35|51.7947|1000
0.8344918504314478,10|21.5443|22|35|51.7947|1000
0.8344918504314478,10|22|26.827|35|51.7947|1000
0.8344918504314478,10|15|25|35|50|51.7947|1000
0.8344918504314478,10|20|22|26.827|35|51.7947|1000
0.8344918504314478,10|13.895|15|25|35|50|51.7947|1000
0.8344918504314478,10|15|25|26.827|35|50|51.7947|1000
0.8343720038350911,10|21.5443|26.827|35|51.7947|1000
0.8343720038350911,7.19686|10|22|25|26.827|50|1000
0.8343720038350911,10|20|21.5443|26.827|35|51.7947|1000
0.8343720038350911,10|21.5443|22|26.827|35|51.7947|1000
0.8343720038350911,7.19686|10|13.895|22|25|26.827|50|1000
0.8343720038350911,10|20|21.5443|22|26.827|35|51.7947|1000
0.8342521572387345,7.19686|10|25|26.827|50|1000
0.8342521572387345,7.19686|10|13.895|25|26.827|50|1000
0.8342521572387345,10|15|30|35|50|51.7947|1000
0.8342521572387345,10|15|26.827|30|35|50|51.7947|1000
0.8342521572387345,10|15|30|35|40|50|51.7947|1000
0.8341323106423778,10|13.895|15|25|30|50|51.7947|1000
0.8340124640460211,10|20|51.7947|1000
0.8340124640460211,22|30|35|1000
0.8338926174496645,10|22|26.827|51.7947|1000
0.8338926174496645,10|13.895|15|25|50|51.7947|1000
0.8337727708533078,10|22|51.7947|1000
0.8337727708533078,10|20|22|51.7947|1000
0.8337727708533078,10|21.5443|26.827|51.7947|1000
0.8337727708533078,10|20|25|40|50|1000
0.8337727708533078,10|21.5443|22|26.827|51.7947|1000
0.8337727708533078,10|13.895|15|25|26.827|50|51.7947|1000
0.8336529242569511,10|21.5443|51.7947|1000
0.8336529242569511,10|20|21.5443|51.7947|1000
0.8336529242569511,10|21.5443|22|51.7947|1000
0.8336529242569511,10|20|21.5443|22|51.7947|1000
0.8336529242569511,10|22|25|40|50|1000
0.8336529242569511,10|15|26.827|30|50|51.7947|1000
0.8336529242569511,10|20|22|25|40|50|1000
0.8336529242569511,10|13.895|15|26.827|30|50|51.7947|1000
0.8336529242569511,10|15|26.827|30|40|50|51.7947|1000
0.8335330776605945,10|25|40|50|1000
0.8335330776605945,10|21.5443|25|40|50|1000
0.8335330776605945,10|20|21.5443|25|40|50|1000
0.8335330776605945,10|21.5443|22|25|40|50|1000
0.8335330776605945,10|20|21.5443|22|25|40|50|1000
0.8334132310642378,10|13.895|22|25|40|50|1000
0.8334132310642378,10|13.895|20|22|25|40|50|1000
0.8332933844678811,10|13.895|25|40|50|1000
0.8332933844678811,10|13.895|21.5443|25|40|50|1000
0.8332933844678811,10|20|25|30|35|50|1000
0.8332933844678811,10|20|25|35|40|50|1000
0.8332933844678811,10|13.895|20|21.5443|25|40|50|1000
0.8332933844678811,10|13.895|21.5443|22|25|40|50|1000
0.8332933844678811,10|20|25|26.827|30|35|50|1000
0.8332933844678811,10|20|25|26.827|35|40|50|1000
0.8332933844678811,10|20|25|30|35|40|50|1000
0.8331735378715245,10|20|25|50|1000
0.8331735378715245,10|22|25|50|1000
0.8331735378715245,10|20|25|35|50|1000
0.8331735378715245,10|20|25|26.827|35|50|1000
0.8331735378715245,10|22|25|30|35|50|1000
0.8331735378715245,10|22|25|35|40|50|1000
0.8331735378715245,10|20|22|25|30|35|50|1000
0.8331735378715245,10|20|22|25|35|40|50|1000
0.8331735378715245,10|22|25|26.827|30|35|50|1000
0.8331735378715245,10|22|25|26.827|35|40|50|1000
0.8331735378715245,10|22|25|30|35|40|50|1000
0.8330536912751678,10|21.5443|25|50|1000
0.8330536912751678,10|20|22|25|50|1000
0.8330536912751678,10|21.5443|22|25|50|1000
0.8330536912751678,10|22|25|35|50|1000
0.8330536912751678,10|25|30|35|50|1000
0.8330536912751678,10|25|35|40|50|1000
0.8330536912751678,10|20|22|25|35|50|1000
0.8330536912751678,10|21.5443|25|30|35|50|1000
0.8330536912751678,10|21.5443|25|35|40|50|1000
0.8330536912751678,10|22|25|26.827|35|50|1000
0.8330536912751678,10|25|26.827|30|35|50|1000
0.8330536912751678,10|25|26.827|35|40|50|1000
0.8330536912751678,10|25|30|35|40|50|1000
0.8330536912751678,10|20|21.5443|25|30|35|50|1000
0.8330536912751678,10|20|21.5443|25|35|40|50|1000
0.8330536912751678,10|20|22|25|26.827|35|50|1000
0.8330536912751678,10|21.5443|22|25|30|35|50|1000
0.8330536912751678,10|21.5443|22|25|35|40|50|1000
0.8330536912751678,10|21.5443|25|26.827|30|35|50|1000
0.8330536912751678,10|21.5443|25|26.827|35|40|50|1000
0.8330536912751678,10|21.5443|25|30|35|40|50|1000
0.8330536912751678,10|25|26.827|30|35|40|50|1000
0.8329338446788112,10|25|35|50|1000
0.8329338446788112,21.5443|22|30|35|1000
0.8329338446788112,10|13.895|22|25|50|1000
0.8329338446788112,10|20|21.5443|25|50|1000
0.8329338446788112,10|21.5443|25|35|50|1000
0.8329338446788112,10|25|26.827|35|50|1000
0.8329338446788112,10|20|21.5443|22|25|50|1000
0.8329338446788112,10|20|21.5443|25|35|50|1000
0.8329338446788112,10|21.5443|22|25|35|50|1000
0.8329338446788112,10|21.5443|25|26.827|35|50|1000
0.8329338446788112,10|13.895|22|25|30|35|50|1000
0.8329338446788112,10|13.895|22|25|35|40|50|1000
0.8329338446788112,10|20|21.5443|22|25|35|50|1000
0.8329338446788112,10|20|21.5443|25|26.827|35|50|1000
0.8329338446788112,10|21.5443|22|25|26.827|35|50|1000
0.8328139980824545,10|13.895|21.5443|25|50|1000
0.8328139980824545,10|20|25|30|50|1000
0.8328139980824545,10|13.895|21.5443|22|25|50|1000
0.8328139980824545,10|13.895|22|25|35|50|1000
0.8328139980824545,10|13.895|25|30|35|50|1000
0.8328139980824545,10|13.895|25|35|40|50|1000
0.8328139980824545,10|20|25|26.827|30|50|1000
0.8328139980824545,10|20|25|26.827|40|50|1000
0.8328139980824545,10|20|25|30|40|50|1000
0.8328139980824545,10|13.895|20|22|25|35|50|1000
0.8328139980824545,10|13.895|21.5443|25|30|35|50|1000
0.8328139980824545,10|13.895|21.5443|25|35|40|50|1000
0.8328139980824545,10|13.895|22|25|26.827|35|50|1000
0.8328139980824545,10|13.895|25|26.827|30|35|50|1000
0.8328139980824545,10|13.895|25|26.827|35|40|50|1000
0.8328139980824545,10|13.895|25|30|35|40|50|1000
0.8328139980824545,10|20|25|26.827|30|40|50|1000
0.8326941514860978,10|13.895|25|35|50|1000
0.8326941514860978,10|22|25|30|50|1000
0.8326941514860978,10|13.895|20|21.5443|25|50|1000
0.8326941514860978,10|13.895|21.5443|25|35|50|1000
0.8326941514860978,10|13.895|25|26.827|35|50|1000
0.8326941514860978,10|20|22|25|30|50|1000
0.8326941514860978,10|22|25|26.827|30|50|1000
0.8326941514860978,10|22|25|26.827|40|50|1000
0.8326941514860978,10|22|25|30|40|50|1000
0.8326941514860978,10|13.895|20|21.5443|22|25|50|1000
0.8326941514860978,10|13.895|20|21.5443|25|35|50|1000
0.8326941514860978,10|13.895|21.5443|22|25|35|50|1000
0.8326941514860978,10|13.895|21.5443|25|26.827|35|50|1000
0.8326941514860978,10|20|22|25|26.827|30|50|1000
0.8326941514860978,10|20|22|25|26.827|40|50|1000
0.8326941514860978,10|20|22|25|30|40|50|1000
0.8326941514860978,10|22|25|26.827|30|40|50|1000
0.8325743048897412,10|25|30|50|1000
0.8325743048897412,10|15|30|50|51.7947|1000
0.8325743048897412,10|21.5443|25|30|50|1000
0.8325743048897412,10|25|26.827|30|50|1000
0.8325743048897412,10|25|26.827|40|50|1000
0.8325743048897412,10|25|30|40|50|1000
0.8325743048897412,10|15|30|40|50|51.7947|1000
0.8325743048897412,10|20|21.5443|25|30|50|1000
0.8325743048897412,10|21.5443|22|25|30|50|1000
0.8325743048897412,10|21.5443|25|26.827|30|50|1000
0.8325743048897412,10|21.5443|25|26.827|40|50|1000
0.8325743048897412,10|21.5443|25|30|40|50|1000
0.8325743048897412,10|25|26.827|30|40|50|1000
0.8325743048897412,10|20|21.5443|22|25|30|50|1000
0.8325743048897412,10|20|21.5443|25|26.827|30|50|1000
0.8325743048897412,10|20|21.5443|25|26.827|40|50|1000
0.8325743048897412,10|20|21.5443|25|30|40|50|1000
0.8325743048897412,10|21.5443|22|25|26.827|30|50|1000
0.8325743048897412,10|21.5443|22|25|26.827|40|50|1000
0.8325743048897412,10|21.5443|22|25|30|40|50|1000
0.8325743048897412,10|21.5443|25|26.827|30|40|50|1000
0.8324544582933845,10|15|25|40|50|1000
0.8324544582933845,10|13.895|15|25|40|50|1000
0.8324544582933845,10|13.895|22|25|30|50|1000
0.8324544582933845,10|13.895|20|22|25|30|50|1000
0.8324544582933845,10|13.895|22|25|26.827|30|50|1000
0.8324544582933845,10|13.895|22|25|26.827|40|50|1000
0.8324544582933845,10|13.895|22|25|30|40|50|1000
0.8323346116970278,22|30|1000
0.8323346116970278,10|25|50|1000
0.8323346116970278,10|13.895|25|30|50|1000
0.8323346116970278,10|22|25|26.827|50|1000
0.8323346116970278,10|13.895|21.5443|25|30|50|1000
0.8323346116970278,10|13.895|25|26.827|30|50|1000
0.8323346116970278,10|13.895|25|26.827|40|50|1000
0.8323346116970278,10|13.895|25|30|40|50|1000
0.8323346116970278,10|13.895|20|21.5443|25|30|50|1000
0.8323346116970278,10|13.895|21.5443|22|25|30|50|1000
0.8323346116970278,10|13.895|21.5443|25|26.827|30|50|1000
0.8323346116970278,10|13.895|21.5443|25|26.827|40|50|1000
0.8323346116970278,10|13.895|21.5443|25|30|40|50|1000
0.8323346116970278,10|13.895|25|26.827|30|40|50|1000
0.8322147651006712,21.5443|22|30|1000
0.8322147651006712,10|25|26.827|50|1000
0.8322147651006712,10|20|25|26.827|50|1000
0.8322147651006712,10|21.5443|25|26.827|50|1000
0.8322147651006712,10|21.5443|22|25|26.827|50|1000
0.8320949185043145,10|13.895|25|50|1000
0.8320949185043145,10|13.895|22|25|26.827|50|1000
0.8320949185043145,10|20|22|25|26.827|50|1000
0.8319750719079578,10|13.895|25|26.827|50|1000
0.8319750719079578,10|13.895|21.5443|25|26.827|50|1000
0.8319750719079578,10|15|25|30|35|50|1000
0.8319750719079578,10|15|25|35|40|50|1000
0.8319750719079578,10|20|21.5443|25|26.827|50|1000
0.8319750719079578,10|13.895|15|25|30|35|50|1000
0.8319750719079578,10|13.895|15|25|35|40|50|1000
0.8319750719079578,10|13.895|21.5443|22|25|26.827|50|1000
0.8319750719079578,10|15|25|26.827|30|35|50|1000
0.8319750719079578,10|15|25|26.827|35|40|50|1000
0.8319750719079578,10|15|25|30|35|40|50|1000
0.8319750719079578,10|20|21.5443|22|25|26.827|50|1000
0.8318552253116012,10|15|25|35|50|1000
0.8318552253116012,10|13.895|15|25|35|50|1000
0.8318552253116012,10|15|25|26.827|35|50|1000
0.8318552253116012,10|13.895|15|25|26.827|35|50|1000
0.8318552253116012,10|13.895|20|22|25|26.827|50|1000
0.8317353787152445,10|13.895|20|21.5443|25|26.827|50|1000
0.8316155321188878,10|15|26.827|30|35|50|1000
0.8316155321188878,10|13.895|15|26.827|30|35|50|1000
0.8316155321188878,10|15|26.827|30|35|40|50|1000
0.8314956855225312,10|15|25|30|50|1000
0.8314956855225312,10|13.895|15|25|30|50|1000
0.8314956855225312,10|15|25|26.827|30|50|1000
0.8314956855225312,10|15|25|26.827|40|50|1000
0.8314956855225312,10|15|25|30|40|50|1000
0.8314956855225312,10|13.895|15|25|26.827|30|50|1000
0.8314956855225312,10|13.895|15|25|26.827|40|50|1000
0.8314956855225312,10|13.895|15|25|30|40|50|1000
0.8314956855225312,10|15|25|26.827|30|40|50|1000
0.8313758389261745,7.19686|20|25|40|51.7947|220
0.8313758389261745,7.19686|20|22|25|40|51.7947|220
0.8313758389261745,7.19686|20|25|26.827|30|51.7947|220
0.8313758389261745,7.19686|20|25|26.827|40|51.7947|220
0.8313758389261745,7.19686|20|21.5443|25|26.827|30|51.7947|220
0.8313758389261745,7.19686|20|21.5443|25|26.827|40|51.7947|220
0.8313758389261745,7.19686|20|22|25|26.827|30|51.7947|220
0.8313758389261745,7.19686|20|22|25|26.827|40|51.7947|220
0.8313758389261745,7.19686|20|25|26.827|30|35|51.7947|220
0.8313758389261745,7.19686|20|25|26.827|30|40|51.7947|220
0.8313758389261745,7.19686|20|25|26.827|35|40|51.7947|220
0.8312559923298178,10|15|25|50|1000
0.8312559923298178,7.19686|20|25|30|51.7947|220
0.8312559923298178,10|13.895|15|25|50|1000
0.8312559923298178,7.19686|20|21.5443|25|40|51.7947|220
0.8312559923298178,7.19686|20|22|25|30|51.7947|220
0.8312559923298178,7.19686|20|25|26.827|35|51.7947|220
0.8312559923298178,7.19686|20|25|30|35|51.7947|220
0.8312559923298178,7.19686|20|25|30|40|51.7947|220
0.8312559923298178,7.19686|20|21.5443|22|25|40|51.7947|220
0.8312559923298178,7.19686|20|21.5443|25|26.827|35|51.7947|220
0.8312559923298178,7.19686|20|22|25|26.827|35|51.7947|220
0.8312559923298178,7.19686|20|22|25|30|35|51.7947|220
0.8312559923298178,7.19686|20|22|25|30|40|51.7947|220
0.8312559923298178,7.19686|20|25|30|35|40|51.7947|220
0.8311361457334612,10|15|25|26.827|50|1000
0.8311361457334612,7.19686|20|21.5443|25|30|51.7947|220
0.8311361457334612,10|13.895|15|25|26.827|50|1000
0.8311361457334612,7.19686|20|21.5443|22|25|30|51.7947|220
0.8311361457334612,7.19686|20|21.5443|25|30|35|51.7947|220
0.8311361457334612,7.19686|20|21.5443|25|30|40|51.7947|220
0.8310162991371045,10|15|26.827|30|50|1000
0.8310162991371045,7.19686|20|25|35|40|51.7947|220
0.8310162991371045,10|13.895|15|26.827|30|50|1000
0.8310162991371045,10|15|26.827|30|40|50|1000
0.8310162991371045,7.19686|20|22|25|35|40|51.7947|220
0.8310162991371045,10|13.895|15|26.827|30|40|50|1000
0.8308964525407478,7.19686|20|25|35|51.7947|220
0.8308964525407478,7.19686|20|22|25|35|51.7947|220
0.8308964525407478,7.19686|10|20|25|26.827|35|51.7947|220
0.8308964525407478,7.19686|10|20|25|35|40|51.7947|220
0.8308964525407478,7.19686|20|21.5443|25|35|40|51.7947|220
0.8307766059443912,7.19686|20|25|51.7947|220
0.8307766059443912,7.19686|20|22|25|51.7947|220
0.8307766059443912,7.19686|20|25|26.827|51.7947|220
0.8307766059443912,7.19686|10|20|25|35|51.7947|220
0.8307766059443912,7.19686|20|21.5443|25|26.827|51.7947|220
0.8307766059443912,7.19686|20|21.5443|25|35|51.7947|220
0.8307766059443912,7.19686|20|22|25|26.827|51.7947|220
0.8307766059443912,7.19686|10|20|21.5443|25|35|51.7947|220
0.8307766059443912,7.19686|10|20|22|25|35|51.7947|220
0.8307766059443912,7.19686|20|21.5443|22|25|26.827|51.7947|220
0.8307766059443912,7.19686|20|21.5443|22|25|35|51.7947|220
0.8306567593480345,7.19686|20|21.5443|25|51.7947|220
0.8306567593480345,7.19686|20|21.5443|22|25|51.7947|220
0.8305369127516778,7.19686|10|20|25|40|51.7947|220
0.8305369127516778,7.19686|10|20|21.5443|25|40|51.7947|220
0.8305369127516778,7.19686|10|20|22|25|40|51.7947|220
0.8305369127516778,7.19686|10|20|25|26.827|40|51.7947|220
0.8301773729626079,7.19686|10|15|20|25|35|51.7947|220
0.8301773729626079,7.19686|10|20|25|30|35|51.7947|220
0.8300575263662512,7.19686|10|21.5443|25|26.827|35|51.7947|220
0.8300575263662512,7.19686|10|21.5443|25|35|40|51.7947|220
0.8300575263662512,7.19686|10|22|25|26.827|35|51.7947|220
0.8300575263662512,7.19686|10|22|25|35|40|51.7947|220
0.8300575263662512,7.19686|10|25|26.827|35|40|51.7947|220
0.8299376797698945,7.19686|10|20|25|51.7947|220
0.8299376797698945,7.19686|10|20|21.5443|25|51.7947|220
0.8299376797698945,7.19686|10|20|22|25|51.7947|220
0.8299376797698945,7.19686|10|20|25|26.827|51.7947|220
0.8299376797698945,7.19686|10|21.5443|25|35|51.7947|220
0.8299376797698945,7.19686|10|22|25|35|51.7947|220
0.8299376797698945,7.19686|10|25|26.827|35|51.7947|220
0.8299376797698945,7.19686|10|25|35|40|51.7947|220
0.8299376797698945,7.19686|10|15|20|25|40|51.7947|220
0.8299376797698945,7.19686|10|20|21.5443|22|25|51.7947|220
0.8299376797698945,7.19686|10|20|21.5443|25|26.827|51.7947|220
0.8299376797698945,7.19686|10|20|22|25|26.827|51.7947|220
0.8299376797698945,7.19686|10|21.5443|22|25|35|51.7947|220
0.8298178331735379,7.19686|10|25|35|51.7947|220
0.8296979865771812,7.19686|10|20|25|30|51.7947|220
0.8296979865771812,7.19686|10|21.5443|25|40|51.7947|220
0.8296979865771812,7.19686|10|22|25|40|51.7947|220
0.8296979865771812,7.19686|10|20|21.5443|25|30|51.7947|220
0.8296979865771812,7.19686|10|20|22|25|30|51.7947|220
0.8296979865771812,7.19686|10|20|25|26.827|30|51.7947|220
0.8296979865771812,7.19686|10|20|25|30|40|51.7947|220
0.8296979865771812,7.19686|10|21.5443|22|25|40|51.7947|220
0.8296979865771812,7.19686|10|21.5443|25|26.827|40|51.7947|220
0.8296979865771812,7.19686|10|22|25|26.827|40|51.7947|220
0.8295781399808245,7.19686|10|25|40|51.7947|220
0.8295781399808245,7.19686|10|25|26.827|40|51.7947|220
0.8293384467881112,7.19686|10|15|20|25|51.7947|220
0.8293384467881112,7.19686|10|21.5443|25|26.827|51.7947|220
0.8293384467881112,7.19686|10|22|25|26.827|51.7947|220
0.8293384467881112,10|20|22|35|50|51.7947|1000
0.8293384467881112,7.19686|10|15|20|21.5443|25|51.7947|220
0.8293384467881112,7.19686|10|15|20|22|25|51.7947|220
0.8293384467881112,7.19686|10|15|20|25|26.827|51.7947|220
0.8293384467881112,7.19686|10|15|21.5443|25|35|51.7947|220
0.8293384467881112,7.19686|10|15|22|25|35|51.7947|220
0.8293384467881112,7.19686|10|15|25|26.827|35|51.7947|220
0.8293384467881112,7.19686|10|15|25|35|40|51.7947|220
0.8293384467881112,7.19686|10|21.5443|22|25|26.827|51.7947|220
0.8293384467881112,7.19686|10|21.5443|25|30|35|51.7947|220
0.8293384467881112,7.19686|10|22|25|30|35|51.7947|220
0.8292186001917545,7.19686|10|21.5443|25|51.7947|220
0.8292186001917545,7.19686|10|22|25|51.7947|220
0.8292186001917545,7.19686|10|25|26.827|51.7947|220
0.8292186001917545,10|22|35|50|51.7947|1000
0.8292186001917545,7.19686|10|13.895|25|26.827|51.7947|220
0.8292186001917545,7.19686|10|15|25|35|51.7947|220
0.8292186001917545,7.19686|10|21.5443|22|25|51.7947|220
0.8292186001917545,7.19686|10|25|30|35|51.7947|220
0.8292186001917545,10|20|21.5443|35|50|51.7947|1000
0.8292186001917545,7.19686|10|25|26.827|30|35|51.7947|220
0.8292186001917545,7.19686|10|25|30|35|40|51.7947|220
0.8292186001917545,10|20|21.5443|22|35|50|51.7947|1000
0.8290987535953979,10|21.5443|35|50|51.7947|1000
0.8290987535953979,10|21.5443|22|35|50|51.7947|1000
0.8290987535953979,7.19686|10|15|20|25|30|51.7947|220
0.8290987535953979,7.19686|10|15|21.5443|25|40|51.7947|220
0.8290987535953979,7.19686|10|15|22|25|40|51.7947|220
0.8289789069990412,7.19686|10|15|25|40|51.7947|220
0.8289789069990412,7.19686|15|20|25|35|51.7947|220
0.8289789069990412,10|22|26.827|35|50|51.7947|1000
0.8289789069990412,7.19686|15|20|22|25|35|51.7947|220
0.8289789069990412,10|20|22|26.827|35|50|51.7947|1000
0.8288590604026845,7.19686|10|21.5443|25|30|51.7947|220
0.8288590604026845,7.19686|10|22|25|30|51.7947|220
0.8288590604026845,10|21.5443|26.827|35|50|51.7947|1000
0.8288590604026845,7.19686|10|21.5443|22|25|30|51.7947|220
0.8288590604026845,7.19686|10|21.5443|25|26.827|30|51.7947|220
0.8288590604026845,7.19686|10|21.5443|25|30|40|51.7947|220
0.8288590604026845,7.19686|10|22|25|26.827|30|51.7947|220
0.8288590604026845,7.19686|10|22|25|30|40|51.7947|220
0.8288590604026845,7.19686|15|20|21.5443|25|35|51.7947|220
0.8288590604026845,10|20|21.5443|26.827|35|50|51.7947|1000
0.8288590604026845,10|21.5443|22|26.827|35|50|51.7947|1000
0.8287392138063279,7.19686|10|25|30|51.7947|220
0.8287392138063279,7.19686|10|25|26.827|30|51.7947|220
0.8287392138063279,7.19686|10|25|30|40|51.7947|220
0.8287392138063279,7.19686|10|15|21.5443|25|26.827|51.7947|220
0.8287392138063279,7.19686|10|15|22|25|26.827|51.7947|220
0.8287392138063279,7.19686|10|25|26.827|30|40|51.7947|220
0.8286193672099712,7.19686|10|15|21.5443|25|51.7947|220
0.8286193672099712,7.19686|10|15|22|25|51.7947|220
0.8286193672099712,7.19686|10|15|25|26.827|51.7947|220
0.8286193672099712,7.19686|10|20|35|40|51.7947|220
0.8286193672099712,7.19686|10|13.895|15|25|26.827|51.7947|220
0.8286193672099712,7.19686|10|15|21.5443|22|25|51.7947|220
0.8286193672099712,7.19686|10|15|25|30|35|51.7947|220
0.8286193672099712,7.19686|10|20|21.5443|35|40|51.7947|220
0.8286193672099712,7.19686|10|20|22|35|40|51.7947|220
0.8283796740172579,7.19686|10|25|51.7947|220
0.8283796740172579,7.19686|10|13.895|25|51.7947|220
0.8283796740172579,10|22|26.827|50|51.7947|1000
0.8283796740172579,7.19686|10|20|26.827|35|40|51.7947|220
0.8282598274209012,10|21.5443|26.827|50|51.7947|1000
0.8282598274209012,10|21.5443|22|26.827|50|51.7947|1000
0.8282598274209012,7.19686|10|15|21.5443|25|30|51.7947|220
0.8282598274209012,7.19686|10|15|22|25|30|51.7947|220
0.8281399808245445,7.19686|10|20|40|51.7947|220
0.8281399808245445,7.19686|10|15|25|30|51.7947|220
0.8281399808245445,7.19686|10|20|21.5443|40|51.7947|220
0.8281399808245445,7.19686|10|20|22|40|51.7947|220
0.8281399808245445,7.19686|10|15|25|26.827|30|51.7947|220
0.8281399808245445,7.19686|10|15|25|30|40|51.7947|220
0.8281399808245445,7.19686|10|20|21.5443|22|40|51.7947|220
0.8280201342281879,7.19686|10|20|26.827|40|51.7947|220
0.8280201342281879,7.19686|10|20|21.5443|26.827|40|51.7947|220
0.8280201342281879,7.19686|10|20|22|26.827|40|51.7947|220
0.8279002876318312,7.19686|10|20|30|35|51.7947|220
0.8279002876318312,7.19686|10|20|21.5443|30|35|51.7947|220
0.8279002876318312,7.19686|10|20|22|30|35|51.7947|220
0.8279002876318312,7.19686|10|20|30|35|40|51.7947|220
0.8279002876318312,10|20|25|26.827|35|40|51.7947|220
0.8277804410354745,7.19686|10|15|25|51.7947|220
0.8277804410354745,7.19686|10|13.895|15|25|51.7947|220
0.8277804410354745,10|20|25|26.827|35|51.7947|220
0.8277804410354745,10|20|25|35|40|51.7947|220
0.8276605944391179,10|20|25|35|51.7947|220
0.8276605944391179,7.19686|10|21.5443|35|40|51.7947|220
0.8276605944391179,7.19686|10|22|35|40|51.7947|220
0.8276605944391179,7.19686|10|13.895|21.5443|35|40|51.7947|220
0.8276605944391179,7.19686|10|13.895|22|35|40|51.7947|220
0.8276605944391179,7.19686|10|21.5443|22|35|40|51.7947|220
0.8275407478427612,7.19686|10|20|26.827|30|35|51.7947|220
0.8275407478427612,7.19686|10|21.5443|26.827|35|40|51.7947|220
0.8275407478427612,7.19686|10|22|26.827|35|40|51.7947|220
0.8275407478427612,10|13.895|20|25|26.827|35|51.7947|220
0.8275407478427612,10|13.895|20|25|35|40|51.7947|220
0.8274209012464045,10|20|25|40|51.7947|220
0.8274209012464045,10|13.895|20|25|35|51.7947|220
0.8274209012464045,10|20|25|26.827|40|51.7947|220
0.8273010546500479,7.19686|10|20|30|51.7947|220
0.8273010546500479,7.19686|10|20|21.5443|30|51.7947|220
0.8273010546500479,7.19686|10|20|22|30|51.7947|220
0.8273010546500479,7.19686|10|20|30|40|51.7947|220
0.8273010546500479,7.19686|10|13.895|20|21.5443|30|51.7947|220
0.8273010546500479,7.19686|10|13.895|20|22|30|51.7947|220
0.8273010546500479,7.19686|10|20|21.5443|22|30|51.7947|220
0.8273010546500479,7.19686|10|20|21.5443|30|40|51.7947|220
0.8273010546500479,7.19686|10|20|22|30|40|51.7947|220
0.8271812080536913,7.19686|10|21.5443|40|51.7947|220
0.8271812080536913,7.19686|10|22|40|51.7947|220
0.8271812080536913,7.19686|10|20|26.827|30|51.7947|220
0.8271812080536913,7.19686|10|21.5443|22|40|51.7947|220
0.8271812080536913,7.19686|10|21.5443|26.827|40|51.7947|220
0.8271812080536913,7.19686|10|22|26.827|40|51.7947|220
0.8271812080536913,10|13.895|20|25|40|51.7947|220
0.8271812080536913,7.19686|10|20|21.5443|26.827|30|51.7947|220
0.8271812080536913,7.19686|10|20|22|26.827|30|51.7947|220
0.8271812080536913,7.19686|10|20|26.827|30|40|51.7947|220
0.8271812080536913,7.19686|10|21.5443|22|26.827|40|51.7947|220
0.8271812080536913,10|13.895|20|25|26.827|40|51.7947|220
0.8270613614573347,10|20|25|30|35|51.7947|220
0.8270613614573347,10|20|25|26.827|30|35|51.7947|220
0.8270613614573347,10|20|25|30|35|40|51.7947|220
0.826941514860978,7.19686|10|21.5443|30|35|51.7947|220
0.826941514860978,7.19686|10|22|30|35|51.7947|220
0.826941514860978,10|21.5443|25|35|40|51.7947|220
0.826941514860978,10|22|25|35|40|51.7947|220
0.826941514860978,10|25|26.827|35|40|51.7947|220
0.826941514860978,7.19686|10|13.895|21.5443|30|35|51.7947|220
0.826941514860978,7.19686|10|13.895|22|30|35|51.7947|220
0.826941514860978,7.19686|10|21.5443|22|30|35|51.7947|220
0.826941514860978,7.19686|10|21.5443|30|35|40|51.7947|220
0.826941514860978,7.19686|10|22|30|35|40|51.7947|220
0.826941514860978,10|21.5443|22|25|35|40|51.7947|220
0.8268216682646213,10|20|25|51.7947|220
0.8268216682646213,10|20|25|26.827|51.7947|220
0.8268216682646213,10|21.5443|25|35|51.7947|220
0.8268216682646213,10|22|25|35|51.7947|220
0.8268216682646213,10|25|26.827|35|51.7947|220
0.8268216682646213,10|25|35|40|51.7947|220
0.8268216682646213,10|21.5443|22|25|35|51.7947|220
0.8268216682646213,10|13.895|20|25|30|35|51.7947|220
0.8267018216682647,10|25|35|51.7947|220
0.8267018216682647,10|20|22|35|50|1000
0.8267018216682647,7.19686|10|21.5443|26.827|30|35|51.7947|220
0.8267018216682647,7.19686|10|22|26.827|30|35|51.7947|220
0.8267018216682647,10|13.895|25|26.827|35|40|51.7947|220
0.8267018216682647,10|15|20|25|26.827|35|51.7947|220
0.8267018216682647,10|15|20|25|35|40|51.7947|220
0.826581975071908,10|22|35|50|1000
0.826581975071908,10|13.895|20|25|51.7947|220
0.826581975071908,10|20|25|30|51.7947|220
0.826581975071908,10|21.5443|25|40|51.7947|220
0.826581975071908,10|22|25|40|51.7947|220
0.826581975071908,10|20|21.5443|35|50|1000
0.826581975071908,10|13.895|20|25|26.827|51.7947|220
0.826581975071908,10|13.895|25|26.827|35|51.7947|220
0.826581975071908,10|13.895|25|35|40|51.7947|220
0.826581975071908,10|15|20|25|35|51.7947|220
0.826581975071908,10|20|25|26.827|30|51.7947|220
0.826581975071908,10|20|25|30|40|51.7947|220
0.826581975071908,10|21.5443|22|25|40|51.7947|220
0.826581975071908,10|20|21.5443|22|35|50|1000
0.826581975071908,10|13.895|15|20|25|35|51.7947|220
0.826581975071908,10|20|25|26.827|30|40|51.7947|220
0.8264621284755513,10|25|40|51.7947|220
0.8264621284755513,10|21.5443|35|50|1000
0.8264621284755513,10|13.895|25|35|51.7947|220
0.8264621284755513,10|25|26.827|40|51.7947|220
0.8264621284755513,10|21.5443|22|35|50|1000
0.8263422818791947,7.19686|10|21.5443|30|51.7947|220
0.8263422818791947,7.19686|10|22|30|51.7947|220
0.8263422818791947,10|22|26.827|35|50|1000
0.8263422818791947,7.19686|10|13.895|21.5443|30|51.7947|220
0.8263422818791947,7.19686|10|13.895|22|30|51.7947|220
0.8263422818791947,7.19686|10|21.5443|22|30|51.7947|220
0.8263422818791947,7.19686|10|21.5443|26.827|30|51.7947|220
0.8263422818791947,7.19686|10|21.5443|30|40|51.7947|220
0.8263422818791947,7.19686|10|22|26.827|30|51.7947|220
0.8263422818791947,7.19686|10|22|30|40|51.7947|220
0.8263422818791947,7.19686|10|26.827|35|40|51.7947|220
0.8263422818791947,10|13.895|20|25|30|51.7947|220
0.8263422818791947,10|15|20|25|40|51.7947|220
0.8263422818791947,10|20|22|26.827|35|50|1000
0.8263422818791947,7.19686|10|13.895|21.5443|22|30|51.7947|220
0.8263422818791947,7.19686|10|13.895|21.5443|26.827|30|51.7947|220
0.8263422818791947,7.19686|10|13.895|22|26.827|30|51.7947|220
0.8263422818791947,7.19686|10|21.5443|22|26.827|30|51.7947|220
0.8263422818791947,7.19686|10|21.5443|22|30|40|51.7947|220
0.8263422818791947,7.19686|10|21.5443|26.827|30|40|51.7947|220
0.8263422818791947,7.19686|10|22|26.827|30|40|51.7947|220
0.8263422818791947,10|13.895|15|20|25|40|51.7947|220
0.8263422818791947,10|13.895|20|25|26.827|30|51.7947|220
0.8263422818791947,10|13.895|20|25|30|40|51.7947|220
0.8263422818791947,10|15|20|25|26.827|40|51.7947|220
0.826222435282838,7.19686|10|20|35|51.7947|220
0.826222435282838,10|13.895|25|40|51.7947|220
0.826222435282838,10|21.5443|26.827|35|50|1000
0.826222435282838,7.19686|10|20|21.5443|35|51.7947|220
0.826222435282838,7.19686|10|20|22|35|51.7947|220
0.826222435282838,10|13.895|25|26.827|40|51.7947|220
0.826222435282838,10|21.5443|25|30|35|51.7947|220
0.826222435282838,10|22|25|30|35|51.7947|220
0.826222435282838,10|20|21.5443|26.827|35|50|1000
0.826222435282838,10|21.5443|22|26.827|35|50|1000
0.826222435282838,7.19686|10|13.895|20|21.5443|35|51.7947|220
0.826222435282838,7.19686|10|13.895|20|22|35|51.7947|220
0.826222435282838,7.19686|10|20|21.5443|22|35|51.7947|220
0.826222435282838,10|21.5443|22|25|30|35|51.7947|220
0.826222435282838,10|21.5443|25|30|35|40|51.7947|220
0.826222435282838,10|22|25|30|35|40|51.7947|220
0.826222435282838,10|20|21.5443|22|26.827|35|50|1000
0.8261025886864813,10|21.5443|25|51.7947|220
0.8261025886864813,10|22|25|51.7947|220
0.8261025886864813,10|25|26.827|51.7947|220
0.8261025886864813,10|21.5443|22|25|51.7947|220
0.8261025886864813,10|25|30|35|51.7947|220
0.8261025886864813,10|25|26.827|30|35|51.7947|220
0.8261025886864813,10|25|30|35|40|51.7947|220
0.8261025886864813,10|25|26.827|30|35|40|51.7947|220
0.8259827420901247,7.19686|10|20|26.827|35|51.7947|220
0.8259827420901247,7.19686|10|20|21.5443|26.827|35|51.7947|220
0.8259827420901247,7.19686|10|20|22|26.827|35|51.7947|220
0.8259827420901247,10|15|20|25|30|35|51.7947|220
0.8259827420901247,7.19686|10|20|25|35|51.7947|220|1000
0.825862895493768,10|13.895|25|26.827|51.7947|220
0.825862895493768,10|13.895|25|30|35|51.7947|220
0.825862895493768,10|13.895|25|26.827|30|35|51.7947|220
0.825862895493768,10|13.895|25|30|35|40|51.7947|220
0.8257430488974113,10|22|26.827|50|1000
0.8257430488974113,10|15|20|25|51.7947|220
0.8257430488974113,10|21.5443|25|30|51.7947|220
0.8257430488974113,10|22|25|30|51.7947|220
0.8257430488974113,10|13.895|15|20|25|51.7947|220
0.8257430488974113,10|15|20|25|26.827|51.7947|220
0.8257430488974113,10|21.5443|22|25|30|51.7947|220
0.8257430488974113,10|21.5443|25|30|40|51.7947|220
0.8257430488974113,10|22|25|30|40|51.7947|220
0.8257430488974113,10|13.895|15|20|25|26.827|51.7947|220
0.8257430488974113,10|21.5443|22|25|30|40|51.7947|220
0.8257430488974113,7.19686|10|20|25|40|51.7947|220|1000
0.8256232023010547,10|25|30|51.7947|220
0.8256232023010547,10|21.5443|26.827|50|1000
0.8256232023010547,10|25|26.827|30|51.7947|220
0.8256232023010547,10|25|30|40|51.7947|220
0.8256232023010547,10|21.5443|22|26.827|50|1000
0.8256232023010547,10|25|26.827|30|40|51.7947|220
0.8256232023010547,7.19686|10|20|30|35|51.7947|220|1000
0.825503355704698,10|20|35|40|51.7947|220
0.825503355704698,7.19686|10|26.827|30|35|51.7947|220
0.825503355704698,10|15|20|25|30|51.7947|220
0.825503355704698,7.19686|10|26.827|30|35|40|51.7947|220
0.825503355704698,10|13.895|15|20|25|30|51.7947|220
0.825503355704698,10|15|20|25|26.827|30|51.7947|220
0.825503355704698,10|15|20|25|30|40|51.7947|220
0.8253835091083414,10|13.895|25|30|51.7947|220
0.8253835091083414,10|15|25|40|51.7947|220
0.8253835091083414,10|13.895|15|25|40|51.7947|220
0.8253835091083414,10|13.895|25|26.827|30|51.7947|220
0.8253835091083414,10|13.895|25|30|40|51.7947|220
0.8253835091083414,7.19686|10|20|25|35|50|51.7947|220
0.8253835091083414,10|13.895|25|26.827|30|40|51.7947|220
0.8252636625119847,10|25|51.7947|220
0.8252636625119847,7.19686|10|20|51.7947|220
0.8252636625119847,7.19686|10|20|21.5443|51.7947|220
0.8252636625119847,7.19686|10|20|22|51.7947|220
0.8252636625119847,7.19686|10|21.5443|35|51.7947|220
0.8252636625119847,7.19686|10|22|35|51.7947|220
0.8252636625119847,7.19686|10|13.895|20|22|51.7947|220
0.8252636625119847,7.19686|10|13.895|21.5443|35|51.7947|220
0.8252636625119847,7.19686|10|13.895|22|35|51.7947|220
0.8252636625119847,7.19686|10|20|21.5443|22|51.7947|220
0.8252636625119847,7.19686|10|21.5443|22|35|51.7947|220
0.8252636625119847,10|20|26.827|35|40|51.7947|220
0.8252636625119847,7.19686|10|13.895|20|21.5443|22|51.7947|220
0.8252636625119847,7.19686|10|13.895|21.5443|22|35|51.7947|220
0.825143815915628,7.19686|10|20|26.827|51.7947|220
0.825143815915628,7.19686|10|26.827|30|51.7947|220
0.825143815915628,7.19686|10|20|21.5443|26.827|51.7947|220
0.825143815915628,7.19686|10|20|22|26.827|51.7947|220
0.825143815915628,7.19686|10|21.5443|26.827|35|51.7947|220
0.825143815915628,7.19686|10|22|26.827|35|51.7947|220
0.825143815915628,7.19686|10|20|25|51.7947|220|1000
0.825143815915628,7.19686|10|13.895|20|21.5443|26.827|51.7947|220
0.825143815915628,7.19686|10|13.895|20|22|26.827|51.7947|220
0.825143815915628,7.19686|10|13.895|21.5443|26.827|35|51.7947|220
0.825143815915628,7.19686|10|13.895|22|26.827|35|51.7947|220
0.825143815915628,7.19686|10|20|21.5443|22|26.827|51.7947|220
0.825143815915628,7.19686|10|21.5443|22|26.827|35|51.7947|220
0.825143815915628,7.19686|10|21.5443|25|40|50|51.7947|220
0.825143815915628,7.19686|10|22|25|40|50|51.7947|220
0.825143815915628,7.19686|10|20|21.5443|25|51.7947|220|1000
0.825143815915628,7.19686|10|20|22|25|51.7947|220|1000
0.825143815915628,7.19686|10|20|25|26.827|51.7947|220|1000
0.825143815915628,7.19686|10|21.5443|25|35|51.7947|220|1000
0.825143815915628,7.19686|10|22|25|35|51.7947|220|1000
0.825143815915628,7.19686|10|25|26.827|35|51.7947|220|1000
0.825143815915628,7.19686|10|25|35|40|51.7947|220|1000
0.8250239693192714,10|13.895|25|51.7947|220
0.8250239693192714,10|20|40|51.7947|220
0.8250239693192714,7.19686|10|25|40|50|51.7947|220
0.8250239693192714,7.19686|10|20|30|51.7947|220|1000
0.8250239693192714,7.19686|10|25|35|51.7947|220|1000
0.8250239693192714,7.19686|10|13.895|25|40|50|51.7947|220
0.8250239693192714,10|13.895|20|26.827|35|40|51.7947|220
0.8250239693192714,7.19686|10|20|21.5443|30|51.7947|220|1000
0.8250239693192714,7.19686|10|20|22|30|51.7947|220|1000
0.8250239693192714,7.19686|10|20|30|40|51.7947|220|1000
0.8249041227229147,10|20|26.827|40|51.7947|220
0.8249041227229147,7.19686|10|20|25|30|50|51.7947|220
0.8249041227229147,7.19686|10|20|25|30|51.7947|220|1000
0.8249041227229147,7.19686|10|20|26.827|30|51.7947|220|1000
0.8249041227229147,7.19686|10|21.5443|25|40|51.7947|220|1000
0.8249041227229147,7.19686|10|22|25|40|51.7947|220|1000
0.824784276126558,10|20|30|35|51.7947|220
0.824784276126558,10|20|30|35|40|51.7947|220
0.824784276126558,7.19686|10|25|40|51.7947|220|1000
0.8246644295302014,7.19686|10|21.5443|25|50|51.7947|220
0.8246644295302014,7.19686|10|22|25|50|51.7947|220
0.8246644295302014,7.19686|10|13.895|21.5443|25|50|51.7947|220
0.8246644295302014,7.19686|10|13.895|22|25|50|51.7947|220
0.8246644295302014,7.19686|10|21.5443|22|25|50|51.7947|220
0.8246644295302014,7.19686|10|21.5443|30|35|51.7947|220|1000
0.8246644295302014,7.19686|10|22|30|35|51.7947|220|1000
0.8245445829338447,7.19686|10|21.5443|26.827|51.7947|220
0.8245445829338447,7.19686|10|22|26.827|51.7947|220
0.8245445829338447,10|21.5443|35|40|51.7947|220
0.8245445829338447,10|22|35|40|51.7947|220
0.8245445829338447,7.19686|10|13.895|21.5443|26.827|51.7947|220
0.8245445829338447,7.19686|10|13.895|22|26.827|51.7947|220
0.8245445829338447,7.19686|10|21.5443|22|26.827|51.7947|220
0.8245445829338447,10|21.5443|22|35|40|51.7947|220
0.8245445829338447,7.19686|10|13.895|21.5443|22|26.827|51.7947|220
0.8245445829338447,7.19686|10|21.5443|25|35|50|51.7947|220
0.8245445829338447,7.19686|10|22|25|35|50|51.7947|220
0.8245445829338447,7.19686|10|25|35|40|50|51.7947|220
0.8245445829338447,7.19686|10|21.5443|25|26.827|51.7947|220|1000
0.8245445829338447,7.19686|10|22|25|26.827|51.7947|220|1000
0.824424736337488,7.19686|10|21.5443|51.7947|220
0.824424736337488,7.19686|10|22|51.7947|220
0.824424736337488,7.19686|10|13.895|22|51.7947|220
0.824424736337488,7.19686|10|21.5443|22|51.7947|220
0.824424736337488,7.19686|10|13.895|21.5443|22|51.7947|220
0.824424736337488,7.19686|10|25|35|50|51.7947|220
0.824424736337488,10|20|26.827|30|35|51.7947|220
0.824424736337488,7.19686|10|21.5443|25|51.7947|220|1000
0.824424736337488,7.19686|10|22|25|51.7947|220|1000
0.824424736337488,7.19686|10|13.895|25|35|50|51.7947|220
0.824424736337488,7.19686|10|20|25|26.827|50|51.7947|220
0.824424736337488,7.19686|10|25|26.827|35|50|51.7947|220
0.824424736337488,7.19686|10|25|30|35|50|51.7947|220
0.824424736337488,10|20|26.827|30|35|40|51.7947|220
0.824424736337488,7.19686|10|21.5443|22|25|51.7947|220|1000
0.824424736337488,7.19686|10|25|30|35|51.7947|220|1000
0.8241850431447747,10|15|25|51.7947|220
0.8241850431447747,10|20|30|51.7947|220
0.8241850431447747,10|13.895|15|25|51.7947|220
0.8241850431447747,10|20|30|40|51.7947|220
0.8241850431447747,10|13.895|20|26.827|30|35|51.7947|220
0.824065196548418,10|22|40|51.7947|220
0.824065196548418,10|20|26.827|30|51.7947|220
0.824065196548418,10|21.5443|22|40|51.7947|220
0.824065196548418,10|20|26.827|30|40|51.7947|220
0.824065196548418,7.19686|10|21.5443|25|30|50|51.7947|220
0.824065196548418,7.19686|10|22|25|30|50|51.7947|220
0.824065196548418,7.19686|10|25|26.827|40|50|51.7947|220
0.824065196548418,7.19686|10|21.5443|25|30|51.7947|220|1000
0.824065196548418,7.19686|10|21.5443|26.827|30|51.7947|220|1000
0.824065196548418,7.19686|10|22|25|30|51.7947|220|1000
0.824065196548418,7.19686|10|22|26.827|30|51.7947|220|1000
0.8239453499520614,7.19686|10|26.827|35|51.7947|220
0.8239453499520614,7.19686|10|25|30|50|51.7947|220
0.8239453499520614,7.19686|10|13.895|25|30|50|51.7947|220
0.8239453499520614,7.19686|10|21.5443|25|26.827|35|40|220
0.8239453499520614,7.19686|10|22|25|26.827|35|40|220
0.8239453499520614,7.19686|10|25|26.827|30|50|51.7947|220
0.8239453499520614,7.19686|10|25|30|40|50|51.7947|220
0.8239453499520614,7.19686|10|20|35|40|51.7947|220|1000
0.8238255033557047,7.19686|10|25|50|51.7947|220
0.8238255033557047,10|21.5443|30|35|51.7947|220
0.8238255033557047,10|22|30|35|51.7947|220
0.8238255033557047,7.19686|10|13.895|25|50|51.7947|220
0.8238255033557047,7.19686|10|21.5443|25|26.827|35|220
0.8238255033557047,7.19686|10|21.5443|25|35|40|220
0.8238255033557047,7.19686|10|22|25|26.827|35|220
0.8238255033557047,7.19686|10|22|25|35|40|220
0.8238255033557047,10|13.895|20|26.827|30|51.7947|220
0.8238255033557047,10|20|25|26.827|35|40|220
0.8238255033557047,10|21.5443|22|30|35|51.7947|220
0.8238255033557047,10|21.5443|30|35|40|51.7947|220
0.8238255033557047,10|22|30|35|40|51.7947|220
0.8238255033557047,7.19686|10|15|25|35|50|51.7947|220
0.8238255033557047,7.19686|10|21.5443|22|25|26.827|35|220
0.8238255033557047,7.19686|10|21.5443|22|25|35|40|220
0.8238255033557047,7.19686|10|21.5443|25|26.827|50|51.7947|220
0.8238255033557047,7.19686|10|22|25|26.827|50|51.7947|220
0.8238255033557047,10|20|21.5443|25|26.827|35|40|220
0.8238255033557047,10|20|22|25|26.827|35|40|220
0.8238255033557047,10|21.5443|22|30|35|40|51.7947|220
0.823705656759348,7.19686|10|21.5443|25|35|220
0.823705656759348,7.19686|10|22|25|35|220
0.823705656759348,10|20|25|26.827|35|220
0.823705656759348,7.19686|10|21.5443|22|25|35|220
0.823705656759348,7.19686|10|25|26.827|50|51.7947|220
0.823705656759348,10|20|21.5443|25|26.827|35|220
0.823705656759348,10|20|21.5443|25|35|40|220
0.823705656759348,10|20|22|25|26.827|35|220
0.823705656759348,10|20|22|25|35|40|220
0.823705656759348,7.19686|10|13.895|25|26.827|50|51.7947|220
0.823705656759348,10|20|21.5443|22|25|26.827|35|220
0.823705656759348,10|20|21.5443|22|25|35|40|220
0.8235858101629914,10|20|21.5443|25|35|220
0.8235858101629914,10|20|22|25|35|220
0.8235858101629914,7.19686|10|25|51.7947|220|1000
0.8235858101629914,7.19686|10|20|40|50|51.7947|220
0.8235858101629914,10|20|21.5443|22|25|35|220
0.8235858101629914,7.19686|10|13.895|25|51.7947|220|1000
0.8235858101629914,7.19686|10|20|21.5443|40|50|51.7947|220
0.8235858101629914,7.19686|10|20|22|40|50|51.7947|220
0.8234659635666347,7.19686|10|20|40|51.7947|220|1000
0.8234659635666347,7.19686|10|20|21.5443|40|51.7947|220|1000
0.8234659635666347,7.19686|10|20|22|40|51.7947|220|1000
0.823346116970278,10|20|25|26.827|40|220
0.823346116970278,10|20|22|25|26.827|40|220
0.823346116970278,10|20|21.5443|22|25|26.827|40|220
0.823346116970278,7.19686|10|20|26.827|40|51.7947|220|1000
0.8232262703739214,7.19686|10|26.827|51.7947|220
0.8232262703739214,10|21.5443|30|51.7947|220
0.8232262703739214,10|22|30|51.7947|220
0.8232262703739214,10|21.5443|22|30|51.7947|220
0.8232262703739214,10|21.5443|30|40|51.7947|220
0.8232262703739214,10|22|30|40|51.7947|220
0.8232262703739214,10|26.827|35|40|51.7947|220
0.8232262703739214,7.19686|10|15|25|50|51.7947|220
0.8232262703739214,10|21.5443|22|30|40|51.7947|220
0.8232262703739214,7.19686|10|13.895|15|25|50|51.7947|220
0.8232262703739214,7.19686|10|20|35|40|50|51.7947|220
0.8232262703739214,7.19686|10|26.827|30|35|51.7947|220|1000
0.8231064237775647,10|20|35|51.7947|220
0.8231064237775647,7.19686|10|21.5443|25|26.827|220
0.8231064237775647,7.19686|10|22|25|26.827|220
0.8231064237775647,7.19686|10|21.5443|22|25|26.827|220
0.8231064237775647,7.19686|10|21.5443|25|30|35|220
0.8231064237775647,7.19686|10|22|25|30|35|220
0.8231064237775647,7.19686|10|20|30|35|50|51.7947|220
0.8231064237775647,7.19686|10|21.5443|22|25|30|35|220
0.8231064237775647,7.19686|10|21.5443|25|26.827|30|35|220
0.8231064237775647,7.19686|10|21.5443|25|30|35|40|220
0.8231064237775647,7.19686|10|22|25|26.827|30|35|220
0.8231064237775647,7.19686|10|22|25|30|35|40|220
0.822986577181208,10|13.895|26.827|35|40|51.7947|220
0.822986577181208,10|20|21.5443|25|30|35|220
0.822986577181208,10|20|22|25|30|35|220
0.822986577181208,10|20|25|26.827|30|35|220
0.822986577181208,10|21.5443|25|26.827|35|40|220
0.822986577181208,10|22|25|26.827|35|40|220
0.822986577181208,10|20|21.5443|22|25|30|35|220
0.822986577181208,10|20|21.5443|25|26.827|30|35|220
0.822986577181208,10|20|21.5443|25|30|35|40|220
0.822986577181208,10|20|22|25|26.827|30|35|220
0.822986577181208,10|20|22|25|30|35|40|220
0.822986577181208,10|20|25|26.827|30|35|40|220
0.822986577181208,10|21.5443|22|25|26.827|35|40|220
0.822986577181208,10|20|25|26.827|35|51.7947|220|1000
0.822986577181208,10|20|25|35|40|51.7947|220|1000
0.8228667305848514,10|20|26.827|35|51.7947|220
0.8228667305848514,10|21.5443|25|26.827|35|220
0.8228667305848514,10|21.5443|25|35|40|220
0.8228667305848514,10|22|25|26.827|35|220
0.8228667305848514,10|22|25|35|40|220
0.8228667305848514,10|25|26.827|35|40|220
0.8228667305848514,10|21.5443|22|25|26.827|35|220
0.8228667305848514,10|21.5443|22|25|35|40|220
0.8228667305848514,7.19686|10|26.827|30|51.7947|220|1000
0.8228667305848514,10|20|25|35|51.7947|220|1000
0.8227468839884947,10|20|25|26.827|220
0.8227468839884947,10|21.5443|25|35|220
0.8227468839884947,10|22|25|35|220
0.8227468839884947,10|25|26.827|35|220
0.8227468839884947,10|25|35|40|220
0.8227468839884947,10|26.827|40|51.7947|220
0.8227468839884947,10|20|21.5443|25|26.827|220
0.8227468839884947,10|20|22|25|26.827|220
0.8227468839884947,10|21.5443|22|25|35|220
0.8227468839884947,10|20|21.5443|22|25|26.827|220
0.8227468839884947,10|15|20|25|26.827|35|40|220
0.822627037392138,10|25|35|220
0.822627037392138,7.19686|10|21.5443|25|30|220
0.822627037392138,7.19686|10|22|25|30|220
0.822627037392138,7.19686|10|21.5443|22|25|30|220
0.822627037392138,7.19686|10|21.5443|25|26.827|30|220
0.822627037392138,7.19686|10|21.5443|25|30|40|220
0.822627037392138,7.19686|10|22|25|26.827|30|220
0.822627037392138,7.19686|10|22|25|30|40|220
0.822627037392138,10|13.895|20|26.827|35|51.7947|220
0.822627037392138,10|15|20|25|26.827|35|220
0.822627037392138,10|20|25|40|51.7947|220|1000
0.822627037392138,7.19686|10|21.5443|22|25|26.827|30|220
0.822627037392138,7.19686|10|21.5443|22|25|30|40|220
0.822627037392138,7.19686|10|21.5443|25|26.827|30|40|220
0.822627037392138,7.19686|10|22|25|26.827|30|40|220
0.822627037392138,10|15|20|21.5443|25|26.827|35|220
0.822627037392138,10|15|20|21.5443|25|35|40|220
0.822627037392138,10|15|20|22|25|26.827|35|220
0.822627037392138,10|15|20|22|25|35|40|220
0.822627037392138,10|13.895|20|25|35|51.7947|220|1000
0.822627037392138,10|20|25|26.827|40|51.7947|220|1000
0.8225071907957814,10|20|25|30|220
0.8225071907957814,10|21.5443|25|40|220
0.8225071907957814,10|22|25|40|220
0.8225071907957814,10|35|40|51.7947|220
0.8225071907957814,10|20|21.5443|25|30|220
0.8225071907957814,10|20|22|25|30|220
0.8225071907957814,10|20|25|26.827|30|220
0.8225071907957814,10|21.5443|22|25|40|220
0.8225071907957814,10|21.5443|25|26.827|40|220
0.8225071907957814,10|22|25|26.827|40|220
0.8225071907957814,7.19686|10|20|30|50|51.7947|220
0.8225071907957814,10|15|20|21.5443|25|35|220
0.8225071907957814,10|15|20|22|25|35|220
0.8225071907957814,10|20|21.5443|22|25|30|220
0.8225071907957814,10|20|21.5443|25|26.827|30|220
0.8225071907957814,10|20|22|25|26.827|30|220
0.8225071907957814,10|20|22|25|30|40|220
0.8225071907957814,10|20|25|26.827|30|40|220
0.8225071907957814,10|21.5443|22|25|26.827|40|220
0.8225071907957814,10|20|30|35|51.7947|220|1000
0.8225071907957814,7.19686|10|20|21.5443|30|50|51.7947|220
0.8225071907957814,7.19686|10|20|22|30|50|51.7947|220
0.8225071907957814,7.19686|10|20|26.827|40|50|51.7947|220
0.8225071907957814,7.19686|10|20|30|40|50|51.7947|220
0.8225071907957814,10|15|20|21.5443|22|25|35|220
0.8225071907957814,10|20|21.5443|22|25|26.827|30|220
0.8225071907957814,10|20|21.5443|22|25|30|40|220
0.8225071907957814,10|20|22|25|26.827|30|40|220
0.8225071907957814,10|20|30|35|40|51.7947|220|1000
0.8223873441994247,10|25|40|220
0.8223873441994247,10|25|26.827|40|220
0.8223873441994247,10|30|35|51.7947|220
0.8223873441994247,10|26.827|30|35|51.7947|220
0.8223873441994247,10|30|35|40|51.7947|220
0.8223873441994247,10|26.827|30|35|40|51.7947|220
0.8223873441994247,7.19686|10|20|26.827|30|50|51.7947|220
0.8223873441994247,10|20|25|35|40|50|51.7947|220
0.8223873441994247,10|13.895|20|25|40|51.7947|220|1000
0.822267497603068,7.19686|10|20|21.5443|35|220
0.822267497603068,7.19686|10|20|22|35|220
0.822267497603068,7.19686|10|20|21.5443|22|35|220
0.822267497603068,10|20|25|35|50|51.7947|220
0.822267497603068,7.19686|10|21.5443|35|40|50|51.7947|220
0.822267497603068,7.19686|10|22|35|40|50|51.7947|220
0.822267497603068,10|20|25|26.827|35|50|51.7947|220
0.822267497603068,10|20|25|30|35|50|51.7947|220
0.822267497603068,10|20|25|30|35|51.7947|220|1000
0.8221476510067114,10|20|51.7947|220
0.8221476510067114,10|40|51.7947|220
0.8221476510067114,10|21.5443|25|26.827|220
0.8221476510067114,10|21.5443|35|51.7947|220
0.8221476510067114,10|22|25|26.827|220
0.8221476510067114,10|22|35|51.7947|220
0.8221476510067114,10|21.5443|22|25|26.827|220
0.8221476510067114,10|21.5443|22|35|51.7947|220
0.8221476510067114,10|21.5443|25|30|35|220
0.8221476510067114,10|22|25|30|35|220
0.8221476510067114,10|13.895|26.827|30|35|51.7947|220
0.8221476510067114,10|21.5443|22|25|30|35|220
0.8221476510067114,10|21.5443|25|26.827|30|35|220
0.8221476510067114,10|21.5443|25|30|35|40|220
0.8221476510067114,10|22|25|26.827|30|35|220
0.8221476510067114,10|22|25|30|35|40|220
0.8221476510067114,7.19686|10|21.5443|30|35|50|51.7947|220
0.8221476510067114,7.19686|10|22|30|35|50|51.7947|220
0.8221476510067114,10|13.895|26.827|30|35|40|51.7947|220
0.8221476510067114,10|21.5443|22|25|26.827|30|35|220
0.8221476510067114,10|21.5443|22|25|30|35|40|220
0.8221476510067114,10|21.5443|25|26.827|30|35|40|220
0.8221476510067114,10|22|25|26.827|30|35|40|220
0.8221476510067114,10|20|26.827|30|35|51.7947|220|1000
0.8221476510067114,10|21.5443|25|35|40|51.7947|220|1000
0.8221476510067114,10|22|25|35|40|51.7947|220|1000
0.8221476510067114,10|25|26.827|35|40|51.7947|220|1000
0.8220278044103547,10|21.5443|25|220
0.8220278044103547,10|22|25|220
0.8220278044103547,10|25|26.827|220
0.8220278044103547,10|20|26.827|51.7947|220
0.8220278044103547,10|21.5443|22|25|220
0.8220278044103547,10|25|30|35|220
0.8220278044103547,10|26.827|30|51.7947|220
0.8220278044103547,10|25|26.827|30|35|220
0.8220278044103547,10|25|30|35|40|220
0.8220278044103547,10|26.827|30|40|51.7947|220
0.8220278044103547,10|20|25|51.7947|220|1000
0.8220278044103547,10|21.5443|25|40|50|51.7947|220
0.8220278044103547,10|22|25|40|50|51.7947|220
0.8220278044103547,10|25|26.827|30|35|40|220
0.8220278044103547,10|20|25|26.827|51.7947|220|1000
0.8220278044103547,10|21.5443|25|35|51.7947|220|1000
0.8220278044103547,10|22|25|35|51.7947|220|1000
0.8220278044103547,10|25|26.827|35|51.7947|220|1000
0.8220278044103547,10|25|35|40|51.7947|220|1000
0.8220278044103547,7.19686|10|20|21.5443|25|35|50|220
0.8220278044103547,7.19686|10|20|22|25|35|50|220
0.8220278044103547,10|13.895|20|25|35|50|51.7947|220
0.8220278044103547,10|21.5443|22|25|40|50|51.7947|220
0.8220278044103547,10|21.5443|22|25|35|51.7947|220|1000
0.8219079578139981,10|13.895|20|51.7947|220
0.8219079578139981,10|20|21.5443|30|35|220
0.8219079578139981,10|20|22|30|35|220
0.8219079578139981,10|25|40|50|51.7947|220
0.8219079578139981,10|20|30|51.7947|220|1000
0.8219079578139981,10|25|35|51.7947|220|1000
0.8219079578139981,10|20|21.5443|22|30|35|220
0.8219079578139981,10|20|21.5443|30|35|40|220
0.8219079578139981,10|20|22|30|35|40|220
0.8219079578139981,10|20|30|40|51.7947|220|1000
0.8219079578139981,10|15|20|21.5443|25|30|35|220
0.8219079578139981,10|15|20|22|25|30|35|220
0.8219079578139981,10|15|20|25|26.827|30|35|220
0.8219079578139981,10|20|21.5443|22|30|35|40|220
0.8219079578139981,10|20|25|26.827|40|50|51.7947|220
0.8217881112176414,10|13.895|25|26.827|220
0.8217881112176414,10|13.895|20|26.827|51.7947|220
0.8217881112176414,10|13.895|26.827|30|51.7947|220
0.8217881112176414,10|15|21.5443|25|26.827|35|220
0.8217881112176414,10|15|22|25|26.827|35|220
0.8217881112176414,10|20|25|30|50|51.7947|220
0.8217881112176414,10|13.895|20|25|51.7947|220|1000
0.8217881112176414,10|20|25|30|51.7947|220|1000
0.8217881112176414,10|20|26.827|30|51.7947|220|1000
0.8217881112176414,10|21.5443|25|40|51.7947|220|1000
0.8217881112176414,10|22|25|40|51.7947|220|1000
0.8217881112176414,10|15|20|25|40|50|51.7947|220
0.8217881112176414,10|15|21.5443|22|25|26.827|35|220
0.8217881112176414,10|20|25|26.827|30|50|51.7947|220
0.8217881112176414,10|20|25|30|40|50|51.7947|220
0.8217881112176414,10|13.895|20|25|26.827|51.7947|220|1000
0.8217881112176414,10|20|25|26.827|30|51.7947|220|1000
0.8217881112176414,10|20|25|30|40|51.7947|220|1000
0.8217881112176414,10|20|26.827|30|40|51.7947|220|1000
0.8217881112176414,10|21.5443|22|25|40|51.7947|220|1000
0.8216682646212847,10|15|20|25|220
0.8216682646212847,10|21.5443|25|30|220
0.8216682646212847,10|22|25|30|220
0.8216682646212847,10|15|20|25|26.827|220
0.8216682646212847,10|15|21.5443|25|35|220
0.8216682646212847,10|15|22|25|35|220
0.8216682646212847,10|15|25|26.827|35|220
0.8216682646212847,10|21.5443|22|25|30|220
0.8216682646212847,10|21.5443|25|26.827|30|220
0.8216682646212847,10|21.5443|25|30|40|220
0.8216682646212847,10|22|25|26.827|30|220
0.8216682646212847,10|22|25|30|40|220
0.8216682646212847,10|25|40|51.7947|220|1000
0.8216682646212847,10|13.895|25|40|50|51.7947|220
0.8216682646212847,10|15|20|21.5443|25|26.827|220
0.8216682646212847,10|15|20|22|25|26.827|220
0.8216682646212847,10|15|21.5443|22|25|35|220
0.8216682646212847,10|21.5443|22|25|26.827|30|220
0.8216682646212847,10|21.5443|22|25|30|40|220
0.8216682646212847,10|21.5443|25|26.827|30|40|220
0.8216682646212847,10|22|25|26.827|30|40|220
0.8216682646212847,10|25|26.827|40|51.7947|220|1000
0.8216682646212847,10|15|20|21.5443|22|25|26.827|220
0.8216682646212847,10|21.5443|22|25|26.827|30|40|220
0.8215484180249281,10|25|30|220
0.8215484180249281,10|15|25|35|220
0.8215484180249281,10|25|26.827|30|220
0.8215484180249281,10|25|30|40|220
0.8215484180249281,10|20|26.827|30|35|220
0.8215484180249281,10|21.5443|25|50|51.7947|220
0.8215484180249281,10|22|25|50|51.7947|220
0.8215484180249281,10|25|26.827|30|40|220
0.8215484180249281,10|20|21.5443|26.827|30|35|220
0.8215484180249281,10|20|22|26.827|30|35|220
0.8215484180249281,10|20|26.827|30|35|40|220
0.8215484180249281,10|21.5443|22|25|50|51.7947|220
0.8215484180249281,10|21.5443|30|35|51.7947|220|1000
0.8215484180249281,10|22|30|35|51.7947|220|1000
0.8215484180249281,7.19686|10|20|21.5443|25|30|50|220
0.8215484180249281,7.19686|10|20|22|25|30|50|220
0.8215484180249281,10|13.895|20|25|30|50|51.7947|220
0.8215484180249281,10|20|21.5443|22|26.827|30|35|220
0.8215484180249281,10|20|21.5443|26.827|30|35|40|220
0.8215484180249281,10|20|22|26.827|30|35|40|220
0.8215484180249281,10|21.5443|25|35|40|50|51.7947|220
0.8215484180249281,10|22|25|35|40|50|51.7947|220
0.8215484180249281,10|13.895|20|25|30|51.7947|220|1000
0.8215484180249281,10|21.5443|22|30|35|51.7947|220|1000
0.8215484180249281,10|21.5443|30|35|40|51.7947|220|1000
0.8215484180249281,10|22|30|35|40|51.7947|220|1000
0.8214285714285714,10|13.895|22|25|30|220
0.8214285714285714,10|15|20|25|30|220
0.8214285714285714,10|13.895|21.5443|22|25|30|220
0.8214285714285714,10|13.895|22|25|26.827|30|220
0.8214285714285714,10|15|20|21.5443|25|30|220
0.8214285714285714,10|15|20|22|25|30|220
0.8214285714285714,10|15|20|25|26.827|30|220
0.8214285714285714,10|21.5443|25|35|50|51.7947|220
0.8214285714285714,10|22|25|35|50|51.7947|220
0.8214285714285714,10|25|35|40|50|51.7947|220
0.8214285714285714,7.19686|10|20|35|51.7947|220|1000
0.8214285714285714,7.19686|10|15|20|25|35|50|220
0.8214285714285714,10|13.895|21.5443|22|25|26.827|30|220
0.8214285714285714,10|15|20|21.5443|22|25|30|220
0.8214285714285714,10|15|20|21.5443|25|26.827|30|220
0.8214285714285714,10|15|20|22|25|26.827|30|220
0.8214285714285714,10|21.5443|22|25|35|50|51.7947|220
0.8214285714285714,10|21.5443|25|30|35|50|51.7947|220
0.8214285714285714,10|22|25|30|35|50|51.7947|220
0.8214285714285714,10|25|26.827|35|40|50|51.7947|220
0.8214285714285714,7.19686|10|20|21.5443|35|51.7947|220|1000
0.8214285714285714,7.19686|10|20|22|35|51.7947|220|1000
0.8214285714285714,10|21.5443|25|30|35|51.7947|220|1000
0.8214285714285714,10|22|25|30|35|51.7947|220|1000
0.8213087248322147,10|20|30|220
0.8213087248322147,10|22|51.7947|220
0.8213087248322147,10|13.895|25|30|220
0.8213087248322147,10|20|21.5443|30|220
0.8213087248322147,10|20|21.5443|35|220
0.8213087248322147,10|20|22|30|220
0.8213087248322147,10|20|22|35|220
0.8213087248322147,10|20|30|40|220
0.8213087248322147,10|21.5443|22|51.7947|220
0.8213087248322147,10|13.895|25|26.827|30|220
0.8213087248322147,10|20|21.5443|22|30|220
0.8213087248322147,10|20|21.5443|22|35|220
0.8213087248322147,10|20|21.5443|30|40|220
0.8213087248322147,10|20|22|30|40|220
0.8213087248322147,10|25|35|50|51.7947|220
0.8213087248322147,10|21.5443|25|51.7947|220|1000
0.8213087248322147,10|22|25|51.7947|220|1000
0.8213087248322147,10|25|26.827|51.7947|220|1000
0.8213087248322147,10|20|21.5443|22|30|40|220
0.8213087248322147,10|20|25|26.827|50|51.7947|220
0.8213087248322147,10|25|26.827|35|50|51.7947|220
0.8213087248322147,10|25|30|35|50|51.7947|220
0.8213087248322147,10|21.5443|22|25|51.7947|220|1000
0.8213087248322147,10|25|30|35|51.7947|220|1000
0.8213087248322147,7.19686|10|21.5443|25|35|40|50|220
0.8213087248322147,7.19686|10|22|25|35|40|50|220
0.8213087248322147,10|25|26.827|30|35|50|51.7947|220
0.8213087248322147,10|25|30|35|40|50|51.7947|220
0.8213087248322147,10|25|26.827|30|35|51.7947|220|1000
0.8213087248322147,10|25|30|35|40|51.7947|220|1000
0.8211888782358581,10|25|220
0.8211888782358581,10|20|26.827|30|220
0.8211888782358581,10|20|21.5443|26.827|30|220
0.8211888782358581,10|20|21.5443|35|40|220
0.8211888782358581,10|20|22|26.827|30|220
0.8211888782358581,10|20|22|35|40|220
0.8211888782358581,10|20|26.827|30|40|220
0.8211888782358581,7.19686|10|21.5443|25|35|50|220
0.8211888782358581,7.19686|10|22|25|35|50|220
0.8211888782358581,10|15|20|25|50|51.7947|220
0.8211888782358581,10|20|21.5443|22|26.827|30|220
0.8211888782358581,10|20|21.5443|22|35|40|220
0.8211888782358581,10|20|21.5443|26.827|30|40|220
0.8211888782358581,10|20|22|26.827|30|40|220
0.8211888782358581,7.19686|10|21.5443|22|25|35|50|220
0.8211888782358581,7.19686|10|21.5443|25|26.827|35|50|220
0.8211888782358581,7.19686|10|21.5443|25|30|35|50|220
0.8211888782358581,7.19686|10|22|25|26.827|35|50|220
0.8211888782358581,7.19686|10|22|25|30|35|50|220
0.8211888782358581,10|13.895|15|20|25|50|51.7947|220
0.8211888782358581,10|13.895|25|35|40|50|51.7947|220
0.8211888782358581,10|15|20|25|35|50|51.7947|220
0.8211888782358581,10|20|21.5443|22|26.827|30|40|220
0.8211888782358581,7.19686|10|20|26.827|35|51.7947|220|1000
0.8210690316395014,10|13.895|20|21.5443|30|220
0.8210690316395014,10|13.895|20|22|30|220
0.8210690316395014,10|13.895|20|21.5443|22|30|220
0.8210690316395014,10|13.895|20|21.5443|30|40|220
0.8210690316395014,10|13.895|25|35|50|51.7947|220
0.8210690316395014,7.19686|10|20|21.5443|25|26.827|50|220
0.8210690316395014,7.19686|10|20|22|25|26.827|50|220
0.8210690316395014,10|13.895|20|21.5443|22|30|40|220
0.8210690316395014,10|13.895|20|25|26.827|50|51.7947|220
0.8210690316395014,10|13.895|25|26.827|35|50|51.7947|220
0.8210690316395014,10|13.895|25|30|35|50|51.7947|220
0.8209491850431447,10|13.895|25|220
0.8209491850431447,10|30|51.7947|220
0.8209491850431447,10|30|40|51.7947|220
0.8209491850431447,10|21.5443|30|51.7947|220|1000
0.8209491850431447,10|22|30|51.7947|220|1000
0.8209491850431447,10|13.895|20|21.5443|26.827|30|220
0.8209491850431447,10|13.895|20|22|26.827|30|220
0.8209491850431447,10|21.5443|25|30|50|51.7947|220
0.8209491850431447,10|22|25|30|50|51.7947|220
0.8209491850431447,10|25|26.827|40|50|51.7947|220
0.8209491850431447,10|21.5443|22|30|51.7947|220|1000
0.8209491850431447,10|21.5443|25|30|51.7947|220|1000
0.8209491850431447,10|21.5443|30|40|51.7947|220|1000
0.8209491850431447,10|22|25|30|51.7947|220|1000
0.8209491850431447,10|22|30|40|51.7947|220|1000
0.8209491850431447,10|13.895|20|21.5443|22|26.827|30|220
0.8209491850431447,10|13.895|20|21.5443|26.827|30|40|220
0.8209491850431447,10|21.5443|22|25|30|50|51.7947|220
0.8209491850431447,10|21.5443|25|30|40|50|51.7947|220
0.8209491850431447,10|22|25|30|40|50|51.7947|220
0.8209491850431447,10|21.5443|22|25|30|51.7947|220|1000
0.8209491850431447,10|21.5443|22|30|40|51.7947|220|1000
0.8209491850431447,10|21.5443|25|30|40|51.7947|220|1000
0.8209491850431447,10|22|25|30|40|51.7947|220|1000
0.8208293384467881,10|26.827|35|51.7947|220
0.8208293384467881,10|25|30|50|51.7947|220
0.8208293384467881,10|25|30|51.7947|220|1000
0.8208293384467881,7.19686|10|20|35|50|51.7947|220
0.8208293384467881,10|15|25|40|50|51.7947|220
0.8208293384467881,10|25|26.827|30|50|51.7947|220
0.8208293384467881,10|25|30|40|50|51.7947|220
0.8208293384467881,10|25|26.827|30|51.7947|220|1000
0.8208293384467881,10|25|30|40|51.7947|220|1000
0.8208293384467881,7.19686|10|20|21.5443|35|50|51.7947|220
0.8208293384467881,7.19686|10|20|22|35|50|51.7947|220
0.8208293384467881,7.19686|10|21.5443|25|26.827|40|50|220
0.8208293384467881,7.19686|10|22|25|26.827|40|50|220
0.8208293384467881,7.19686|10|26.827|35|40|50|51.7947|220
0.8208293384467881,10|13.895|15|25|40|50|51.7947|220
0.8208293384467881,10|25|26.827|30|40|50|51.7947|220
0.8208293384467881,10|25|26.827|30|40|51.7947|220|1000
0.8207094918504314,10|20|40|220
0.8207094918504314,10|20|21.5443|40|220
0.8207094918504314,10|25|50|51.7947|220
0.8207094918504314,7.19686|10|20|50|51.7947|220
0.8207094918504314,7.19686|10|20|21.5443|50|51.7947|220
0.8207094918504314,7.19686|10|20|22|50|51.7947|220
0.8207094918504314,7.19686|10|21.5443|25|30|50|220
0.8207094918504314,7.19686|10|22|25|30|50|220
0.8207094918504314,7.19686|10|13.895|20|22|50|51.7947|220
0.8207094918504314,7.19686|10|20|21.5443|22|50|51.7947|220
0.8207094918504314,7.19686|10|21.5443|22|25|30|50|220
0.8207094918504314,7.19686|10|21.5443|25|26.827|30|50|220
0.8207094918504314,7.19686|10|21.5443|25|30|40|50|220
0.8207094918504314,7.19686|10|22|25|26.827|30|50|220
0.8207094918504314,7.19686|10|22|25|30|40|50|220
0.8207094918504314,7.19686|10|26.827|30|35|50|51.7947|220
0.8207094918504314,10|13.895|25|26.827|40|50|51.7947|220
0.8207094918504314,10|15|20|25|30|50|51.7947|220
0.8205896452540747,10|20|25|40|50|220
0.8205896452540747,10|20|26.827|35|40|220
0.8205896452540747,10|25|26.827|50|51.7947|220
0.8205896452540747,10|13.895|25|30|50|51.7947|220
0.8205896452540747,10|20|21.5443|25|40|50|220
0.8205896452540747,10|20|21.5443|26.827|35|40|220
0.8205896452540747,10|20|22|25|40|50|220
0.8205896452540747,10|20|22|26.827|35|40|220
0.8205896452540747,10|13.895|25|26.827|30|50|51.7947|220
0.8205896452540747,10|13.895|25|30|40|50|51.7947|220
0.8205896452540747,10|20|21.5443|22|25|40|50|220
0.8205896452540747,10|20|21.5443|22|26.827|35|40|220
0.8204697986577181,10|25|51.7947|220|1000
0.8204697986577181,10|13.895|25|50|51.7947|220
0.8204697986577181,10|20|40|50|51.7947|220
0.8204697986577181,7.19686|10|20|51.7947|220|1000
0.8204697986577181,7.19686|10|21.5443|25|26.827|50|220
0.8204697986577181,7.19686|10|22|25|26.827|50|220
0.8204697986577181,7.19686|10|20|21.5443|51.7947|220|1000
0.8204697986577181,7.19686|10|20|22|51.7947|220|1000
0.8204697986577181,7.19686|10|20|26.827|35|50|51.7947|220
0.8204697986577181,7.19686|10|21.5443|22|25|26.827|50|220
0.8204697986577181,7.19686|10|20|21.5443|22|51.7947|220|1000
0.8203499520613614,10|21.5443|35|220
0.8203499520613614,10|22|35|220
0.8203499520613614,10|21.5443|22|35|220
0.8203499520613614,7.19686|10|26.827|30|50|51.7947|220
0.8203499520613614,10|13.895|20|25|40|50|220
0.8203499520613614,10|13.895|25|26.827|50|51.7947|220
0.8203499520613614,7.19686|10|20|26.827|51.7947|220|1000
0.8203499520613614,7.19686|10|26.827|30|40|50|51.7947|220
0.8203499520613614,10|13.895|20|21.5443|25|40|50|220
0.8203499520613614,10|13.895|20|22|25|40|50|220
0.8203499520613614,10|15|25|35|40|50|51.7947|220
0.8203499520613614,7.19686|10|20|21.5443|26.827|51.7947|220|1000
0.8203499520613614,7.19686|10|20|22|26.827|51.7947|220|1000
0.8202301054650047,10|20|26.827|40|220
0.8202301054650047,10|20|21.5443|26.827|40|220
0.8202301054650047,10|20|22|26.827|40|220
0.8202301054650047,10|15|25|35|50|51.7947|220
0.8202301054650047,10|20|21.5443|22|26.827|40|220
0.8202301054650047,10|13.895|15|25|35|50|51.7947|220
0.8202301054650047,10|15|20|25|26.827|50|51.7947|220
0.8202301054650047,10|15|25|26.827|35|50|51.7947|220
0.8202301054650047,10|15|25|30|35|50|51.7947|220
0.8202301054650047,7.19686|10|20|30|50|51.7947|220|1000
0.8201102588686481,10|15|25|220
0.8201102588686481,10|26.827|51.7947|220
0.8201102588686481,10|35|51.7947|220
0.8201102588686481,10|13.895|15|25|220
0.8201102588686481,10|30|35|51.7947|220|1000
0.8201102588686481,10|20|25|35|40|50|220
0.8201102588686481,10|20|35|40|50|51.7947|220
0.8201102588686481,10|26.827|30|35|51.7947|220|1000
0.8201102588686481,10|30|35|40|51.7947|220|1000
0.8201102588686481,10|20|21.5443|25|35|40|50|220
0.8201102588686481,10|20|22|25|35|40|50|220
0.8201102588686481,10|20|25|26.827|35|40|50|220
0.8201102588686481,10|26.827|30|35|40|51.7947|220|1000
0.8199904122722914,10|20|25|50|220
0.8199904122722914,10|20|21.5443|25|50|220
0.8199904122722914,10|20|22|25|50|220
0.8199904122722914,10|20|25|35|50|220
0.8199904122722914,10|20|21.5443|22|25|50|220
0.8199904122722914,10|20|21.5443|25|35|50|220
0.8199904122722914,10|20|22|25|35|50|220
0.8199904122722914,10|20|25|26.827|35|50|220
0.8199904122722914,10|20|25|30|35|50|220
0.8199904122722914,10|20|30|35|50|51.7947|220
0.8199904122722914,10|20|21.5443|22|25|35|50|220
0.8199904122722914,10|20|21.5443|25|26.827|35|50|220
0.8199904122722914,10|20|21.5443|25|30|35|50|220
0.8199904122722914,10|20|22|25|26.827|35|50|220
0.8199904122722914,10|20|22|25|30|35|50|220
0.8199904122722914,10|20|25|26.827|30|35|50|220
0.8199904122722914,10|20|25|30|35|40|50|220
0.8199904122722914,10|20|30|35|40|50|51.7947|220
0.8198705656759347,7.19686|10|21.5443|35|50|51.7947|220
0.8198705656759347,7.19686|10|22|35|50|51.7947|220
0.8198705656759347,7.19686|10|13.895|21.5443|35|50|51.7947|220
0.8198705656759347,7.19686|10|13.895|22|35|50|51.7947|220
0.8198705656759347,7.19686|10|20|21.5443|35|40|50|220
0.8198705656759347,7.19686|10|20|22|35|40|50|220
0.8198705656759347,7.19686|10|21.5443|22|35|50|51.7947|220
0.8198705656759347,10|15|25|26.827|40|50|51.7947|220
0.8197507190795782,10|13.895|20|25|50|220
0.8197507190795782,10|21.5443|25|40|50|220
0.8197507190795782,10|22|25|40|50|220
0.8197507190795782,10|26.827|30|51.7947|220|1000
0.8197507190795782,10|13.895|20|21.5443|25|50|220
0.8197507190795782,10|13.895|20|22|25|50|220
0.8197507190795782,10|15|25|30|50|51.7947|220
0.8197507190795782,10|21.5443|22|25|40|50|220
0.8197507190795782,10|26.827|30|40|51.7947|220|1000
0.8197507190795782,7.19686|10|20|21.5443|30|35|50|220
0.8197507190795782,7.19686|10|20|22|30|35|50|220
0.8197507190795782,10|13.895|15|25|30|50|51.7947|220
0.8197507190795782,10|13.895|20|21.5443|22|25|50|220
0.8197507190795782,10|13.895|20|22|25|35|50|220
0.8197507190795782,10|15|25|26.827|30|50|51.7947|220
0.8197507190795782,10|15|25|30|40|50|51.7947|220
0.8197507190795782,10|20|26.827|35|40|50|51.7947|220
0.8196308724832215,10|25|40|50|220
0.8196308724832215,10|15|25|50|51.7947|220
0.8196308724832215,7.19686|10|20|26.827|50|51.7947|220
0.8196308724832215,10|13.895|15|25|50|51.7947|220
0.8196308724832215,10|20|25|26.827|40|50|220
0.8196308724832215,10|20|21.5443|30|35|220|1000
0.8196308724832215,10|20|22|30|35|220|1000
0.8196308724832215,7.19686|10|20|21.5443|26.827|50|51.7947|220
0.8196308724832215,7.19686|10|20|22|26.827|50|51.7947|220
0.8196308724832215,7.19686|10|21.5443|26.827|35|50|51.7947|220
0.8196308724832215,7.19686|10|22|26.827|35|50|51.7947|220
0.8196308724832215,10|20|21.5443|25|26.827|40|50|220
0.8196308724832215,10|20|22|25|26.827|40|50|220
0.8196308724832215,10|20|26.827|30|35|50|51.7947|220
0.8196308724832215,7.19686|10|25|35|50|51.7947|220|1000
0.8196308724832215,10|20|21.5443|22|30|35|220|1000
0.8196308724832215,10|20|21.5443|30|35|40|220|1000
0.8196308724832215,10|20|22|30|35|40|220|1000
0.8195110258868649,10|51.7947|150|220
0.8195110258868649,10|20|26.827|35|220
0.8195110258868649,10|26.827|30|35|220
0.8195110258868649,10|20|21.5443|26.827|35|220
0.8195110258868649,10|20|22|26.827|35|220
0.8195110258868649,10|20|25|30|50|220
0.8195110258868649,10|22|40|50|51.7947|220
0.8195110258868649,10|26.827|30|35|40|220
0.8195110258868649,10|13.895|21.5443|25|40|50|220
0.8195110258868649,10|13.895|22|25|40|50|220
0.8195110258868649,10|15|20|25|40|50|220
0.8195110258868649,10|15|25|26.827|50|51.7947|220
0.8195110258868649,10|20|21.5443|22|26.827|35|220
0.8195110258868649,10|20|21.5443|25|30|50|220
0.8195110258868649,10|20|22|25|30|50|220
0.8195110258868649,10|20|25|26.827|30|50|220
0.8195110258868649,10|20|25|30|40|50|220
0.8195110258868649,10|21.5443|22|40|50|51.7947|220
0.8195110258868649,10|13.895|15|25|26.827|50|51.7947|220
0.8195110258868649,10|13.895|21.5443|22|25|40|50|220
0.8195110258868649,10|15|20|21.5443|25|40|50|220
0.8195110258868649,10|15|20|22|25|40|50|220
0.8195110258868649,10|20|21.5443|22|25|30|50|220
0.8195110258868649,10|20|21.5443|25|26.827|30|50|220
0.8195110258868649,10|20|21.5443|25|30|40|50|220
0.8195110258868649,10|20|22|25|26.827|30|50|220
0.8195110258868649,10|20|22|25|30|40|50|220
0.8195110258868649,10|20|25|26.827|30|40|50|220
0.8193911792905082,10|13.895|25|40|50|220
0.8193911792905082,10|20|30|50|51.7947|220
0.8193911792905082,10|20|26.827|40|50|51.7947|220
0.8193911792905082,10|20|30|40|50|51.7947|220
0.8193911792905082,10|13.895|20|25|26.827|40|50|220
0.8192713326941515,10|21.5443|25|50|220
0.8192713326941515,10|22|25|50|220
0.8192713326941515,10|21.5443|22|25|50|220
0.8192713326941515,10|13.895|20|25|30|50|220
0.8192713326941515,10|20|26.827|30|50|51.7947|220
0.8192713326941515,10|21.5443|25|35|40|50|220
0.8192713326941515,10|22|25|35|40|50|220
0.8192713326941515,10|20|26.827|30|35|220|1000
0.8192713326941515,10|13.895|20|21.5443|25|30|50|220
0.8192713326941515,10|13.895|20|22|25|30|50|220
0.8192713326941515,10|13.895|20|25|26.827|30|50|220
0.8192713326941515,10|13.895|20|25|30|40|50|220
0.8192713326941515,10|20|26.827|30|40|50|51.7947|220
0.8192713326941515,10|21.5443|22|25|35|40|50|220
0.8192713326941515,10|21.5443|25|26.827|35|40|50|220
0.8192713326941515,10|22|25|26.827|35|40|50|220
0.8192713326941515,10|20|21.5443|26.827|30|35|220|1000
0.8192713326941515,10|20|22|26.827|30|35|220|1000
0.8192713326941515,10|20|26.827|30|35|40|220|1000
0.8191514860977949,10|21.5443|25|35|50|220
0.8191514860977949,10|22|25|35|50|220
0.8191514860977949,10|25|35|40|50|220
0.8191514860977949,10|21.5443|22|25|35|50|220
0.8191514860977949,10|21.5443|25|26.827|35|50|220
0.8191514860977949,10|21.5443|25|30|35|50|220
0.8191514860977949,10|21.5443|35|40|50|51.7947|220
0.8191514860977949,10|22|25|26.827|35|50|220
0.8191514860977949,10|22|25|30|35|50|220
0.8191514860977949,10|22|35|40|50|51.7947|220
0.8191514860977949,10|25|26.827|35|40|50|220
0.8191514860977949,10|13.895|20|26.827|40|50|51.7947|220
0.8191514860977949,10|21.5443|22|25|26.827|35|50|220
0.8191514860977949,10|21.5443|22|25|30|35|50|220
0.8191514860977949,10|21.5443|22|35|40|50|51.7947|220
0.8191514860977949,10|21.5443|25|26.827|30|35|50|220
0.8191514860977949,10|21.5443|25|30|35|40|50|220
0.8191514860977949,10|22|25|26.827|30|35|50|220
0.8191514860977949,10|22|25|30|35|40|50|220
0.8190316395014382,10|25|35|50|220
0.8190316395014382,10|20|30|220|1000
0.8190316395014382,10|13.895|21.5443|25|50|220
0.8190316395014382,10|13.895|22|25|50|220
0.8190316395014382,10|20|25|26.827|50|220
0.8190316395014382,10|25|26.827|35|50|220
0.8190316395014382,10|25|30|35|50|220
0.8190316395014382,10|20|21.5443|30|220|1000
0.8190316395014382,10|20|22|30|220|1000
0.8190316395014382,10|20|30|40|220|1000
0.8190316395014382,7.19686|10|21.5443|26.827|50|51.7947|220
0.8190316395014382,7.19686|10|22|26.827|50|51.7947|220
0.8190316395014382,10|13.895|21.5443|22|25|50|220
0.8190316395014382,10|20|21.5443|25|26.827|50|220
0.8190316395014382,10|20|22|25|26.827|50|220
0.8190316395014382,10|21.5443|30|35|50|51.7947|220
0.8190316395014382,10|22|30|35|50|51.7947|220
0.8190316395014382,10|25|26.827|30|35|50|220
0.8190316395014382,10|25|30|35|40|50|220
0.8190316395014382,10|20|21.5443|22|30|220|1000
0.8190316395014382,10|20|21.5443|30|40|220|1000
0.8190316395014382,10|20|22|30|40|220|1000
0.8190316395014382,7.19686|10|13.895|21.5443|26.827|50|51.7947|220
0.8190316395014382,7.19686|10|13.895|22|26.827|50|51.7947|220
0.8190316395014382,7.19686|10|20|21.5443|26.827|30|50|220
0.8190316395014382,7.19686|10|20|22|26.827|30|50|220
0.8190316395014382,7.19686|10|21.5443|22|26.827|50|51.7947|220
0.8190316395014382,10|13.895|20|26.827|30|50|51.7947|220
0.8190316395014382,10|13.895|21.5443|25|35|40|50|220
0.8190316395014382,10|13.895|22|25|35|40|50|220
0.8190316395014382,10|15|20|25|35|40|50|220
0.8190316395014382,10|20|21.5443|22|25|26.827|50|220
0.8190316395014382,10|21.5443|22|30|35|50|51.7947|220
0.8190316395014382,10|21.5443|30|35|40|50|51.7947|220
0.8190316395014382,10|22|30|35|40|50|51.7947|220
0.8190316395014382,10|25|26.827|30|35|40|50|220
0.8190316395014382,10|20|21.5443|22|30|40|220|1000
0.8190316395014382,10|20|25|26.827|35|40|220|1000
0.8189117929050815,10|15|20|25|50|220
0.8189117929050815,10|20|26.827|30|220|1000
0.8189117929050815,10|13.895|15|20|25|50|220
0.8189117929050815,10|13.895|21.5443|25|35|50|220
0.8189117929050815,10|13.895|22|25|35|50|220
0.8189117929050815,10|13.895|25|35|40|50|220
0.8189117929050815,10|15|20|21.5443|25|50|220
0.8189117929050815,10|15|20|22|25|50|220
0.8189117929050815,10|15|20|25|35|50|220
0.8189117929050815,10|20|21.5443|26.827|30|220|1000
0.8189117929050815,10|20|22|26.827|30|220|1000
0.8189117929050815,10|20|25|26.827|35|220|1000
0.8189117929050815,10|20|26.827|30|40|220|1000
0.8189117929050815,10|13.895|15|20|21.5443|25|50|220
0.8189117929050815,10|13.895|15|20|22|25|50|220
0.8189117929050815,10|13.895|21.5443|22|25|35|50|220
0.8189117929050815,10|13.895|21.5443|25|30|35|50|220
0.8189117929050815,10|13.895|22|25|30|35|50|220
0.8189117929050815,10|13.895|25|26.827|35|40|50|220
0.8189117929050815,10|15|20|21.5443|22|25|50|220
0.8189117929050815,10|15|20|21.5443|25|35|50|220
0.8189117929050815,10|15|20|22|25|35|50|220
0.8189117929050815,10|15|20|25|26.827|35|50|220
0.8189117929050815,10|15|20|25|30|35|50|220
0.8189117929050815,10|20|21.5443|22|26.827|30|220|1000
0.8189117929050815,10|20|21.5443|25|26.827|35|220|1000
0.8189117929050815,10|20|21.5443|25|35|40|220|1000
0.8189117929050815,10|20|21.5443|26.827|30|40|220|1000
0.8189117929050815,10|20|22|25|26.827|35|220|1000
0.8189117929050815,10|20|22|25|35|40|220|1000
0.8189117929050815,10|20|22|26.827|30|40|220|1000
0.8187919463087249,10|13.895|25|35|50|220
0.8187919463087249,10|13.895|20|25|26.827|50|220
0.8187919463087249,10|13.895|25|26.827|35|50|220
0.8187919463087249,10|13.895|25|30|35|50|220
0.8187919463087249,10|21.5443|25|26.827|40|50|220
0.8187919463087249,10|22|25|26.827|40|50|220
0.8187919463087249,10|20|21.5443|25|35|220|1000
0.8187919463087249,10|20|22|25|35|220|1000
0.8187919463087249,10|13.895|20|21.5443|25|26.827|50|220
0.8187919463087249,10|13.895|20|22|25|26.827|50|220
0.8187919463087249,10|13.895|25|26.827|30|35|50|220
0.8187919463087249,10|13.895|25|30|35|40|50|220
0.8187919463087249,10|21.5443|22|25|26.827|40|50|220
0.8187919463087249,10|20|21.5443|22|25|35|220|1000
0.8186720997123682,10|20|220
0.8186720997123682,10|51.7947|220
0.8186720997123682,10|30|51.7947|220|1000
0.8186720997123682,10|21.5443|25|30|50|220
0.8186720997123682,10|22|25|30|50|220
0.8186720997123682,10|25|26.827|40|50|220
0.8186720997123682,10|30|40|51.7947|220|1000
0.8186720997123682,10|21.5443|22|25|30|50|220
0.8186720997123682,10|21.5443|25|26.827|30|50|220
0.8186720997123682,10|21.5443|25|30|40|50|220
0.8186720997123682,10|22|25|26.827|30|50|220
0.8186720997123682,10|22|25|30|40|50|220
0.8186720997123682,10|21.5443|22|25|26.827|30|50|220
0.8186720997123682,10|21.5443|22|25|30|40|50|220
0.8186720997123682,10|21.5443|25|26.827|30|40|50|220
0.8186720997123682,10|22|25|26.827|30|40|50|220
0.8185522531160115,10|25|30|50|220
0.8185522531160115,10|25|26.827|30|50|220
0.8185522531160115,10|25|30|40|50|220
0.8185522531160115,10|25|26.827|30|40|50|220
0.8185522531160115,10|20|25|26.827|40|220|1000
0.8185522531160115,10|13.895|22|25|26.827|40|50|220
0.8185522531160115,10|15|20|25|26.827|40|50|220
0.8185522531160115,10|20|22|25|26.827|40|220|1000
0.8184324065196549,10|25|50|220
0.8184324065196549,10|21.5443|25|26.827|50|220
0.8184324065196549,10|21.5443|30|50|51.7947|220
0.8184324065196549,10|22|25|26.827|50|220
0.8184324065196549,10|22|30|50|51.7947|220
0.8184324065196549,7.19686|10|26.827|35|50|51.7947|220
0.8184324065196549,10|13.895|21.5443|25|30|50|220
0.8184324065196549,10|13.895|22|25|30|50|220
0.8184324065196549,10|13.895|25|26.827|40|50|220
0.8184324065196549,10|15|20|25|30|50|220
0.8184324065196549,10|21.5443|22|25|26.827|50|220
0.8184324065196549,10|21.5443|22|30|50|51.7947|220
0.8184324065196549,10|21.5443|30|40|50|51.7947|220
0.8184324065196549,10|22|30|40|50|51.7947|220
0.8184324065196549,10|13.895|15|20|25|30|50|220
0.8184324065196549,10|13.895|21.5443|22|25|30|50|220
0.8184324065196549,10|13.895|21.5443|25|26.827|30|50|220
0.8184324065196549,10|13.895|21.5443|25|30|40|50|220
0.8184324065196549,10|13.895|22|25|26.827|30|50|220
0.8184324065196549,10|13.895|22|25|30|40|50|220
0.8184324065196549,10|15|20|21.5443|25|30|50|220
0.8184324065196549,10|15|20|22|25|30|50|220
0.8184324065196549,10|15|20|25|26.827|30|50|220
0.8184324065196549,10|15|20|25|30|40|50|220
0.8184324065196549,10|21.5443|22|30|40|50|51.7947|220
0.8183125599232982,10|25|26.827|50|220
0.8183125599232982,10|13.895|25|30|50|220
0.8183125599232982,10|20|35|51.7947|220|1000
0.8183125599232982,10|13.895|25|26.827|30|50|220
0.8183125599232982,10|13.895|25|30|40|50|220
0.8183125599232982,10|13.895|25|26.827|30|40|50|220
0.8181927133269415,10|13.895|25|50|220
0.8181927133269415,10|20|40|50|220
0.8181927133269415,10|13.895|22|25|26.827|50|220
0.8181927133269415,10|13.895|21.5443|22|25|26.827|50|220
0.8181927133269415,10|20|21.5443|25|30|35|220|1000
0.8181927133269415,10|20|22|25|30|35|220|1000
0.8181927133269415,10|20|25|26.827|30|35|220|1000
0.8180728667305849,10|30|220
0.8180728667305849,10|13.895|25|26.827|50|220
0.8180728667305849,10|20|26.827|35|51.7947|220|1000
0.8180728667305849,10|21.5443|25|26.827|35|220|1000
0.8180728667305849,10|22|25|26.827|35|220|1000
0.8180728667305849,10|21.5443|22|25|26.827|35|220|1000
0.8179530201342282,10|20|25|26.827|220|1000
0.8179530201342282,10|21.5443|25|35|220|1000
0.8179530201342282,10|22|25|35|220|1000
0.8179530201342282,10|25|26.827|35|220|1000
0.8179530201342282,10|15|20|25|26.827|50|220
0.8179530201342282,10|20|21.5443|25|26.827|220|1000
0.8179530201342282,10|20|22|25|26.827|220|1000
0.8179530201342282,10|21.5443|22|25|35|220|1000
0.8179530201342282,10|13.895|15|20|25|26.827|50|220
0.8179530201342282,10|15|20|21.5443|25|26.827|50|220
0.8179530201342282,10|15|20|22|25|26.827|50|220
0.8179530201342282,10|20|21.5443|22|25|26.827|220|1000
0.8178331735378715,10|25|35|220|1000
0.8178331735378715,10|20|35|40|50|220
0.8178331735378715,10|20|21.5443|35|40|50|220
0.8178331735378715,10|20|22|35|40|50|220
0.8178331735378715,10|20|21.5443|22|35|40|50|220
0.8177133269415149,10|20|30|35|50|220
0.8177133269415149,10|20|35|50|51.7947|220
0.8177133269415149,10|20|25|30|220|1000
0.8177133269415149,10|20|21.5443|30|35|50|220
0.8177133269415149,10|20|22|30|35|50|220
0.8177133269415149,10|20|30|35|40|50|220
0.8177133269415149,10|26.827|35|40|50|51.7947|220
0.8177133269415149,10|20|21.5443|25|30|220|1000
0.8177133269415149,10|20|22|25|30|220|1000
0.8177133269415149,10|20|25|26.827|30|220|1000
0.8177133269415149,10|20|21.5443|22|30|35|50|220
0.8177133269415149,10|20|21.5443|30|35|40|50|220
0.8177133269415149,10|20|22|30|35|40|50|220
0.8177133269415149,10|20|21.5443|22|25|30|220|1000
0.8177133269415149,10|20|21.5443|25|26.827|30|220|1000
0.8177133269415149,10|20|22|25|26.827|30|220|1000
0.8177133269415149,10|20|22|25|30|40|220|1000
0.8177133269415149,10|20|25|26.827|30|40|220|1000
0.8177133269415149,10|20|30|35|50|51.7947|220|1000
0.8175934803451582,10|20|50|51.7947|220
0.8175934803451582,10|40|50|51.7947|220
0.8175934803451582,10|30|35|50|51.7947|220
0.8175934803451582,10|26.827|30|35|50|51.7947|220
0.8175934803451582,10|30|35|40|50|51.7947|220
0.8175934803451582,10|13.895|20|21.5443|35|40|50|220
0.8175934803451582,10|13.895|20|22|35|40|50|220
0.8175934803451582,10|26.827|30|35|40|50|51.7947|220
0.8174736337488016,7.19686|10|20|21.5443|35|50|220
0.8174736337488016,7.19686|10|20|22|35|50|220
0.8174736337488016,10|20|26.827|35|40|50|220
0.8174736337488016,7.19686|10|20|21.5443|35|220|1000
0.8174736337488016,7.19686|10|20|22|35|220|1000
0.8174736337488016,7.19686|10|20|21.5443|22|35|50|220
0.8174736337488016,10|13.895|20|21.5443|30|35|50|220
0.8174736337488016,10|13.895|20|22|30|35|50|220
0.8174736337488016,10|13.895|26.827|35|40|50|51.7947|220
0.8174736337488016,10|20|21.5443|26.827|35|40|50|220
0.8174736337488016,10|20|22|26.827|35|40|50|220
0.8174736337488016,7.19686|10|20|21.5443|22|35|220|1000
0.8174736337488016,10|20|25|35|50|51.7947|220|1000
0.8173537871524449,10|15|25|50|220
0.8173537871524449,10|20|51.7947|220|1000
0.8173537871524449,10|13.895|15|25|50|220
0.8173537871524449,10|20|26.827|30|35|50|220
0.8173537871524449,10|20|26.827|35|50|51.7947|220
0.8173537871524449,10|21.5443|25|30|35|220|1000
0.8173537871524449,10|22|25|30|35|220|1000
0.8173537871524449,10|13.895|26.827|30|35|50|51.7947|220
0.8173537871524449,10|20|21.5443|26.827|30|35|50|220
0.8173537871524449,10|20|22|26.827|30|35|50|220
0.8173537871524449,10|20|26.827|30|35|40|50|220
0.8173537871524449,10|21.5443|22|25|30|35|220|1000
0.8173537871524449,10|21.5443|25|26.827|30|35|220|1000
0.8173537871524449,10|21.5443|25|30|35|40|220|1000
0.8173537871524449,10|22|25|26.827|30|35|220|1000
0.8173537871524449,10|22|25|30|35|40|220|1000
0.8172339405560882,10|26.827|30|50|51.7947|220
0.8172339405560882,10|26.827|40|50|51.7947|220
0.8172339405560882,10|20|26.827|51.7947|220|1000
0.8172339405560882,10|26.827|30|40|50|51.7947|220
0.8172339405560882,10|21.5443|25|40|50|51.7947|220|1000
0.8172339405560882,10|22|25|40|50|51.7947|220|1000
0.8171140939597316,10|20|30|50|220
0.8171140939597316,10|20|21.5443|30|50|220
0.8171140939597316,10|20|22|30|50|220
0.8171140939597316,10|20|26.827|40|50|220
0.8171140939597316,10|20|30|40|50|220
0.8171140939597316,10|35|40|50|51.7947|220
0.8171140939597316,10|20|21.5443|22|30|50|220
0.8171140939597316,10|20|21.5443|26.827|40|50|220
0.8171140939597316,10|20|21.5443|30|40|50|220
0.8171140939597316,10|20|22|26.827|40|50|220
0.8171140939597316,10|20|22|30|40|50|220
0.8171140939597316,10|20|30|50|51.7947|220|1000
0.8171140939597316,10|25|40|50|51.7947|220|1000
0.8171140939597316,7.19686|10|20|21.5443|26.827|35|50|220
0.8171140939597316,7.19686|10|20|22|26.827|35|50|220
0.8171140939597316,10|13.895|20|26.827|35|50|51.7947|220
0.8171140939597316,10|20|21.5443|22|26.827|40|50|220
0.8171140939597316,10|20|21.5443|22|30|40|50|220
0.8171140939597316,10|20|30|40|50|51.7947|220|1000
0.8169942473633749,10|20|26.827|30|50|220
0.8169942473633749,10|13.895|26.827|30|50|51.7947|220
0.8169942473633749,10|20|21.5443|26.827|30|50|220
0.8169942473633749,10|20|22|26.827|30|50|220
0.8169942473633749,10|20|26.827|30|40|50|220
0.8169942473633749,10|20|21.5443|22|26.827|30|50|220
0.8169942473633749,10|20|21.5443|26.827|30|40|50|220
0.8169942473633749,10|20|22|26.827|30|40|50|220
0.8169942473633749,10|20|25|30|50|51.7947|220|1000
0.8169942473633749,10|20|26.827|30|50|51.7947|220|1000
0.8168744007670182,10|21.5443|35|40|50|220
0.8168744007670182,10|22|35|40|50|220
0.8168744007670182,10|13.895|20|21.5443|30|50|220
0.8168744007670182,10|13.895|20|22|30|50|220
0.8168744007670182,10|21.5443|22|35|40|50|220
0.8168744007670182,10|13.895|20|21.5443|22|30|50|220
0.8168744007670182,10|13.895|20|21.5443|26.827|40|50|220
0.8168744007670182,10|13.895|20|21.5443|30|40|50|220
0.8168744007670182,10|13.895|20|22|26.827|40|50|220
0.8168744007670182,10|13.895|20|22|30|40|50|220
0.8167545541706616,10|21.5443|30|35|50|220
0.8167545541706616,10|21.5443|35|50|51.7947|220
0.8167545541706616,10|22|30|35|50|220
0.8167545541706616,10|22|35|50|51.7947|220
0.8167545541706616,10|21.5443|22|30|35|50|220
0.8167545541706616,10|21.5443|22|35|50|51.7947|220
0.8167545541706616,10|21.5443|30|35|40|50|220
0.8167545541706616,10|22|30|35|40|50|220
0.8167545541706616,10|21.5443|25|50|51.7947|220|1000
0.8167545541706616,10|22|25|50|51.7947|220|1000
0.8167545541706616,10|13.895|20|21.5443|26.827|30|50|220
0.8167545541706616,10|13.895|20|22|26.827|30|50|220
0.8167545541706616,10|21.5443|22|30|35|40|50|220
0.8167545541706616,10|21.5443|22|25|50|51.7947|220|1000
0.8167545541706616,10|21.5443|30|35|50|51.7947|220|1000
0.8167545541706616,10|22|30|35|50|51.7947|220|1000
0.8166347075743049,10|21.5443|26.827|35|40|50|220
0.8166347075743049,10|22|26.827|35|40|50|220
0.8166347075743049,10|21.5443|22|26.827|35|40|50|220
0.8166347075743049,10|21.5443|25|35|50|51.7947|220|1000
0.8166347075743049,10|22|25|35|50|51.7947|220|1000
0.8166347075743049,10|25|35|40|50|51.7947|220|1000
0.8165148609779482,10|20|26.827|50|51.7947|220
0.8165148609779482,10|20|21.5443|35|220|1000
0.8165148609779482,10|20|22|35|220|1000
0.8165148609779482,10|21.5443|26.827|30|35|50|220
0.8165148609779482,10|22|26.827|30|35|50|220
0.8165148609779482,10|20|21.5443|22|35|220|1000
0.8165148609779482,10|25|35|50|51.7947|220|1000
0.8165148609779482,10|21.5443|22|26.827|30|35|50|220
0.8165148609779482,10|21.5443|26.827|30|35|40|50|220
0.8165148609779482,10|22|26.827|30|35|40|50|220
0.8165148609779482,10|20|25|26.827|50|51.7947|220|1000
0.8165148609779482,10|25|26.827|35|50|51.7947|220|1000
0.8165148609779482,10|25|30|35|50|51.7947|220|1000
0.8163950143815916,10|25|220|1000
0.8162751677852349,10|21.5443|26.827|40|50|220
0.8162751677852349,10|22|26.827|40|50|220
0.8162751677852349,10|13.895|20|26.827|50|51.7947|220
0.8162751677852349,10|21.5443|22|26.827|40|50|220
0.8161553211888782,10|21.5443|30|50|220
0.8161553211888782,10|22|30|50|220
0.8161553211888782,10|30|50|51.7947|220
0.8161553211888782,10|21.5443|22|30|50|220
0.8161553211888782,10|21.5443|26.827|30|50|220
0.8161553211888782,10|21.5443|30|40|50|220
0.8161553211888782,10|22|26.827|30|50|220
0.8161553211888782,10|22|30|40|50|220
0.8161553211888782,10|30|40|50|51.7947|220
0.8161553211888782,10|21.5443|22|26.827|30|50|220
0.8161553211888782,10|21.5443|22|30|40|50|220
0.8161553211888782,10|21.5443|26.827|30|40|50|220
0.8161553211888782,10|22|26.827|30|40|50|220
0.8161553211888782,10|21.5443|30|50|51.7947|220|1000
0.8161553211888782,10|22|30|50|51.7947|220|1000
0.8161553211888782,10|21.5443|22|26.827|30|40|50|220
0.8161553211888782,10|21.5443|22|30|50|51.7947|220|1000
0.8161553211888782,10|21.5443|25|30|50|51.7947|220|1000
0.8161553211888782,10|21.5443|30|40|50|51.7947|220|1000
0.8161553211888782,10|22|25|30|50|51.7947|220|1000
0.8161553211888782,10|22|30|40|50|51.7947|220|1000
0.8161553211888782,10|25|26.827|40|50|51.7947|220|1000
0.8160354745925216,10|25|30|50|51.7947|220|1000
0.8160354745925216,7.19686|10|20|35|50|51.7947|220|1000
0.8160354745925216,10|25|26.827|30|50|51.7947|220|1000
0.8160354745925216,10|25|30|40|50|51.7947|220|1000
0.8159156279961649,10|25|50|51.7947|220|1000
0.8159156279961649,7.19686|10|20|50|51.7947|220|1000
0.8159156279961649,7.19686|10|20|21.5443|50|51.7947|220|1000
0.8159156279961649,7.19686|10|20|22|50|51.7947|220|1000
0.8157957813998082,10|30|220|1000
0.8157957813998082,10|20|25|40|50|220|1000
0.8157957813998082,10|25|26.827|50|51.7947|220|1000
0.8157957813998082,10|20|21.5443|25|40|50|220|1000
0.8157957813998082,10|20|22|25|40|50|220|1000
0.8155560882070949,10|20|220|1000
0.8155560882070949,10|13.895|20|25|40|50|220|1000
0.8154362416107382,10|20|35|50|220
0.8154362416107382,10|20|21.5443|35|50|220
0.8154362416107382,10|20|22|35|50|220
0.8154362416107382,10|26.827|35|40|50|220
0.8154362416107382,10|20|21.5443|22|35|50|220
0.8154362416107382,10|20|30|35|50|220|1000
0.8154362416107382,10|20|21.5443|30|35|50|220|1000
0.8154362416107382,10|20|22|30|35|50|220|1000
0.8154362416107382,10|20|30|35|40|50|220|1000
0.8153163950143816,10|20|50|220
0.8153163950143816,10|40|50|220
0.8153163950143816,10|26.827|30|35|50|220
0.8153163950143816,10|26.827|35|50|51.7947|220
0.8153163950143816,10|26.827|30|35|40|50|220
0.8153163950143816,10|30|35|50|51.7947|220|1000
0.8153163950143816,10|20|25|35|40|50|220|1000
0.8153163950143816,10|26.827|30|35|50|51.7947|220|1000
0.8153163950143816,10|30|35|40|50|51.7947|220|1000
0.8151965484180249,10|220
0.8151965484180249,10|20|25|50|220|1000
0.8151965484180249,10|13.895|20|21.5443|35|50|220
0.8151965484180249,10|13.895|20|22|35|50|220
0.8151965484180249,10|20|21.5443|25|50|220|1000
0.8151965484180249,10|20|22|25|50|220|1000
0.8151965484180249,10|20|25|35|50|220|1000
0.8151965484180249,10|13.895|20|21.5443|22|35|50|220
0.8151965484180249,10|20|21.5443|22|25|50|220|1000
0.8151965484180249,10|20|21.5443|25|35|50|220|1000
0.8151965484180249,10|20|22|25|35|50|220|1000
0.8151965484180249,10|20|25|26.827|35|50|220|1000
0.8151965484180249,10|20|25|30|35|50|220|1000
0.8150767018216682,10|20|26.827|35|50|220
0.8150767018216682,10|20|21.5443|26.827|35|50|220
0.8150767018216682,10|20|22|26.827|35|50|220
0.8150767018216682,10|20|21.5443|22|26.827|35|50|220
0.8150767018216682,10|20|26.827|30|35|50|220|1000
0.8149568552253116,10|26.827|30|50|220
0.8149568552253116,10|26.827|40|50|220
0.8149568552253116,10|50|51.7947|150|220
0.8149568552253116,10|26.827|30|40|50|220
0.8149568552253116,10|13.895|20|25|50|220|1000
0.8149568552253116,10|26.827|30|50|51.7947|220|1000
0.8149568552253116,10|13.895|20|21.5443|25|50|220|1000
0.8149568552253116,10|13.895|20|22|25|50|220|1000
0.8149568552253116,10|26.827|30|40|50|51.7947|220|1000
0.8148370086289549,10|20|30|50|220|1000
0.8148370086289549,10|20|21.5443|30|50|220|1000
0.8148370086289549,10|20|22|30|50|220|1000
0.8148370086289549,10|20|30|40|50|220|1000
0.8148370086289549,10|13.895|20|21.5443|26.827|35|50|220
0.8148370086289549,10|13.895|20|22|26.827|35|50|220
0.8148370086289549,7.19686|10|20|26.827|50|51.7947|220|1000
0.8148370086289549,10|20|21.5443|22|30|50|220|1000
0.8148370086289549,10|20|21.5443|30|40|50|220|1000
0.8148370086289549,10|20|22|30|40|50|220|1000
0.8148370086289549,10|20|25|26.827|40|50|220|1000
0.8147171620325983,10|35|50|51.7947|220
0.8147171620325983,10|20|26.827|35|220|1000
0.8147171620325983,10|20|21.5443|26.827|35|220|1000
0.8147171620325983,10|20|22|26.827|35|220|1000
0.8147171620325983,10|20|25|30|50|220|1000
0.8147171620325983,10|20|26.827|30|50|220|1000
0.8147171620325983,10|20|21.5443|22|26.827|35|220|1000
0.8147171620325983,10|20|21.5443|25|30|50|220|1000
0.8147171620325983,10|20|21.5443|26.827|30|50|220|1000
0.8147171620325983,10|20|22|25|30|50|220|1000
0.8147171620325983,10|20|22|26.827|30|50|220|1000
0.8147171620325983,10|20|25|26.827|30|50|220|1000
0.8147171620325983,10|20|25|30|40|50|220|1000
0.8147171620325983,10|20|26.827|30|40|50|220|1000
0.8145973154362416,10|26.827|50|51.7947|220
0.8145973154362416,10|13.895|20|21.5443|30|50|220|1000
0.8144774688398849,10|21.5443|35|50|220
0.8144774688398849,10|22|35|50|220
0.8144774688398849,10|21.5443|22|35|50|220
0.8144774688398849,10|21.5443|30|35|50|220|1000
0.8144774688398849,10|22|30|35|50|220|1000
0.8144774688398849,10|13.895|20|25|30|50|220|1000
0.8144774688398849,10|21.5443|22|30|35|50|220|1000
0.8144774688398849,10|21.5443|25|35|40|50|220|1000
0.8144774688398849,10|21.5443|30|35|40|50|220|1000
0.8144774688398849,10|22|25|35|40|50|220|1000
0.8144774688398849,10|22|30|35|40|50|220|1000
0.8143576222435283,10|21.5443|25|35|50|220|1000
0.8143576222435283,10|22|25|35|50|220|1000
0.8143576222435283,10|25|35|40|50|220|1000
0.8143576222435283,10|21.5443|22|25|35|50|220|1000
0.8143576222435283,10|21.5443|25|26.827|35|50|220|1000
0.8143576222435283,10|21.5443|25|30|35|50|220|1000
0.8143576222435283,10|22|25|26.827|35|50|220|1000
0.8143576222435283,10|22|25|30|35|50|220|1000
0.8143576222435283,10|25|26.827|35|40|50|220|1000
0.8142377756471716,10|20|26.827|50|220
0.8142377756471716,10|20|21.5443|26.827|50|220
0.8142377756471716,10|20|22|26.827|50|220
0.8142377756471716,10|21.5443|26.827|35|50|220
0.8142377756471716,10|22|26.827|35|50|220
0.8142377756471716,10|25|35|50|220|1000
0.8142377756471716,10|20|21.5443|22|26.827|50|220
0.8142377756471716,10|21.5443|22|26.827|35|50|220
0.8142377756471716,10|20|25|26.827|50|220|1000
0.8142377756471716,10|25|26.827|35|50|220|1000
0.8142377756471716,10|25|30|35|50|220|1000
0.8142377756471716,10|20|21.5443|25|26.827|50|220|1000
0.8142377756471716,10|20|22|25|26.827|50|220|1000
0.8142377756471716,10|21.5443|26.827|30|35|50|220|1000
0.8142377756471716,10|22|26.827|30|35|50|220|1000
0.8142377756471716,10|25|26.827|30|35|50|220|1000
0.8142377756471716,10|25|30|35|40|50|220|1000
0.8141179290508149,10|50|51.7947|220
0.8139980824544583,10|13.895|20|21.5443|26.827|50|220
0.8139980824544583,10|13.895|20|22|26.827|50|220
0.8139980824544583,10|13.895|20|21.5443|22|26.827|50|220
0.8139980824544583,10|13.895|20|25|26.827|50|220|1000
0.8138782358581016,10|30|50|51.7947|220|1000
0.8138782358581016,10|21.5443|26.827|30|50|220|1000
0.8138782358581016,10|22|26.827|30|50|220|1000
0.8138782358581016,10|30|40|50|51.7947|220|1000
0.8138782358581016,10|21.5443|22|26.827|30|50|220|1000
0.8138782358581016,10|21.5443|26.827|30|40|50|220|1000
0.8138782358581016,10|22|26.827|30|40|50|220|1000
0.8136385426653883,10|21.5443|26.827|50|220
0.8136385426653883,10|22|26.827|50|220
0.8136385426653883,10|25|50|220|1000
0.8136385426653883,10|21.5443|22|26.827|50|220
0.8136385426653883,10|21.5443|25|26.827|50|220|1000
0.8136385426653883,10|22|25|26.827|50|220|1000
0.8136385426653883,10|21.5443|22|25|26.827|50|220|1000
0.8135186960690316,10|25|26.827|50|220|1000
0.8130393096836049,10|26.827|35|50|220
0.8130393096836049,10|26.827|30|35|50|220|1000
0.8130393096836049,10|26.827|30|35|40|50|220|1000
0.8129194630872483,10|20|35|50|51.7947|220|1000
0.8127996164908916,10|20|50|51.7947|220|1000
0.8126797698945349,10|26.827|30|50|220|1000
0.8126797698945349,10|26.827|30|40|50|220|1000
0.8126797698945349,7.19686|10|20|21.5443|35|50|220|1000
0.8126797698945349,7.19686|10|20|22|35|50|220|1000
0.8125599232981783,10|20|26.827|35|50|51.7947|220|1000
0.8123202301054651,10|26.827|50|220
0.8118408437200384,10|50|220
0.8117209971236817,10|20|26.827|50|51.7947|220|1000
0.8110019175455417,15|21.5443|51.7947|60
0.8106423777564717,10|20|35|50|220|1000
0.8106423777564717,10|20|21.5443|35|50|220|1000
0.8106423777564717,10|20|22|35|50|220|1000
0.8106423777564717,10|20|21.5443|22|35|50|220|1000
0.8102828379674017,10|20|26.827|35|50|220|1000
0.8102828379674017,10|20|21.5443|26.827|35|50|220|1000
0.8102828379674017,10|20|22|26.827|35|50|220|1000
0.8094439117929051,10|20|26.827|50|220|1000
0.8094439117929051,10|20|21.5443|26.827|50|220|1000
0.8094439117929051,10|20|22|26.827|50|220|1000
0.8094439117929051,10|20|21.5443|22|26.827|50|220|1000
0.8092042186001918,10|13.895|20|21.5443|26.827|50|220|1000
0.798058485139022,1.9307|15|35|40|51.7947|60|150|220
0.7979386385426653,1.9307|15|35|51.7947|60|150|220
0.7954218600191755,13.895|51.7947|60
0.7926653883029722,10|22|25|26.827|35|51.7947|60|1000
0.7926653883029722,10|22|25|35|40|51.7947|60|1000
0.7925455417066155,10|22|25|35|51.7947|60|1000
0.7925455417066155,10|20|22|25|35|51.7947|60|1000
0.7925455417066155,10|21.5443|25|26.827|35|51.7947|60|1000
0.7925455417066155,10|21.5443|25|35|40|51.7947|60|1000
0.7924256951102588,10|21.5443|25|35|51.7947|60|1000
0.7924256951102588,10|20|21.5443|25|35|51.7947|60|1000
0.7924256951102588,10|21.5443|22|25|35|51.7947|60|1000
0.7923058485139022,10|13.895|22|25|35|51.7947|60|1000
0.7923058485139022,10|22|25|26.827|40|51.7947|60|1000
0.7921860019175455,10|13.895|21.5443|25|35|51.7947|60|1000
0.7921860019175455,10|21.5443|25|26.827|40|51.7947|60|1000
0.7919463087248322,10|22|25|26.827|51.7947|60|1000
0.7918264621284755,10|21.5443|25|26.827|51.7947|60|1000
0.7918264621284755,10|21.5443|22|25|26.827|51.7947|60|1000
0.7917066155321189,10|13.895|22|25|26.827|51.7947|60|1000
0.7915867689357622,10|13.895|21.5443|25|26.827|51.7947|60|1000
0.7813998082454459,7.19686|10|21.5443|25|35|51.7947|60|220
0.7813998082454459,7.19686|10|22|25|35|51.7947|60|220
0.7812799616490892,7.19686|10|13.895|25|35|51.7947|60|220
0.7809204218600192,10|26.827|35|40|51.7947|100|220
0.7809204218600192,10|26.827|35|40|51.7947|60|100|220
0.7808005752636625,7.19686|10|21.5443|25|26.827|51.7947|60|220
0.7808005752636625,7.19686|10|22|25|26.827|51.7947|60|220
0.7806807286673059,7.19686|10|13.895|25|26.827|51.7947|60|220
0.7806807286673059,10|13.895|26.827|35|40|51.7947|100|220
0.7803211888782359,7.19686|10|21.5443|25|30|51.7947|60|220
0.7803211888782359,7.19686|10|22|25|30|51.7947|60|220
0.7802013422818792,7.19686|10|13.895|25|30|51.7947|60|220
0.7799616490891659,10|26.827|30|35|51.7947|100|220
0.7799616490891659,10|26.827|30|35|40|51.7947|100|220
0.7799616490891659,10|26.827|30|35|51.7947|60|100|220
0.7797219558964525,7.19686|13.895|20|25|35|51.7947|60|220
0.7797219558964525,10|13.895|26.827|30|35|51.7947|100|220
0.7796021093000959,10|26.827|30|51.7947|100|220
0.7796021093000959,10|26.827|30|51.7947|60|100|220
0.7793624161073825,10|13.895|26.827|30|51.7947|100|220
0.7793624161073825,10|13.895|26.827|30|51.7947|60|100|220
0.7785234899328859,10|26.827|35|51.7947|100|220
0.7785234899328859,10|26.827|35|51.7947|60|100|220
0.7784036433365292,10|21.5443|25|26.827|35|51.7947|60|220
0.7784036433365292,10|21.5443|25|35|40|51.7947|60|220
0.7784036433365292,10|22|25|26.827|35|51.7947|60|220
0.7784036433365292,10|22|25|35|40|51.7947|60|220
0.7784036433365292,10|25|26.827|35|40|51.7947|60|220
0.7782837967401726,10|13.895|26.827|35|51.7947|100|220
0.7782837967401726,10|21.5443|25|35|51.7947|60|220
0.7782837967401726,10|22|25|35|51.7947|60|220
0.7782837967401726,10|25|26.827|35|51.7947|60|220
0.7782837967401726,10|25|35|40|51.7947|60|220
0.7782837967401726,10|13.895|26.827|35|51.7947|60|100|220
0.7782837967401726,10|21.5443|22|25|35|51.7947|60|220
0.7782837967401726,13.895|20|25|26.827|30|51.7947|60|220
0.7781639501438159,10|25|35|51.7947|60|220
0.7781639501438159,13.895|20|25|30|51.7947|60|220
0.7781639501438159,13.895|20|22|25|30|51.7947|60|220
0.7781639501438159,13.895|20|25|30|35|51.7947|60|220
0.7781639501438159,13.895|20|25|30|40|51.7947|60|220
0.7780441035474592,10|13.895|21.5443|25|35|51.7947|60|220
0.7780441035474592,10|13.895|22|25|35|51.7947|60|220
0.7780441035474592,10|13.895|25|26.827|35|51.7947|60|220
0.7780441035474592,10|13.895|25|35|40|51.7947|60|220
0.7780441035474592,10|15|20|25|35|51.7947|60|220
0.7780441035474592,10|21.5443|25|26.827|40|51.7947|60|220
0.7780441035474592,10|22|25|26.827|40|51.7947|60|220
0.7780441035474592,13.895|20|21.5443|25|30|51.7947|60|220
0.7780441035474592,13.895|20|25|26.827|35|51.7947|60|220
0.7779242569511026,10|26.827|51.7947|100|220
0.7779242569511026,10|26.827|51.7947|60|100|220
0.7779242569511026,10|13.895|25|35|51.7947|60|220
0.7779242569511026,10|25|26.827|40|51.7947|60|220
0.7779242569511026,10|20|21.5443|35|51.7947|220|500
0.7779242569511026,10|20|22|35|51.7947|220|500
0.7779242569511026,10|20|21.5443|22|35|51.7947|220|500
0.7779242569511026,10|20|21.5443|35|51.7947|220|500|1000
0.7779242569511026,10|20|22|35|51.7947|220|500|1000
0.7776845637583892,10|13.895|26.827|51.7947|100|220
0.7776845637583892,10|13.895|26.827|51.7947|60|100|220
0.7776845637583892,10|21.5443|25|26.827|51.7947|60|220
0.7776845637583892,10|22|25|26.827|51.7947|60|220
0.7776845637583892,13.895|20|25|35|51.7947|60|220
0.7776845637583892,10|13.895|25|26.827|40|51.7947|60|220
0.7776845637583892,10|21.5443|22|25|26.827|51.7947|60|220
0.7776845637583892,10|21.5443|25|30|35|51.7947|60|220
0.7776845637583892,10|22|25|30|35|51.7947|60|220
0.7776845637583892,13.895|15|20|25|30|51.7947|60|220
0.7776845637583892,13.895|20|22|25|35|51.7947|60|220
0.7775647171620326,10|25|26.827|51.7947|60|220
0.7775647171620326,10|25|30|35|51.7947|60|220
0.7775647171620326,10|25|26.827|30|35|51.7947|60|220
0.7775647171620326,10|25|30|35|40|51.7947|60|220
0.7775647171620326,13.895|20|21.5443|25|35|51.7947|60|220
0.7774448705656759,10|13.895|21.5443|25|26.827|51.7947|60|220
0.7774448705656759,10|13.895|22|25|26.827|51.7947|60|220
0.7773250239693192,10|13.895|25|26.827|51.7947|60|220
0.7773250239693192,10|13.895|25|30|35|51.7947|60|220
0.7772051773729626,10|21.5443|25|30|51.7947|60|220
0.7772051773729626,10|22|25|30|51.7947|60|220
0.7772051773729626,10|15|20|25|26.827|51.7947|60|220
0.7772051773729626,10|15|21.5443|25|35|51.7947|60|220
0.7772051773729626,10|15|22|25|35|51.7947|60|220
0.7772051773729626,10|15|25|26.827|35|51.7947|60|220
0.7772051773729626,10|21.5443|22|25|30|51.7947|60|220
0.7772051773729626,10|21.5443|25|26.827|30|51.7947|60|220
0.7772051773729626,10|21.5443|25|30|40|51.7947|60|220
0.7772051773729626,10|22|25|26.827|30|51.7947|60|220
0.7772051773729626,10|22|25|30|40|51.7947|60|220
0.7772051773729626,13.895|15|20|25|35|51.7947|60|220
0.7770853307766059,10|13.895|51.7947|100|220
0.7770853307766059,10|13.895|51.7947|60|100|220
0.7770853307766059,10|25|30|51.7947|60|220
0.7770853307766059,10|15|25|35|51.7947|60|220
0.7770853307766059,10|25|26.827|30|51.7947|60|220
0.7770853307766059,10|25|30|40|51.7947|60|220
0.7770853307766059,10|13.895|15|25|35|51.7947|60|220
0.7770853307766059,10|25|26.827|30|40|51.7947|60|220
0.7769654841802492,10|13.895|21.5443|25|30|51.7947|60|220
0.7769654841802492,10|13.895|22|25|30|51.7947|60|220
0.7769654841802492,10|15|20|25|30|51.7947|60|220
0.7769654841802492,10|15|21.5443|25|40|51.7947|60|220
0.7769654841802492,10|15|22|25|40|51.7947|60|220
0.7768456375838926,10|13.895|25|30|51.7947|60|220
0.7768456375838926,10|13.895|25|26.827|30|51.7947|60|220
0.7768456375838926,10|13.895|25|30|40|51.7947|60|220
0.7766059443911792,10|25|26.827|35|40|60|220
0.7766059443911792,10|26.827|35|40|51.7947|80|150|220
0.7764860977948226,10|25|26.827|35|60|220
0.7764860977948226,10|25|35|40|60|220
0.7763662511984659,10|25|35|60|220
0.7762464046021093,10|13.895|25|26.827|35|60|220
0.7762464046021093,10|13.895|25|35|40|60|220
0.7761265580057526,10|13.895|25|35|60|220
0.7760067114093959,10|21.5443|35|40|51.7947|60|220
0.7760067114093959,10|22|35|40|51.7947|60|220
0.7760067114093959,10|21.5443|22|35|40|51.7947|60|220
0.7758868648130393,10|21.5443|25|26.827|60|220
0.7758868648130393,10|22|25|26.827|60|220
0.7758868648130393,10|21.5443|22|25|26.827|60|220
0.7758868648130393,10|21.5443|26.827|35|40|51.7947|60|220
0.7758868648130393,10|22|26.827|35|40|51.7947|60|220
0.7757670182166826,10|25|26.827|60|220
0.7757670182166826,10|26.827|30|35|51.7947|80|150|220
0.775647171620326,10|15|25|51.7947|60|220
0.775647171620326,10|13.895|15|25|51.7947|60|220
0.7755273250239694,10|40|51.7947|80|150|220
0.7755273250239694,10|13.895|25|30|35|60|220
0.7755273250239694,10|40|51.7947|60|80|150|220
0.7755273250239694,10|13.895|25|26.827|30|35|60|220
0.7755273250239694,10|13.895|25|30|35|40|60|220
0.7754074784276127,10|21.5443|25|30|60|220
0.7754074784276127,10|22|25|30|60|220
0.7754074784276127,10|21.5443|22|25|30|60|220
0.7754074784276127,10|21.5443|25|26.827|30|60|220
0.7754074784276127,10|22|25|26.827|30|60|220
0.7754074784276127,10|21.5443|22|25|26.827|30|60|220
0.775287631831256,10|25|30|60|220
0.775287631831256,10|25|26.827|30|60|220
0.775287631831256,10|21.5443|30|35|51.7947|60|220
0.775287631831256,10|22|30|35|51.7947|60|220
0.775287631831256,10|21.5443|22|30|35|51.7947|60|220
0.775287631831256,10|21.5443|30|35|40|51.7947|60|220
0.775287631831256,10|22|30|35|40|51.7947|60|220
0.7751677852348994,10|15|20|25|30|60|220
0.7751677852348994,10|13.895|15|20|25|30|60|220
0.7751677852348994,10|15|20|21.5443|25|30|60|220
0.7751677852348994,10|15|20|22|25|30|60|220
0.7751677852348994,10|15|20|25|26.827|30|60|220
0.7750479386385427,10|21.5443|26.827|30|35|51.7947|60|220
0.7750479386385427,10|22|26.827|30|35|51.7947|60|220
0.7746883988494727,10|21.5443|26.827|30|51.7947|60|220
0.7746883988494727,10|22|26.827|30|51.7947|60|220
0.7746883988494727,10|26.827|35|40|51.7947|60|220
0.7746883988494727,10|21.5443|22|26.827|30|51.7947|60|220
0.7746883988494727,10|21.5443|26.827|30|40|51.7947|60|220
0.7746883988494727,10|22|26.827|30|40|51.7947|60|220
0.774209012464046,10|26.827|35|51.7947|80|150|220
0.774209012464046,13.895|20|25|26.827|35|60|220
0.774209012464046,10|26.827|35|51.7947|60|80|150|220
0.774209012464046,13.895|20|21.5443|22|40|51.7947|60|220
0.774209012464046,13.895|20|21.5443|25|26.827|35|60|220
0.774209012464046,13.895|20|22|25|26.827|35|60|220
0.7740891658676894,13.895|20|40|51.7947|60|220
0.7739693192713327,13.895|15|20|40|51.7947|60|220
0.7739693192713327,13.895|20|22|40|51.7947|60|220
0.7738494726749761,10|30|35|51.7947|60|220
0.7738494726749761,10|26.827|30|35|51.7947|60|220
0.7738494726749761,10|30|35|40|51.7947|60|220
0.7738494726749761,13.895|20|22|25|35|60|220
0.7738494726749761,10|26.827|30|35|40|51.7947|60|220
0.7738494726749761,13.895|15|20|22|40|51.7947|60|220
0.7737296260786194,10|13.895|35|40|51.7947|60|220
0.7737296260786194,13.895|20|21.5443|25|35|60|220
0.7737296260786194,13.895|20|21.5443|22|25|35|60|220
0.7736097794822627,10|40|51.7947|60|220
0.7736097794822627,10|21.5443|35|51.7947|60|220
0.7736097794822627,10|22|35|51.7947|60|220
0.7736097794822627,10|13.895|30|35|51.7947|60|220
0.7736097794822627,10|21.5443|22|35|51.7947|60|220
0.7736097794822627,13.895|20|25|26.827|30|60|220
0.7736097794822627,10|13.895|26.827|30|35|51.7947|60|220
0.7736097794822627,10|13.895|30|35|40|51.7947|60|220
0.7736097794822627,13.895|20|21.5443|25|26.827|30|60|220
0.7736097794822627,13.895|20|22|25|26.827|30|60|220
0.7736097794822627,13.895|20|25|26.827|30|35|60|220
0.7734899328859061,10|26.827|30|51.7947|60|220
0.7734899328859061,13.895|20|25|30|60|220
0.7734899328859061,10|21.5443|26.827|35|51.7947|60|220
0.7734899328859061,10|22|26.827|35|51.7947|60|220
0.7734899328859061,10|26.827|30|40|51.7947|60|220
0.7734899328859061,13.895|20|22|25|30|60|220
0.7734899328859061,10|21.5443|22|26.827|35|51.7947|60|220
0.7734899328859061,13.895|20|22|25|30|35|60|220
0.7734899328859061,10|21.5443|25|35|51.7947|60|220|1000
0.7734899328859061,10|22|25|35|51.7947|60|220|1000
0.7734899328859061,10|25|26.827|35|51.7947|60|220|1000
0.7733700862895494,10|13.895|40|51.7947|60|220
0.7733700862895494,13.895|20|21.5443|25|30|60|220
0.7733700862895494,10|25|35|51.7947|60|220|1000
0.7733700862895494,13.895|15|20|22|25|35|60|220
0.7733700862895494,13.895|20|21.5443|22|25|30|60|220
0.7733700862895494,13.895|20|21.5443|25|30|35|60|220
0.7732502396931927,13.895|15|20|21.5443|25|35|60|220
0.7732502396931927,13.895|20|25|40|50|51.7947|60|220
0.7731303930968361,13.895|15|20|25|26.827|30|60|220
0.7731303930968361,13.895|20|25|30|50|51.7947|60|220
0.7731303930968361,13.895|20|25|35|50|51.7947|60|220
0.7730105465004794,13.895|15|20|25|30|60|220
0.7730105465004794,13.895|15|20|22|25|30|60|220
0.7730105465004794,10|21.5443|30|35|51.7947|60|220|1000
0.7730105465004794,10|22|30|35|51.7947|60|220|1000
0.7728906999041227,13.895|15|20|21.5443|25|30|60|220
0.7724113135186961,10|30|51.7947|60|220
0.7722914669223394,10|26.827|35|51.7947|60|220
0.7721716203259827,10|13.895|30|51.7947|60|220
0.7721716203259827,10|13.895|30|40|51.7947|60|220
0.7720517737296261,10|51.7947|80|150|220
0.7720517737296261,10|51.7947|60|80|150|220
0.7716922339405561,10|15|25|35|50|51.7947|60|220
0.7715723873441994,13.895|20|51.7947|60|220
0.7715723873441994,20|22|30|35|60|220
0.7715723873441994,10|30|35|51.7947|60|220|1000
0.7715723873441994,10|26.827|30|35|51.7947|60|220|1000
0.7715723873441994,10|30|35|40|51.7947|60|220|1000
0.7713326941514861,13.895|20|21.5443|22|51.7947|60|220
0.7710930009587728,13.895|20|22|51.7947|60|220
0.7710930009587728,13.895|20|25|26.827|35|50|60|220
0.7709731543624161,13.895|20|25|35|50|60|220
0.7709731543624161,13.895|20|22|25|35|50|60|220
0.7708533077660594,13.895|20|21.5443|25|35|50|60|220
0.7707334611697028,10|21.5443|25|35|40|50|60|220
0.7707334611697028,10|22|25|35|40|50|60|220
0.7706136145733461,10|21.5443|25|35|50|60|220
0.7706136145733461,10|22|25|35|50|60|220
0.7706136145733461,10|25|35|40|50|60|220
0.7706136145733461,10|21.5443|22|25|35|50|60|220
0.7706136145733461,10|21.5443|25|26.827|35|50|60|220
0.7706136145733461,10|21.5443|25|30|35|50|60|220
0.7706136145733461,10|22|25|26.827|35|50|60|220
0.7706136145733461,10|22|25|30|35|50|60|220
0.7706136145733461,10|25|26.827|35|40|50|60|220
0.7704937679769894,10|25|35|50|60|220
0.7704937679769894,10|25|26.827|35|50|60|220
0.7704937679769894,10|25|30|35|50|60|220
0.7704937679769894,10|25|26.827|30|35|50|60|220
0.7704937679769894,10|25|30|35|40|50|60|220
0.7704937679769894,13.895|15|20|25|35|50|60|220
0.7703739213806328,10|13.895|21.5443|25|35|50|60|220
0.7703739213806328,10|13.895|22|25|35|50|60|220
0.7703739213806328,10|13.895|25|35|40|50|60|220
0.7703739213806328,10|15|20|25|35|50|60|220
0.7702540747842761,10|13.895|25|35|50|60|220
0.7702540747842761,10|13.895|25|26.827|35|50|60|220
0.7702540747842761,10|13.895|25|30|35|50|60|220
0.7702540747842761,10|21.5443|25|26.827|40|50|60|220
0.7702540747842761,10|22|25|26.827|40|50|60|220
0.7701342281879194,10|51.7947|60|220
0.7701342281879194,10|30|51.7947|60|220|1000
0.7701342281879194,10|21.5443|25|30|50|60|220
0.7701342281879194,10|22|25|30|50|60|220
0.7701342281879194,10|25|26.827|40|50|60|220
0.7701342281879194,10|21.5443|22|25|30|50|60|220
0.7701342281879194,10|21.5443|25|26.827|30|50|60|220
0.7701342281879194,10|21.5443|25|30|40|50|60|220
0.7701342281879194,10|22|25|26.827|30|50|60|220
0.7701342281879194,10|22|25|30|40|50|60|220
0.7700143815915628,10|25|30|50|60|220
0.7700143815915628,10|25|26.827|30|50|60|220
0.7700143815915628,10|25|30|40|50|60|220
0.7700143815915628,10|25|26.827|30|40|50|60|220
0.7698945349952061,10|21.5443|25|26.827|50|60|220
0.7698945349952061,10|22|25|26.827|50|60|220
0.7698945349952061,10|13.895|21.5443|25|30|50|60|220
0.7698945349952061,10|13.895|22|25|30|50|60|220
0.7698945349952061,10|13.895|25|26.827|40|50|60|220
0.7698945349952061,10|15|20|25|30|50|60|220
0.7698945349952061,10|21.5443|22|25|26.827|50|60|220
0.7697746883988494,10|25|26.827|50|60|220
0.7697746883988494,10|13.895|25|30|50|60|220
0.7697746883988494,10|13.895|25|26.827|30|50|60|220
0.7697746883988494,10|13.895|25|30|40|50|60|220
0.7696548418024928,10|13.895|21.5443|25|26.827|50|60|220
0.7696548418024928,10|13.895|22|25|26.827|50|60|220
0.7695349952061361,10|51.7947|60|150|220
0.7695349952061361,10|13.895|25|26.827|50|60|220
0.7664189837008629,10|13.895|60|220
0.7649808245445829,10|50|51.7947|60|150|220
0.7645014381591563,10|26.827|35|50|60|220
