market,geometry,month,best_lambda,best_agreement,days
us,V0_expanding,1990-01,0.0,0.6363636363636364,22
us,V0_expanding,1990-02,0.0,0.0,19
us,V0_expanding,1990-03,0.0,0.0,22
us,V0_expanding,1990-04,0.0,0.3,20
us,V0_expanding,1990-05,0.0,0.7727272727272727,22
us,V0_expanding,1990-06,0.0,1.0,21
us,V0_expanding,1990-07,0.0,1.0,21
us,V0_expanding,1990-08,0.0,1.0,23
us,V0_expanding,1990-09,0.0,1.0,19
us,V0_expanding,1990-10,0.0,1.0,23
us,V0_expanding,1990-11,0.0,1.0,21
us,V0_expanding,1990-12,0.0,1.0,20
us,V0_expanding,1991-01,0.0,1.0,22
us,V0_expanding,1991-02,0.0,1.0,19
us,V0_expanding,1991-03,0.0,1.0,20
us,V0_expanding,1991-04,0.0,1.0,22
us,V0_expanding,1991-05,0.0,1.0,22
us,V0_expanding,1991-06,0.0,1.0,20
us,V0_expanding,1991-07,0.0,1.0,22
us,V0_expanding,1991-08,0.0,1.0,22
us,V0_expanding,1991-09,0.0,1.0,20
us,V0_expanding,1991-10,0.0,1.0,23
us,V0_expanding,1991-11,0.0,1.0,20
us,V0_expanding,1991-12,0.0,1.0,21
us,V0_expanding,1992-01,0.0,1.0,22
us,V0_expanding,1992-02,0.0,1.0,19
us,V0_expanding,1992-03,0.0,1.0,22
us,V0_expanding,1992-04,0.0,1.0,21
us,V0_expanding,1992-05,0.0,1.0,20
us,V0_expanding,1992-06,0.0,1.0,22
us,V0_expanding,1992-07,0.0,1.0,22
us,V0_expanding,1992-08,0.0,1.0,21
us,V0_expanding,1992-09,0.0,1.0,21
us,V0_expanding,1992-10,0.0,1.0,22
us,V0_expanding,1992-11,0.0,1.0,20
us,V0_expanding,1992-12,0.0,1.0,22
us,V0_expanding,1993-01,0.0,1.0,20
us,V0_expanding,1993-02,0.0,1.0,19
us,V0_expanding,1993-03,0.0,1.0,23
us,V0_expanding,1993-04,0.0,1.0,21
us,V0_expanding,1993-05,0.0,1.0,20
us,V0_expanding,1993-06,0.0,1.0,22
us,V0_expanding,1993-07,0.0,1.0,21
us,V0_expanding,1993-08,0.0,1.0,22
us,V0_expanding,1993-09,0.0,1.0,21
us,V0_expanding,1993-10,0.0,1.0,21
us,V0_expanding,1993-11,0.0,1.0,21
us,V0_expanding,1993-12,0.0,1.0,22
us,V0_expanding,1994-01,0.0,1.0,21
us,V0_expanding,1994-02,0.0,1.0,19
us,V0_expanding,1994-03,0.0,1.0,23
us,V0_expanding,1994-04,0.0,1.0,19
us,V0_expanding,1994-05,0.0,1.0,21
us,V0_expanding,1994-06,0.0,1.0,22
us,V0_expanding,1994-07,0.0,1.0,20
us,V0_expanding,1994-08,0.0,1.0,23
us,V0_expanding,1994-09,0.0,1.0,21
us,V0_expanding,1994-10,0.0,1.0,21
us,V0_expanding,1994-11,0.0,1.0,21
us,V0_expanding,1994-12,0.0,1.0,21
us,V0_expanding,1995-01,0.0,1.0,21
us,V0_expanding,1995-02,0.0,1.0,19
us,V0_expanding,1995-03,0.0,1.0,23
us,V0_expanding,1995-04,0.0,1.0,19
us,V0_expanding,1995-05,0.0,1.0,22
us,V0_expanding,1995-06,0.0,1.0,22
us,V0_expanding,1995-07,0.0,1.0,20
us,V0_expanding,1995-08,0.0,1.0,23
us,V0_expanding,1995-09,0.0,1.0,20
us,V0_expanding,1995-10,0.0,1.0,22
us,V0_expanding,1995-11,0.0,1.0,21
us,V0_expanding,1995-12,0.0,1.0,20
us,V0_expanding,1996-01,0.0,1.0,22
us,V0_expanding,1996-02,0.0,1.0,20
us,V0_expanding,1996-03,0.0,1.0,21
us,V0_expanding,1996-04,0.0,1.0,21
us,V0_expanding,1996-05,0.0,1.0,22
us,V0_expanding,1996-06,0.0,1.0,20
us,V0_expanding,1996-07,0.0,1.0,22
us,V0_expanding,1996-08,0.0,1.0,22
us,V0_expanding,1996-09,0.0,1.0,20
us,V0_expanding,1996-10,0.0,1.0,23
us,V0_expanding,1996-11,0.0,1.0,20
us,V0_expanding,1996-12,0.0,1.0,21
us,V0_expanding,1997-01,0.0,1.0,22
us,V0_expanding,1997-02,0.0,1.0,19
us,V0_expanding,1997-03,0.0,1.0,20
us,V0_expanding,1997-04,0.0,1.0,22
us,V0_expanding,1997-05,0.0,1.0,21
us,V0_expanding,1997-06,0.0,1.0,21
us,V0_expanding,1997-07,0.0,1.0,22
us,V0_expanding,1997-08,0.0,1.0,21
us,V0_expanding,1997-09,0.0,1.0,21
us,V0_expanding,1997-10,0.0,1.0,23
us,V0_expanding,1997-11,0.0,1.0,19
us,V0_expanding,1997-12,0.0,1.0,22
us,V0_expanding,1998-01,0.0,1.0,20
us,V0_expanding,1998-02,0.0,1.0,19
us,V0_expanding,1998-03,0.0,1.0,22
us,V0_expanding,1998-04,0.0,1.0,21
us,V0_expanding,1998-05,0.0,1.0,20
us,V0_expanding,1998-06,0.0,1.0,22
us,V0_expanding,1998-07,0.0,1.0,22
us,V0_expanding,1998-08,0.0,1.0,21
us,V0_expanding,1998-09,0.0,1.0,21
us,V0_expanding,1998-10,0.0,1.0,22
us,V0_expanding,1998-11,0.0,1.0,20
us,V0_expanding,1998-12,0.0,1.0,22
us,V0_expanding,1999-01,0.0,1.0,19
us,V0_expanding,1999-02,0.0,1.0,19
us,V0_expanding,1999-03,0.0,1.0,23
us,V0_expanding,1999-04,0.0,1.0,21
us,V0_expanding,1999-05,0.0,1.0,20
us,V0_expanding,1999-06,0.0,1.0,22
us,V0_expanding,1999-07,0.0,1.0,21
us,V0_expanding,1999-08,0.0,1.0,22
us,V0_expanding,1999-09,0.0,1.0,21
us,V0_expanding,1999-10,0.0,1.0,21
us,V0_expanding,1999-11,0.0,1.0,21
us,V0_expanding,1999-12,0.0,1.0,22
us,V0_expanding,2000-01,30.0,0.85,20
us,V0_expanding,2000-02,0.0,1.0,20
us,V0_expanding,2000-03,0.1,0.8695652173913043,23
us,V0_expanding,2000-04,30.0,0.9473684210526315,19
us,V0_expanding,2000-05,0.0,1.0,22
us,V0_expanding,2000-06,0.0,1.0,22
us,V0_expanding,2000-07,0.0,1.0,20
us,V0_expanding,2000-08,1.0,1.0,23
us,V0_expanding,2000-09,1.0,1.0,20
us,V0_expanding,2000-10,0.0,1.0,22
us,V0_expanding,2000-11,0.0,1.0,21
us,V0_expanding,2000-12,0.0,1.0,20
us,V0_expanding,2001-01,0.0,1.0,21
us,V0_expanding,2001-02,0.0,1.0,19
us,V0_expanding,2001-03,0.0,1.0,22
us,V0_expanding,2001-04,0.0,1.0,20
us,V0_expanding,2001-05,0.0,1.0,22
us,V0_expanding,2001-06,0.0,1.0,21
us,V0_expanding,2001-07,0.0,1.0,21
us,V0_expanding,2001-08,0.0,1.0,23
us,V0_expanding,2001-09,0.0,1.0,15
us,V0_expanding,2001-10,0.0,1.0,23
us,V0_expanding,2001-11,1.0,1.0,21
us,V0_expanding,2001-12,1.0,1.0,20
us,V0_expanding,2002-01,4.641588833612778,1.0,21
us,V0_expanding,2002-02,0.0,1.0,19
us,V0_expanding,2002-03,5.0,1.0,20
us,V0_expanding,2002-04,0.0,1.0,22
us,V0_expanding,2002-05,0.0,1.0,22
us,V0_expanding,2002-06,0.0,1.0,20
us,V0_expanding,2002-07,0.0,1.0,22
us,V0_expanding,2002-08,0.0,1.0,22
us,V0_expanding,2002-09,0.0,1.0,20
us,V0_expanding,2002-10,0.0,1.0,23
us,V0_expanding,2002-11,0.0,1.0,20
us,V0_expanding,2002-12,0.0,1.0,21
us,V0_expanding,2003-01,1.0,1.0,21
us,V0_expanding,2003-02,0.0,1.0,19
us,V0_expanding,2003-03,1.0,1.0,21
us,V0_expanding,2003-04,3.72759372031494,1.0,21
us,V0_expanding,2003-05,26.826957952797247,1.0,21
us,V0_expanding,2003-06,0.0,1.0,21
us,V0_expanding,2003-07,0.0,1.0,22
us,V0_expanding,2003-08,1.0,1.0,21
us,V0_expanding,2003-09,0.1,1.0,21
us,V0_expanding,2003-10,0.0,1.0,23
us,V0_expanding,2003-11,0.0,1.0,19
us,V0_expanding,2003-12,0.0,1.0,22
us,V0_expanding,2004-01,0.0,1.0,20
us,V0_expanding,2004-02,0.0,1.0,19
us,V0_expanding,2004-03,1.93069772888325,1.0,23
us,V0_expanding,2004-04,1.0,1.0,21
us,V0_expanding,2004-05,7.196856730011519,1.0,20
us,V0_expanding,2004-06,0.0,1.0,21
us,V0_expanding,2004-07,3.72759372031494,1.0,21
us,V0_expanding,2004-08,13.894954943731374,1.0,22
us,V0_expanding,2004-09,0.0,1.0,21
us,V0_expanding,2004-10,1.0,1.0,21
us,V0_expanding,2004-11,0.0,1.0,21
us,V0_expanding,2004-12,0.0,1.0,22
us,V0_expanding,2005-01,0.0,1.0,20
us,V0_expanding,2005-02,0.0,1.0,19
us,V0_expanding,2005-03,1.93069772888325,1.0,22
us,V0_expanding,2005-04,13.894954943731374,1.0,21
us,V0_expanding,2005-05,15.0,1.0,21
us,V0_expanding,2005-06,0.0,1.0,22
us,V0_expanding,2005-07,0.0,1.0,20
us,V0_expanding,2005-08,0.0,1.0,23
us,V0_expanding,2005-09,0.0,1.0,21
us,V0_expanding,2005-10,13.894954943731374,1.0,21
us,V0_expanding,2005-11,13.894954943731374,1.0,21
us,V0_expanding,2005-12,0.0,1.0,21
us,V0_expanding,2006-01,0.0,1.0,20
us,V0_expanding,2006-02,0.0,1.0,19
us,V0_expanding,2006-03,0.0,1.0,23
us,V0_expanding,2006-04,0.0,1.0,19
us,V0_expanding,2006-05,10.0,1.0,22
us,V0_expanding,2006-06,26.826957952797247,1.0,22
us,V0_expanding,2006-07,35.0,1.0,20
us,V0_expanding,2006-08,0.0,1.0,23
us,V0_expanding,2006-09,0.0,1.0,20
us,V0_expanding,2006-10,0.0,1.0,22
us,V0_expanding,2006-11,0.0,1.0,21
us,V0_expanding,2006-12,0.0,1.0,20
us,V0_expanding,2007-01,0.0,1.0,20
us,V0_expanding,2007-02,3.72759372031494,1.0,19
us,V0_expanding,2007-03,21.544346900318832,1.0,22
us,V0_expanding,2007-04,0.0,1.0,20
us,V0_expanding,2007-05,0.0,1.0,22
us,V0_expanding,2007-06,1.0,1.0,21
us,V0_expanding,2007-07,10.0,1.0,21
us,V0_expanding,2007-08,30.0,0.9565217391304348,23
us,V0_expanding,2007-09,1.0,0.8421052631578947,19
us,V0_expanding,2007-10,3.72759372031494,1.0,23
us,V0_expanding,2007-11,150.0,1.0,21
us,V0_expanding,2007-12,150.0,1.0,20
us,V0_expanding,2008-01,0.0,0.9047619047619048,21
us,V0_expanding,2008-02,0.0,1.0,20
us,V0_expanding,2008-03,0.0,1.0,20
us,V0_expanding,2008-04,1.93069772888325,1.0,22
us,V0_expanding,2008-05,10.0,1.0,21
us,V0_expanding,2008-06,10.0,1.0,21
us,V0_expanding,2008-07,0.0,1.0,22
us,V0_expanding,2008-08,0.0,1.0,21
us,V0_expanding,2008-09,0.0,1.0,21
us,V0_expanding,2008-10,0.0,1.0,23
us,V0_expanding,2008-11,0.0,1.0,19
us,V0_expanding,2008-12,0.0,1.0,22
us,V0_expanding,2009-01,0.0,1.0,20
us,V0_expanding,2009-02,0.0,1.0,19
us,V0_expanding,2009-03,0.0,1.0,22
us,V0_expanding,2009-04,0.0,1.0,21
us,V0_expanding,2009-05,1.93069772888325,1.0,20
us,V0_expanding,2009-06,15.0,0.9090909090909091,22
us,V0_expanding,2009-07,5.0,1.0,22
us,V0_expanding,2009-08,0.0,1.0,21
us,V0_expanding,2009-09,0.0,1.0,21
us,V0_expanding,2009-10,0.0,1.0,22
us,V0_expanding,2009-11,0.0,1.0,20
us,V0_expanding,2009-12,0.0,1.0,22
us,V0_expanding,2010-01,0.0,1.0,19
us,V0_expanding,2010-02,3.72759372031494,1.0,19
us,V0_expanding,2010-03,0.0,1.0,23
us,V0_expanding,2010-04,0.0,1.0,21
us,V0_expanding,2010-05,20.0,1.0,20
us,V0_expanding,2010-06,20.0,1.0,22
us,V0_expanding,2010-07,20.0,1.0,21
us,V0_expanding,2010-08,1.0,1.0,22
us,V0_expanding,2010-09,0.0,1.0,21
us,V0_expanding,2010-10,0.0,1.0,21
us,V0_expanding,2010-11,0.0,1.0,21
us,V0_expanding,2010-12,0.0,1.0,22
us,V0_expanding,2011-01,0.0,1.0,20
us,V0_expanding,2011-02,0.0,1.0,19
us,V0_expanding,2011-03,0.0,1.0,23
us,V0_expanding,2011-04,0.0,1.0,20
us,V0_expanding,2011-05,0.0,1.0,21
us,V0_expanding,2011-06,0.1,1.0,22
us,V0_expanding,2011-07,0.0,1.0,20
us,V0_expanding,2011-08,70.0,0.9565217391304348,23
us,V0_expanding,2011-09,0.0,1.0,21
us,V0_expanding,2011-10,0.0,0.8095238095238095,21
us,V0_expanding,2011-11,150.0,1.0,21
us,V0_expanding,2011-12,150.0,1.0,21
us,V0_expanding,2012-01,0.0,1.0,20
us,V0_expanding,2012-02,0.0,1.0,20
us,V0_expanding,2012-03,0.0,1.0,22
us,V0_expanding,2012-04,0.0,1.0,20
us,V0_expanding,2012-05,0.0,1.0,22
us,V0_expanding,2012-06,3.72759372031494,1.0,21
us,V0_expanding,2012-07,0.0,1.0,21
us,V0_expanding,2012-08,0.0,1.0,23
us,V0_expanding,2012-09,0.0,1.0,19
us,V0_expanding,2012-10,0.0,1.0,21
us,V0_expanding,2012-11,1.0,1.0,21
us,V0_expanding,2012-12,0.0,1.0,20
us,V0_expanding,2013-01,0.0,1.0,21
us,V0_expanding,2013-02,0.0,1.0,19
us,V0_expanding,2013-03,0.0,1.0,20
us,V0_expanding,2013-04,0.0,1.0,22
us,V0_expanding,2013-05,0.0,1.0,22
us,V0_expanding,2013-06,0.0,1.0,20
us,V0_expanding,2013-07,0.0,1.0,22
us,V0_expanding,2013-08,0.0,1.0,22
us,V0_expanding,2013-09,0.0,1.0,20
us,V0_expanding,2013-10,0.0,1.0,23
us,V0_expanding,2013-11,0.0,1.0,20
us,V0_expanding,2013-12,0.0,1.0,21
us,V0_expanding,2014-01,0.0,1.0,21
us,V0_expanding,2014-02,0.0,1.0,19
us,V0_expanding,2014-03,0.0,1.0,21
us,V0_expanding,2014-04,0.0,1.0,21
us,V0_expanding,2014-05,0.0,1.0,21
us,V0_expanding,2014-06,0.0,1.0,21
us,V0_expanding,2014-07,0.0,1.0,22
us,V0_expanding,2014-08,0.0,1.0,21
us,V0_expanding,2014-09,0.0,1.0,21
us,V0_expanding,2014-10,3.72759372031494,1.0,23
us,V0_expanding,2014-11,0.0,1.0,19
us,V0_expanding,2014-12,0.0,1.0,22
us,V0_expanding,2015-01,0.0,1.0,20
us,V0_expanding,2015-02,0.0,1.0,19
us,V0_expanding,2015-03,0.0,1.0,22
us,V0_expanding,2015-04,0.0,1.0,21
us,V0_expanding,2015-05,0.0,1.0,20
us,V0_expanding,2015-06,0.0,1.0,22
us,V0_expanding,2015-07,0.0,1.0,22
us,V0_expanding,2015-08,20.0,1.0,21
us,V0_expanding,2015-09,20.0,1.0,21
us,V0_expanding,2015-10,20.0,1.0,22
us,V0_expanding,2015-11,0.0,1.0,20
us,V0_expanding,2015-12,0.0,1.0,22
us,V0_expanding,2016-01,20.0,1.0,19
us,V0_expanding,2016-02,20.0,1.0,20
us,V0_expanding,2016-03,0.0,1.0,22
us,V0_expanding,2016-04,0.0,1.0,21
us,V0_expanding,2016-05,0.0,1.0,21
us,V0_expanding,2016-06,1.93069772888325,1.0,22
us,V0_expanding,2016-07,0.0,1.0,20
us,V0_expanding,2016-08,0.0,1.0,23
us,V0_expanding,2016-09,0.0,1.0,21
us,V0_expanding,2016-10,0.0,1.0,21
us,V0_expanding,2016-11,0.0,1.0,21
us,V0_expanding,2016-12,0.0,1.0,21
us,V0_expanding,2017-01,0.0,1.0,20
us,V0_expanding,2017-02,0.0,1.0,19
us,V0_expanding,2017-03,0.0,1.0,23
us,V0_expanding,2017-04,0.0,1.0,19
us,V0_expanding,2017-05,0.0,1.0,22
us,V0_expanding,2017-06,0.0,1.0,22
us,V0_expanding,2017-07,0.0,1.0,20
us,V0_expanding,2017-08,0.0,1.0,23
us,V0_expanding,2017-09,0.0,1.0,20
us,V0_expanding,2017-10,0.0,1.0,22
us,V0_expanding,2017-11,0.0,1.0,21
us,V0_expanding,2017-12,0.0,1.0,20
us,V0_expanding,2018-01,0.0,1.0,21
us,V0_expanding,2018-02,21.544346900318832,1.0,19
us,V0_expanding,2018-03,21.544346900318832,1.0,21
us,V0_expanding,2018-04,22.0,1.0,21
us,V0_expanding,2018-05,0.0,1.0,22
us,V0_expanding,2018-06,0.0,1.0,21
us,V0_expanding,2018-07,0.0,1.0,21
us,V0_expanding,2018-08,0.0,1.0,23
us,V0_expanding,2018-09,0.0,1.0,19
us,V0_expanding,2018-10,35.0,1.0,23
us,V0_expanding,2018-11,40.0,1.0,21
us,V0_expanding,2018-12,40.0,1.0,19
us,V0_expanding,2019-01,35.0,0.7619047619047619,21
us,V0_expanding,2019-02,0.0,1.0,19
us,V0_expanding,2019-03,0.0,1.0,21
us,V0_expanding,2019-04,0.0,1.0,21
us,V0_expanding,2019-05,1.0,1.0,22
us,V0_expanding,2019-06,1.93069772888325,1.0,20
us,V0_expanding,2019-07,0.0,1.0,22
us,V0_expanding,2019-08,20.0,1.0,22
us,V0_expanding,2019-09,20.0,1.0,20
us,V0_expanding,2019-10,1.0,1.0,23
us,V0_expanding,2019-11,0.0,1.0,20
us,V0_expanding,2019-12,0.0,1.0,21
us,V0_expanding,2020-01,0.0,1.0,21
us,V0_expanding,2020-02,20.0,1.0,19
us,V0_expanding,2020-03,70.0,1.0,22
us,V0_expanding,2020-04,0.0,1.0,21
us,V0_expanding,2020-05,0.0,1.0,20
us,V0_expanding,2020-06,26.826957952797247,1.0,22
us,V0_expanding,2020-07,0.1,1.0,22
us,V0_expanding,2020-08,0.0,1.0,21
us,V0_expanding,2020-09,0.0,1.0,21
us,V0_expanding,2020-10,0.1,1.0,22
us,V0_expanding,2020-11,0.0,1.0,20
us,V0_expanding,2020-12,0.0,1.0,22
us,V0_expanding,2021-01,0.1,1.0,19
us,V0_expanding,2021-02,0.0,1.0,19
us,V0_expanding,2021-03,1.0,1.0,23
us,V0_expanding,2021-04,0.0,1.0,21
us,V0_expanding,2021-05,0.0,1.0,20
us,V0_expanding,2021-06,0.0,1.0,22
us,V0_expanding,2021-07,0.0,1.0,21
us,V0_expanding,2021-08,0.0,1.0,22
us,V0_expanding,2021-09,1.93069772888325,1.0,21
us,V0_expanding,2021-10,1.93069772888325,1.0,21
us,V0_expanding,2021-11,0.0,1.0,21
us,V0_expanding,2021-12,1.0,1.0,22
us,V0_expanding,2022-01,10.0,0.95,20
us,V0_expanding,2022-02,0.0,0.7368421052631579,19
us,V0_expanding,2022-03,1.93069772888325,1.0,23
us,V0_expanding,2022-04,0.0,0.8,20
us,V0_expanding,2022-05,0.0,1.0,21
us,V0_expanding,2022-06,0.0,1.0,21
us,V0_expanding,2022-07,0.0,1.0,20
us,V0_expanding,2022-08,13.894954943731374,1.0,23
us,V0_expanding,2022-09,0.0,1.0,21
us,V0_expanding,2022-10,0.0,1.0,21
us,V0_expanding,2022-11,1.0,1.0,21
us,V0_expanding,2022-12,1.93069772888325,1.0,21
us,V0_expanding,2023-01,4.641588833612778,1.0,20
us,V0_expanding,2023-02,30.0,0.7368421052631579,19
us,V0_expanding,2023-03,1.0,1.0,23
us,V0_expanding,2023-04,30.0,1.0,19
us,V0_expanding,2023-05,60.0,1.0,22
us,V0_expanding,2023-06,0.0,1.0,21
us,V0_expanding,2023-07,0.0,1.0,20
us,V0_expanding,2023-08,0.0,1.0,23
us,V0_expanding,2023-09,10.0,1.0,20
us,V0_expanding,2023-10,22.0,1.0,22
us,V0_expanding,2023-11,25.0,1.0,21
us,V0_expanding,2023-12,0.0,1.0,18
us,V1_window,1990-01,70.0,0.7727272727272727,22
us,V1_window,1990-02,0.0,1.0,19
us,V1_window,1990-03,0.0,1.0,22
us,V1_window,1990-04,0.0,0.7,20
us,V1_window,1990-05,0.0,0.8636363636363636,22
us,V1_window,1990-06,15.0,1.0,21
us,V1_window,1990-07,70.0,1.0,21
us,V1_window,1990-08,70.0,1.0,23
us,V1_window,1990-09,70.0,1.0,19
us,V1_window,1990-10,70.0,1.0,23
us,V1_window,1990-11,70.0,1.0,21
us,V1_window,1990-12,70.0,1.0,20
us,V1_window,1991-01,70.0,1.0,22
us,V1_window,1991-02,0.0,1.0,19
us,V1_window,1991-03,0.0,1.0,20
us,V1_window,1991-04,0.0,1.0,22
us,V1_window,1991-05,15.0,1.0,22
us,V1_window,1991-06,15.0,1.0,20
us,V1_window,1991-07,35.0,1.0,22
us,V1_window,1991-08,15.0,1.0,22
us,V1_window,1991-09,15.0,1.0,20
us,V1_window,1991-10,70.0,1.0,23
us,V1_window,1991-11,70.0,1.0,20
us,V1_window,1991-12,70.0,1.0,21
us,V1_window,1992-01,0.0,1.0,22
us,V1_window,1992-02,5.0,1.0,19
us,V1_window,1992-03,35.0,1.0,22
us,V1_window,1992-04,70.0,1.0,21
us,V1_window,1992-05,70.0,1.0,20
us,V1_window,1992-06,70.0,1.0,22
us,V1_window,1992-07,35.0,1.0,22
us,V1_window,1992-08,35.0,1.0,21
us,V1_window,1992-09,35.0,1.0,21
us,V1_window,1992-10,35.0,1.0,22
us,V1_window,1992-11,35.0,1.0,20
us,V1_window,1992-12,0.0,1.0,22
us,V1_window,1993-01,5.0,1.0,20
us,V1_window,1993-02,15.0,1.0,19
us,V1_window,1993-03,0.0,1.0,23
us,V1_window,1993-04,35.0,1.0,21
us,V1_window,1993-05,35.0,1.0,20
us,V1_window,1993-06,35.0,1.0,22
us,V1_window,1993-07,35.0,1.0,21
us,V1_window,1993-08,35.0,1.0,22
us,V1_window,1993-09,5.0,1.0,21
us,V1_window,1993-10,0.0,1.0,21
us,V1_window,1993-11,15.0,1.0,21
us,V1_window,1993-12,15.0,1.0,22
us,V1_window,1994-01,15.0,1.0,21
us,V1_window,1994-02,35.0,1.0,19
us,V1_window,1994-03,35.0,1.0,23
us,V1_window,1994-04,150.0,1.0,19
us,V1_window,1994-05,150.0,1.0,21
us,V1_window,1994-06,150.0,1.0,22
us,V1_window,1994-07,70.0,1.0,20
us,V1_window,1994-08,70.0,1.0,23
us,V1_window,1994-09,70.0,1.0,21
us,V1_window,1994-10,70.0,1.0,21
us,V1_window,1994-11,70.0,1.0,21
us,V1_window,1994-12,70.0,1.0,21
us,V1_window,1995-01,70.0,1.0,21
us,V1_window,1995-02,70.0,1.0,19
us,V1_window,1995-03,0.0,1.0,23
us,V1_window,1995-04,0.0,1.0,19
us,V1_window,1995-05,0.0,1.0,22
us,V1_window,1995-06,0.0,1.0,22
us,V1_window,1995-07,0.0,1.0,20
us,V1_window,1995-08,0.0,1.0,23
us,V1_window,1995-09,0.0,1.0,20
us,V1_window,1995-10,0.0,1.0,22
us,V1_window,1995-11,0.0,1.0,21
us,V1_window,1995-12,0.0,1.0,20
us,V1_window,1996-01,15.0,1.0,22
us,V1_window,1996-02,0.0,1.0,20
us,V1_window,1996-03,5.0,1.0,21
us,V1_window,1996-04,35.0,1.0,21
us,V1_window,1996-05,70.0,1.0,22
us,V1_window,1996-06,5.0,1.0,20
us,V1_window,1996-07,70.0,1.0,22
us,V1_window,1996-08,70.0,1.0,22
us,V1_window,1996-09,70.0,1.0,20
us,V1_window,1996-10,0.0,1.0,23
us,V1_window,1996-11,0.0,1.0,20
us,V1_window,1996-12,5.0,1.0,21
us,V1_window,1997-01,5.0,1.0,22
us,V1_window,1997-02,0.0,1.0,19
us,V1_window,1997-03,35.0,1.0,20
us,V1_window,1997-04,70.0,1.0,22
us,V1_window,1997-05,70.0,1.0,21
us,V1_window,1997-06,0.0,1.0,21
us,V1_window,1997-07,0.0,1.0,22
us,V1_window,1997-08,15.0,1.0,21
us,V1_window,1997-09,35.0,1.0,21
us,V1_window,1997-10,35.0,1.0,23
us,V1_window,1997-11,150.0,1.0,19
us,V1_window,1997-12,150.0,1.0,22
us,V1_window,1998-01,150.0,1.0,20
us,V1_window,1998-02,150.0,1.0,19
us,V1_window,1998-03,0.0,1.0,22
us,V1_window,1998-04,5.0,1.0,21
us,V1_window,1998-05,15.0,1.0,20
us,V1_window,1998-06,35.0,1.0,22
us,V1_window,1998-07,35.0,1.0,22
us,V1_window,1998-08,70.0,1.0,21
us,V1_window,1998-09,70.0,1.0,21
us,V1_window,1998-10,150.0,1.0,22
us,V1_window,1998-11,70.0,1.0,20
us,V1_window,1998-12,70.0,1.0,22
us,V1_window,1999-01,5.0,1.0,19
us,V1_window,1999-02,15.0,1.0,19
us,V1_window,1999-03,150.0,1.0,23
us,V1_window,1999-04,5.0,1.0,21
us,V1_window,1999-05,150.0,1.0,20
us,V1_window,1999-06,150.0,1.0,22
us,V1_window,1999-07,70.0,1.0,21
us,V1_window,1999-08,70.0,1.0,22
us,V1_window,1999-09,70.0,1.0,21
us,V1_window,1999-10,70.0,1.0,21
us,V1_window,1999-11,70.0,1.0,21
us,V1_window,1999-12,5.0,1.0,22
us,V1_window,2000-01,70.0,0.85,20
us,V1_window,2000-02,0.0,1.0,20
us,V1_window,2000-03,5.0,0.8695652173913043,23
us,V1_window,2000-04,70.0,0.9473684210526315,19
us,V1_window,2000-05,0.0,1.0,22
us,V1_window,2000-06,0.0,1.0,22
us,V1_window,2000-07,0.0,1.0,20
us,V1_window,2000-08,0.0,1.0,23
us,V1_window,2000-09,0.0,1.0,20
us,V1_window,2000-10,0.0,1.0,22
us,V1_window,2000-11,0.0,1.0,21
us,V1_window,2000-12,0.0,1.0,20
us,V1_window,2001-01,0.0,1.0,21
us,V1_window,2001-02,0.0,1.0,19
us,V1_window,2001-03,0.0,1.0,22
us,V1_window,2001-04,0.0,1.0,20
us,V1_window,2001-05,0.0,1.0,22
us,V1_window,2001-06,0.0,1.0,21
us,V1_window,2001-07,0.0,1.0,21
us,V1_window,2001-08,0.0,1.0,23
us,V1_window,2001-09,0.0,1.0,15
us,V1_window,2001-10,0.0,1.0,23
us,V1_window,2001-11,0.0,1.0,21
us,V1_window,2001-12,0.0,1.0,20
us,V1_window,2002-01,0.0,1.0,21
us,V1_window,2002-02,0.0,1.0,19
us,V1_window,2002-03,5.0,1.0,20
us,V1_window,2002-04,0.0,1.0,22
us,V1_window,2002-05,0.0,1.0,22
us,V1_window,2002-06,0.0,1.0,20
us,V1_window,2002-07,0.0,1.0,22
us,V1_window,2002-08,0.0,1.0,22
us,V1_window,2002-09,0.0,1.0,20
us,V1_window,2002-10,0.0,1.0,23
us,V1_window,2002-11,0.0,1.0,20
us,V1_window,2002-12,0.0,1.0,21
us,V1_window,2003-01,0.0,1.0,21
us,V1_window,2003-02,0.0,1.0,19
us,V1_window,2003-03,0.0,1.0,21
us,V1_window,2003-04,5.0,1.0,21
us,V1_window,2003-05,35.0,0.8571428571428571,21
us,V1_window,2003-06,0.0,1.0,21
us,V1_window,2003-07,0.0,1.0,22
us,V1_window,2003-08,5.0,1.0,21
us,V1_window,2003-09,5.0,1.0,21
us,V1_window,2003-10,0.0,1.0,23
us,V1_window,2003-11,0.0,1.0,19
us,V1_window,2003-12,0.0,1.0,22
us,V1_window,2004-01,0.0,1.0,20
us,V1_window,2004-02,0.0,1.0,19
us,V1_window,2004-03,15.0,1.0,23
us,V1_window,2004-04,5.0,1.0,21
us,V1_window,2004-05,35.0,1.0,20
us,V1_window,2004-06,0.0,1.0,21
us,V1_window,2004-07,35.0,1.0,21
us,V1_window,2004-08,35.0,1.0,22
us,V1_window,2004-09,35.0,1.0,21
us,V1_window,2004-10,15.0,1.0,21
us,V1_window,2004-11,0.0,1.0,21
us,V1_window,2004-12,0.0,1.0,22
us,V1_window,2005-01,5.0,1.0,20
us,V1_window,2005-02,5.0,1.0,19
us,V1_window,2005-03,15.0,1.0,22
us,V1_window,2005-04,35.0,1.0,21
us,V1_window,2005-05,35.0,1.0,21
us,V1_window,2005-06,5.0,1.0,22
us,V1_window,2005-07,5.0,1.0,20
us,V1_window,2005-08,5.0,1.0,23
us,V1_window,2005-09,5.0,1.0,21
us,V1_window,2005-10,35.0,1.0,21
us,V1_window,2005-11,35.0,1.0,21
us,V1_window,2005-12,0.0,1.0,21
us,V1_window,2006-01,5.0,1.0,20
us,V1_window,2006-02,5.0,1.0,19
us,V1_window,2006-03,0.0,1.0,23
us,V1_window,2006-04,5.0,1.0,19
us,V1_window,2006-05,35.0,1.0,22
us,V1_window,2006-06,70.0,1.0,22
us,V1_window,2006-07,70.0,1.0,20
us,V1_window,2006-08,70.0,1.0,23
us,V1_window,2006-09,0.0,1.0,20
us,V1_window,2006-10,0.0,1.0,22
us,V1_window,2006-11,0.0,1.0,21
us,V1_window,2006-12,0.0,1.0,20
us,V1_window,2007-01,0.0,1.0,20
us,V1_window,2007-02,5.0,1.0,19
us,V1_window,2007-03,35.0,1.0,22
us,V1_window,2007-04,35.0,1.0,20
us,V1_window,2007-05,0.0,1.0,22
us,V1_window,2007-06,5.0,1.0,21
us,V1_window,2007-07,15.0,1.0,21
us,V1_window,2007-08,35.0,0.8695652173913043,23
us,V1_window,2007-09,0.0,0.7894736842105263,19
us,V1_window,2007-10,150.0,1.0,23
us,V1_window,2007-11,150.0,1.0,21
us,V1_window,2007-12,150.0,0.05,20
us,V1_window,2008-01,0.0,0.9047619047619048,21
us,V1_window,2008-02,0.0,1.0,20
us,V1_window,2008-03,0.0,1.0,20
us,V1_window,2008-04,0.0,1.0,22
us,V1_window,2008-05,15.0,1.0,21
us,V1_window,2008-06,0.0,1.0,21
us,V1_window,2008-07,0.0,1.0,22
us,V1_window,2008-08,0.0,1.0,21
us,V1_window,2008-09,0.0,1.0,21
us,V1_window,2008-10,0.0,1.0,23
us,V1_window,2008-11,0.0,1.0,19
us,V1_window,2008-12,0.0,1.0,22
us,V1_window,2009-01,0.0,1.0,20
us,V1_window,2009-02,0.0,1.0,19
us,V1_window,2009-03,0.0,1.0,22
us,V1_window,2009-04,0.0,1.0,21
us,V1_window,2009-05,5.0,1.0,20
us,V1_window,2009-06,15.0,0.5909090909090909,22
us,V1_window,2009-07,15.0,1.0,22
us,V1_window,2009-08,0.0,1.0,21
us,V1_window,2009-09,0.0,1.0,21
us,V1_window,2009-10,0.0,1.0,22
us,V1_window,2009-11,0.0,1.0,20
us,V1_window,2009-12,0.0,1.0,22
us,V1_window,2010-01,5.0,1.0,19
us,V1_window,2010-02,15.0,1.0,19
us,V1_window,2010-03,0.0,1.0,23
us,V1_window,2010-04,0.0,1.0,21
us,V1_window,2010-05,35.0,1.0,20
us,V1_window,2010-06,70.0,1.0,22
us,V1_window,2010-07,150.0,1.0,21
us,V1_window,2010-08,150.0,1.0,22
us,V1_window,2010-09,150.0,1.0,21
us,V1_window,2010-10,0.0,1.0,21
us,V1_window,2010-11,0.0,1.0,21
us,V1_window,2010-12,0.0,1.0,22
us,V1_window,2011-01,0.0,1.0,20
us,V1_window,2011-02,0.0,1.0,19
us,V1_window,2011-03,5.0,1.0,23
us,V1_window,2011-04,0.0,1.0,20
us,V1_window,2011-05,0.0,1.0,21
us,V1_window,2011-06,15.0,1.0,22
us,V1_window,2011-07,35.0,1.0,20
us,V1_window,2011-08,70.0,0.9565217391304348,23
us,V1_window,2011-09,0.0,1.0,21
us,V1_window,2011-10,0.0,0.8571428571428571,21
us,V1_window,2011-11,0.0,0.047619047619047616,21
us,V1_window,2011-12,0.0,0.47619047619047616,21
us,V1_window,2012-01,0.0,1.0,20
us,V1_window,2012-02,0.0,1.0,20
us,V1_window,2012-03,0.0,1.0,22
us,V1_window,2012-04,0.0,1.0,20
us,V1_window,2012-05,15.0,1.0,22
us,V1_window,2012-06,35.0,1.0,21
us,V1_window,2012-07,0.0,1.0,21
us,V1_window,2012-08,0.0,1.0,23
us,V1_window,2012-09,0.0,1.0,19
us,V1_window,2012-10,0.0,1.0,21
us,V1_window,2012-11,15.0,1.0,21
us,V1_window,2012-12,0.0,1.0,20
us,V1_window,2013-01,0.0,1.0,21
us,V1_window,2013-02,0.0,1.0,19
us,V1_window,2013-03,0.0,1.0,20
us,V1_window,2013-04,0.0,1.0,22
us,V1_window,2013-05,0.0,1.0,22
us,V1_window,2013-06,5.0,1.0,20
us,V1_window,2013-07,0.0,1.0,22
us,V1_window,2013-08,0.0,1.0,22
us,V1_window,2013-09,0.0,1.0,20
us,V1_window,2013-10,0.0,1.0,23
us,V1_window,2013-11,0.0,1.0,20
us,V1_window,2013-12,0.0,1.0,21
us,V1_window,2014-01,0.0,1.0,21
us,V1_window,2014-02,5.0,1.0,19
us,V1_window,2014-03,0.0,1.0,21
us,V1_window,2014-04,5.0,1.0,21
us,V1_window,2014-05,0.0,1.0,21
us,V1_window,2014-06,0.0,1.0,21
us,V1_window,2014-07,0.0,1.0,22
us,V1_window,2014-08,5.0,1.0,21
us,V1_window,2014-09,0.0,1.0,21
us,V1_window,2014-10,35.0,1.0,23
us,V1_window,2014-11,0.0,1.0,19
us,V1_window,2014-12,5.0,1.0,22
us,V1_window,2015-01,5.0,1.0,20
us,V1_window,2015-02,5.0,1.0,19
us,V1_window,2015-03,5.0,1.0,22
us,V1_window,2015-04,5.0,1.0,21
us,V1_window,2015-05,0.0,1.0,20
us,V1_window,2015-06,5.0,1.0,22
us,V1_window,2015-07,15.0,1.0,22
us,V1_window,2015-08,70.0,1.0,21
us,V1_window,2015-09,150.0,1.0,21
us,V1_window,2015-10,150.0,1.0,22
us,V1_window,2015-11,5.0,1.0,20
us,V1_window,2015-12,15.0,1.0,22
us,V1_window,2016-01,70.0,1.0,19
us,V1_window,2016-02,150.0,1.0,20
us,V1_window,2016-03,150.0,1.0,22
us,V1_window,2016-04,0.0,1.0,21
us,V1_window,2016-05,5.0,1.0,21
us,V1_window,2016-06,15.0,1.0,22
us,V1_window,2016-07,15.0,1.0,20
us,V1_window,2016-08,0.0,1.0,23
us,V1_window,2016-09,5.0,1.0,21
us,V1_window,2016-10,5.0,1.0,21
us,V1_window,2016-11,15.0,1.0,21
us,V1_window,2016-12,0.0,1.0,21
us,V1_window,2017-01,0.0,1.0,20
us,V1_window,2017-02,0.0,1.0,19
us,V1_window,2017-03,0.0,1.0,23
us,V1_window,2017-04,0.0,1.0,19
us,V1_window,2017-05,0.0,1.0,22
us,V1_window,2017-06,0.0,1.0,22
us,V1_window,2017-07,0.0,1.0,20
us,V1_window,2017-08,0.0,1.0,23
us,V1_window,2017-09,0.0,1.0,20
us,V1_window,2017-10,0.0,1.0,22
us,V1_window,2017-11,0.0,1.0,21
us,V1_window,2017-12,0.0,1.0,20
us,V1_window,2018-01,0.0,1.0,21
us,V1_window,2018-02,15.0,1.0,19
us,V1_window,2018-03,15.0,1.0,21
us,V1_window,2018-04,70.0,1.0,21
us,V1_window,2018-05,70.0,1.0,22
us,V1_window,2018-06,5.0,1.0,21
us,V1_window,2018-07,5.0,1.0,21
us,V1_window,2018-08,0.0,1.0,23
us,V1_window,2018-09,0.0,1.0,19
us,V1_window,2018-10,70.0,1.0,23
us,V1_window,2018-11,150.0,1.0,21
us,V1_window,2018-12,150.0,0.7368421052631579,19
us,V1_window,2019-01,150.0,0.7619047619047619,21
us,V1_window,2019-02,150.0,1.0,19
us,V1_window,2019-03,0.0,1.0,21
us,V1_window,2019-04,0.0,1.0,21
us,V1_window,2019-05,15.0,1.0,22
us,V1_window,2019-06,15.0,1.0,20
us,V1_window,2019-07,0.0,1.0,22
us,V1_window,2019-08,35.0,1.0,22
us,V1_window,2019-09,35.0,1.0,20
us,V1_window,2019-10,15.0,1.0,23
us,V1_window,2019-11,0.0,1.0,20
us,V1_window,2019-12,0.0,1.0,21
us,V1_window,2020-01,0.0,1.0,21
us,V1_window,2020-02,35.0,1.0,19
us,V1_window,2020-03,70.0,1.0,22
us,V1_window,2020-04,0.0,1.0,21
us,V1_window,2020-05,0.0,1.0,20
us,V1_window,2020-06,0.0,0.3181818181818182,22
us,V1_window,2020-07,0.0,0.5909090909090909,22
us,V1_window,2020-08,0.0,1.0,21
us,V1_window,2020-09,15.0,1.0,21
us,V1_window,2020-10,15.0,1.0,22
us,V1_window,2020-11,15.0,1.0,20
us,V1_window,2020-12,0.0,1.0,22
us,V1_window,2021-01,5.0,1.0,19
us,V1_window,2021-02,5.0,1.0,19
us,V1_window,2021-03,5.0,1.0,23
us,V1_window,2021-04,0.0,1.0,21
us,V1_window,2021-05,0.0,1.0,20
us,V1_window,2021-06,0.0,1.0,22
us,V1_window,2021-07,0.0,1.0,21
us,V1_window,2021-08,0.0,1.0,22
us,V1_window,2021-09,5.0,1.0,21
us,V1_window,2021-10,15.0,1.0,21
us,V1_window,2021-11,5.0,1.0,21
us,V1_window,2021-12,5.0,1.0,22
us,V1_window,2022-01,15.0,0.85,20
us,V1_window,2022-02,0.0,0.7368421052631579,19
us,V1_window,2022-03,0.0,1.0,23
us,V1_window,2022-04,0.0,0.8,20
us,V1_window,2022-05,0.0,1.0,21
us,V1_window,2022-06,0.0,1.0,21
us,V1_window,2022-07,0.0,1.0,20
us,V1_window,2022-08,0.0,0.5217391304347826,23
us,V1_window,2022-09,0.0,1.0,21
us,V1_window,2022-10,0.0,1.0,21
us,V1_window,2022-11,0.0,1.0,21
us,V1_window,2022-12,0.0,1.0,21
us,V1_window,2023-01,5.0,1.0,20
us,V1_window,2023-02,35.0,0.7368421052631579,19
us,V1_window,2023-03,0.0,1.0,23
us,V1_window,2023-04,35.0,1.0,19
us,V1_window,2023-05,35.0,0.9090909090909091,22
us,V1_window,2023-06,0.0,1.0,21
us,V1_window,2023-07,0.0,1.0,20
us,V1_window,2023-08,15.0,1.0,23
us,V1_window,2023-09,35.0,1.0,20
us,V1_window,2023-10,70.0,1.0,22
us,V1_window,2023-11,70.0,1.0,21
us,V1_window,2023-12,0.0,1.0,18
us,V3_frozen,1990-01,0.0,0.6363636363636364,22
us,V3_frozen,1990-02,0.0,0.0,19
us,V3_frozen,1990-03,0.0,0.0,22
us,V3_frozen,1990-04,0.0,0.3,20
us,V3_frozen,1990-05,0.0,0.7727272727272727,22
us,V3_frozen,1990-06,0.0,1.0,21
us,V3_frozen,1990-07,0.0,1.0,21
us,V3_frozen,1990-08,0.0,1.0,23
us,V3_frozen,1990-09,0.0,1.0,19
us,V3_frozen,1990-10,0.0,1.0,23
us,V3_frozen,1990-11,0.0,1.0,21
us,V3_frozen,1990-12,0.0,1.0,20
us,V3_frozen,1991-01,0.0,1.0,22
us,V3_frozen,1991-02,0.0,1.0,19
us,V3_frozen,1991-03,0.0,1.0,20
us,V3_frozen,1991-04,0.0,1.0,22
us,V3_frozen,1991-05,0.0,1.0,22
us,V3_frozen,1991-06,0.0,1.0,20
us,V3_frozen,1991-07,0.0,1.0,22
us,V3_frozen,1991-08,0.0,1.0,22
us,V3_frozen,1991-09,0.0,1.0,20
us,V3_frozen,1991-10,0.0,1.0,23
us,V3_frozen,1991-11,0.0,1.0,20
us,V3_frozen,1991-12,0.0,1.0,21
us,V3_frozen,1992-01,0.0,1.0,22
us,V3_frozen,1992-02,0.0,1.0,19
us,V3_frozen,1992-03,0.0,1.0,22
us,V3_frozen,1992-04,0.0,1.0,21
us,V3_frozen,1992-05,0.0,1.0,20
us,V3_frozen,1992-06,0.0,1.0,22
us,V3_frozen,1992-07,0.0,1.0,22
us,V3_frozen,1992-08,0.0,1.0,21
us,V3_frozen,1992-09,0.0,1.0,21
us,V3_frozen,1992-10,0.0,1.0,22
us,V3_frozen,1992-11,0.0,1.0,20
us,V3_frozen,1992-12,0.0,1.0,22
us,V3_frozen,1993-01,0.0,1.0,20
us,V3_frozen,1993-02,0.0,1.0,19
us,V3_frozen,1993-03,0.0,1.0,23
us,V3_frozen,1993-04,0.0,1.0,21
us,V3_frozen,1993-05,0.0,1.0,20
us,V3_frozen,1993-06,0.0,1.0,22
us,V3_frozen,1993-07,0.0,1.0,21
us,V3_frozen,1993-08,0.0,1.0,22
us,V3_frozen,1993-09,0.0,1.0,21
us,V3_frozen,1993-10,0.0,1.0,21
us,V3_frozen,1993-11,0.0,1.0,21
us,V3_frozen,1993-12,0.0,1.0,22
us,V3_frozen,1994-01,0.0,1.0,21
us,V3_frozen,1994-02,0.0,1.0,19
us,V3_frozen,1994-03,0.0,1.0,23
us,V3_frozen,1994-04,0.0,1.0,19
us,V3_frozen,1994-05,0.0,1.0,21
us,V3_frozen,1994-06,0.0,1.0,22
us,V3_frozen,1994-07,0.0,1.0,20
us,V3_frozen,1994-08,0.0,1.0,23
us,V3_frozen,1994-09,0.0,1.0,21
us,V3_frozen,1994-10,0.0,1.0,21
us,V3_frozen,1994-11,0.0,1.0,21
us,V3_frozen,1994-12,0.0,1.0,21
us,V3_frozen,1995-01,0.0,1.0,21
us,V3_frozen,1995-02,0.0,1.0,19
us,V3_frozen,1995-03,0.0,1.0,23
us,V3_frozen,1995-04,0.0,1.0,19
us,V3_frozen,1995-05,0.0,1.0,22
us,V3_frozen,1995-06,0.0,1.0,22
us,V3_frozen,1995-07,0.0,1.0,20
us,V3_frozen,1995-08,0.0,1.0,23
us,V3_frozen,1995-09,0.0,1.0,20
us,V3_frozen,1995-10,0.0,1.0,22
us,V3_frozen,1995-11,0.0,1.0,21
us,V3_frozen,1995-12,0.0,1.0,20
us,V3_frozen,1996-01,0.0,1.0,22
us,V3_frozen,1996-02,0.0,1.0,20
us,V3_frozen,1996-03,0.0,1.0,21
us,V3_frozen,1996-04,0.0,1.0,21
us,V3_frozen,1996-05,0.0,1.0,22
us,V3_frozen,1996-06,0.0,1.0,20
us,V3_frozen,1996-07,0.0,1.0,22
us,V3_frozen,1996-08,0.0,1.0,22
us,V3_frozen,1996-09,0.0,1.0,20
us,V3_frozen,1996-10,0.0,1.0,23
us,V3_frozen,1996-11,0.0,1.0,20
us,V3_frozen,1996-12,0.0,1.0,21
us,V3_frozen,1997-01,0.0,1.0,22
us,V3_frozen,1997-02,0.0,1.0,19
us,V3_frozen,1997-03,0.0,1.0,20
us,V3_frozen,1997-04,0.0,1.0,22
us,V3_frozen,1997-05,0.0,1.0,21
us,V3_frozen,1997-06,0.0,1.0,21
us,V3_frozen,1997-07,0.0,1.0,22
us,V3_frozen,1997-08,0.0,1.0,21
us,V3_frozen,1997-09,0.0,1.0,21
us,V3_frozen,1997-10,5.0,1.0,23
us,V3_frozen,1997-11,0.0,1.0,19
us,V3_frozen,1997-12,0.0,1.0,22
us,V3_frozen,1998-01,0.0,1.0,20
us,V3_frozen,1998-02,0.0,1.0,19
us,V3_frozen,1998-03,0.0,1.0,22
us,V3_frozen,1998-04,0.0,1.0,21
us,V3_frozen,1998-05,0.0,1.0,20
us,V3_frozen,1998-06,0.0,1.0,22
us,V3_frozen,1998-07,0.0,1.0,22
us,V3_frozen,1998-08,35.0,1.0,21
us,V3_frozen,1998-09,150.0,1.0,21
us,V3_frozen,1998-10,5.0,1.0,22
us,V3_frozen,1998-11,0.0,1.0,20
us,V3_frozen,1998-12,0.0,1.0,22
us,V3_frozen,1999-01,0.0,1.0,19
us,V3_frozen,1999-02,0.0,1.0,19
us,V3_frozen,1999-03,0.0,1.0,23
us,V3_frozen,1999-04,0.0,1.0,21
us,V3_frozen,1999-05,0.0,1.0,20
us,V3_frozen,1999-06,0.0,1.0,22
us,V3_frozen,1999-07,0.0,1.0,21
us,V3_frozen,1999-08,0.0,1.0,22
us,V3_frozen,1999-09,0.0,1.0,21
us,V3_frozen,1999-10,0.0,1.0,21
us,V3_frozen,1999-11,0.0,1.0,21
us,V3_frozen,1999-12,0.0,1.0,22
us,V3_frozen,2000-01,15.0,0.45,20
us,V3_frozen,2000-02,0.0,1.0,20
us,V3_frozen,2000-03,0.0,0.8695652173913043,23
us,V3_frozen,2000-04,0.0,0.05263157894736842,19
us,V3_frozen,2000-05,0.0,1.0,22
us,V3_frozen,2000-06,0.0,1.0,22
us,V3_frozen,2000-07,5.0,1.0,20
us,V3_frozen,2000-08,15.0,1.0,23
us,V3_frozen,2000-09,35.0,1.0,20
us,V3_frozen,2000-10,0.0,1.0,22
us,V3_frozen,2000-11,0.0,1.0,21
us,V3_frozen,2000-12,0.0,1.0,20
us,V3_frozen,2001-01,0.0,1.0,21
us,V3_frozen,2001-02,0.0,1.0,19
us,V3_frozen,2001-03,0.0,1.0,22
us,V3_frozen,2001-04,0.0,1.0,20
us,V3_frozen,2001-05,5.0,1.0,22
us,V3_frozen,2001-06,0.0,1.0,21
us,V3_frozen,2001-07,0.0,1.0,21
us,V3_frozen,2001-08,0.0,1.0,23
us,V3_frozen,2001-09,0.0,1.0,15
us,V3_frozen,2001-10,0.0,1.0,23
us,V3_frozen,2001-11,5.0,1.0,21
us,V3_frozen,2001-12,5.0,1.0,20
us,V3_frozen,2002-01,15.0,1.0,21
us,V3_frozen,2002-02,0.0,1.0,19
us,V3_frozen,2002-03,15.0,1.0,20
us,V3_frozen,2002-04,0.0,1.0,22
us,V3_frozen,2002-05,0.0,1.0,22
us,V3_frozen,2002-06,0.0,1.0,20
us,V3_frozen,2002-07,0.0,1.0,22
us,V3_frozen,2002-08,0.0,1.0,22
us,V3_frozen,2002-09,0.0,1.0,20
us,V3_frozen,2002-10,0.0,1.0,23
us,V3_frozen,2002-11,0.0,1.0,20
us,V3_frozen,2002-12,0.0,1.0,21
us,V3_frozen,2003-01,5.0,1.0,21
us,V3_frozen,2003-02,0.0,1.0,19
us,V3_frozen,2003-03,0.0,1.0,21
us,V3_frozen,2003-04,5.0,1.0,21
us,V3_frozen,2003-05,35.0,0.8571428571428571,21
us,V3_frozen,2003-06,0.0,1.0,21
us,V3_frozen,2003-07,0.0,1.0,22
us,V3_frozen,2003-08,5.0,1.0,21
us,V3_frozen,2003-09,0.0,1.0,21
us,V3_frozen,2003-10,0.0,1.0,23
us,V3_frozen,2003-11,0.0,1.0,19
us,V3_frozen,2003-12,0.0,1.0,22
us,V3_frozen,2004-01,0.0,1.0,20
us,V3_frozen,2004-02,0.0,1.0,19
us,V3_frozen,2004-03,5.0,1.0,23
us,V3_frozen,2004-04,0.0,1.0,21
us,V3_frozen,2004-05,5.0,1.0,20
us,V3_frozen,2004-06,0.0,1.0,21
us,V3_frozen,2004-07,0.0,1.0,21
us,V3_frozen,2004-08,15.0,1.0,22
us,V3_frozen,2004-09,0.0,1.0,21
us,V3_frozen,2004-10,0.0,1.0,21
us,V3_frozen,2004-11,0.0,1.0,21
us,V3_frozen,2004-12,0.0,1.0,22
us,V3_frozen,2005-01,0.0,1.0,20
us,V3_frozen,2005-02,0.0,1.0,19
us,V3_frozen,2005-03,0.0,1.0,22
us,V3_frozen,2005-04,15.0,1.0,21
us,V3_frozen,2005-05,15.0,1.0,21
us,V3_frozen,2005-06,0.0,1.0,22
us,V3_frozen,2005-07,0.0,1.0,20
us,V3_frozen,2005-08,0.0,1.0,23
us,V3_frozen,2005-09,0.0,1.0,21
us,V3_frozen,2005-10,5.0,1.0,21
us,V3_frozen,2005-11,0.0,1.0,21
us,V3_frozen,2005-12,0.0,1.0,21
us,V3_frozen,2006-01,0.0,1.0,20
us,V3_frozen,2006-02,0.0,1.0,19
us,V3_frozen,2006-03,0.0,1.0,23
us,V3_frozen,2006-04,0.0,1.0,19
us,V3_frozen,2006-05,5.0,1.0,22
us,V3_frozen,2006-06,35.0,1.0,22
us,V3_frozen,2006-07,35.0,1.0,20
us,V3_frozen,2006-08,0.0,1.0,23
us,V3_frozen,2006-09,0.0,1.0,20
us,V3_frozen,2006-10,0.0,1.0,22
us,V3_frozen,2006-11,0.0,1.0,21
us,V3_frozen,2006-12,0.0,1.0,20
us,V3_frozen,2007-01,0.0,1.0,20
us,V3_frozen,2007-02,15.0,1.0,19
us,V3_frozen,2007-03,35.0,1.0,22
us,V3_frozen,2007-04,0.0,1.0,20
us,V3_frozen,2007-05,0.0,1.0,22
us,V3_frozen,2007-06,0.0,1.0,21
us,V3_frozen,2007-07,15.0,1.0,21
us,V3_frozen,2007-08,70.0,0.9130434782608695,23
us,V3_frozen,2007-09,5.0,0.7894736842105263,19
us,V3_frozen,2007-10,5.0,1.0,23
us,V3_frozen,2007-11,150.0,0.6666666666666666,21
us,V3_frozen,2007-12,0.0,0.0,20
us,V3_frozen,2008-01,0.0,0.9047619047619048,21
us,V3_frozen,2008-02,0.0,1.0,20
us,V3_frozen,2008-03,0.0,1.0,20
us,V3_frozen,2008-04,5.0,1.0,22
us,V3_frozen,2008-05,35.0,1.0,21
us,V3_frozen,2008-06,35.0,1.0,21
us,V3_frozen,2008-07,0.0,1.0,22
us,V3_frozen,2008-08,0.0,1.0,21
us,V3_frozen,2008-09,0.0,1.0,21
us,V3_frozen,2008-10,0.0,1.0,23
us,V3_frozen,2008-11,0.0,1.0,19
us,V3_frozen,2008-12,0.0,1.0,22
us,V3_frozen,2009-01,0.0,1.0,20
us,V3_frozen,2009-02,0.0,1.0,19
us,V3_frozen,2009-03,0.0,1.0,22
us,V3_frozen,2009-04,5.0,1.0,21
us,V3_frozen,2009-05,35.0,0.25,20
us,V3_frozen,2009-06,0.0,0.4090909090909091,22
us,V3_frozen,2009-07,0.0,1.0,22
us,V3_frozen,2009-08,0.0,1.0,21
us,V3_frozen,2009-09,0.0,1.0,21
us,V3_frozen,2009-10,0.0,1.0,22
us,V3_frozen,2009-11,0.0,1.0,20
us,V3_frozen,2009-12,0.0,1.0,22
us,V3_frozen,2010-01,0.0,1.0,19
us,V3_frozen,2010-02,0.0,1.0,19
us,V3_frozen,2010-03,0.0,1.0,23
us,V3_frozen,2010-04,0.0,1.0,21
us,V3_frozen,2010-05,15.0,1.0,20
us,V3_frozen,2010-06,35.0,1.0,22
us,V3_frozen,2010-07,0.0,1.0,21
us,V3_frozen,2010-08,0.0,1.0,22
us,V3_frozen,2010-09,0.0,1.0,21
us,V3_frozen,2010-10,0.0,1.0,21
us,V3_frozen,2010-11,0.0,1.0,21
us,V3_frozen,2010-12,0.0,1.0,22
us,V3_frozen,2011-01,0.0,1.0,20
us,V3_frozen,2011-02,0.0,1.0,19
us,V3_frozen,2011-03,0.0,1.0,23
us,V3_frozen,2011-04,0.0,1.0,20
us,V3_frozen,2011-05,0.0,1.0,21
us,V3_frozen,2011-06,0.0,1.0,22
us,V3_frozen,2011-07,0.0,1.0,20
us,V3_frozen,2011-08,150.0,0.9130434782608695,23
us,V3_frozen,2011-09,0.0,1.0,21
us,V3_frozen,2011-10,150.0,1.0,21
us,V3_frozen,2011-11,15.0,1.0,21
us,V3_frozen,2011-12,0.0,1.0,21
us,V3_frozen,2012-01,0.0,1.0,20
us,V3_frozen,2012-02,0.0,1.0,20
us,V3_frozen,2012-03,0.0,1.0,22
us,V3_frozen,2012-04,0.0,1.0,20
us,V3_frozen,2012-05,0.0,1.0,22
us,V3_frozen,2012-06,0.0,1.0,21
us,V3_frozen,2012-07,0.0,1.0,21
us,V3_frozen,2012-08,0.0,1.0,23
us,V3_frozen,2012-09,0.0,1.0,19
us,V3_frozen,2012-10,0.0,1.0,21
us,V3_frozen,2012-11,0.0,1.0,21
us,V3_frozen,2012-12,0.0,1.0,20
us,V3_frozen,2013-01,0.0,1.0,21
us,V3_frozen,2013-02,0.0,1.0,19
us,V3_frozen,2013-03,0.0,1.0,20
us,V3_frozen,2013-04,0.0,1.0,22
us,V3_frozen,2013-05,0.0,1.0,22
us,V3_frozen,2013-06,0.0,1.0,20
us,V3_frozen,2013-07,0.0,1.0,22
us,V3_frozen,2013-08,0.0,1.0,22
us,V3_frozen,2013-09,0.0,1.0,20
us,V3_frozen,2013-10,0.0,1.0,23
us,V3_frozen,2013-11,0.0,1.0,20
us,V3_frozen,2013-12,0.0,1.0,21
us,V3_frozen,2014-01,0.0,1.0,21
us,V3_frozen,2014-02,0.0,1.0,19
us,V3_frozen,2014-03,0.0,1.0,21
us,V3_frozen,2014-04,0.0,1.0,21
us,V3_frozen,2014-05,0.0,1.0,21
us,V3_frozen,2014-06,0.0,1.0,21
us,V3_frozen,2014-07,0.0,1.0,22
us,V3_frozen,2014-08,0.0,1.0,21
us,V3_frozen,2014-09,0.0,1.0,21
us,V3_frozen,2014-10,0.0,1.0,23
us,V3_frozen,2014-11,0.0,1.0,19
us,V3_frozen,2014-12,0.0,1.0,22
us,V3_frozen,2015-01,0.0,1.0,20
us,V3_frozen,2015-02,0.0,1.0,19
us,V3_frozen,2015-03,0.0,1.0,22
us,V3_frozen,2015-04,0.0,1.0,21
us,V3_frozen,2015-05,0.0,1.0,20
us,V3_frozen,2015-06,0.0,1.0,22
us,V3_frozen,2015-07,0.0,1.0,22
us,V3_frozen,2015-08,15.0,1.0,21
us,V3_frozen,2015-09,15.0,1.0,21
us,V3_frozen,2015-10,0.0,1.0,22
us,V3_frozen,2015-11,0.0,1.0,20
us,V3_frozen,2015-12,0.0,1.0,22
us,V3_frozen,2016-01,0.0,1.0,19
us,V3_frozen,2016-02,0.0,1.0,20
us,V3_frozen,2016-03,0.0,1.0,22
us,V3_frozen,2016-04,0.0,1.0,21
us,V3_frozen,2016-05,0.0,1.0,21
us,V3_frozen,2016-06,0.0,1.0,22
us,V3_frozen,2016-07,0.0,1.0,20
us,V3_frozen,2016-08,0.0,1.0,23
us,V3_frozen,2016-09,0.0,1.0,21
us,V3_frozen,2016-10,0.0,1.0,21
us,V3_frozen,2016-11,0.0,1.0,21
us,V3_frozen,2016-12,0.0,1.0,21
us,V3_frozen,2017-01,0.0,1.0,20
us,V3_frozen,2017-02,0.0,1.0,19
us,V3_frozen,2017-03,0.0,1.0,23
us,V3_frozen,2017-04,0.0,1.0,19
us,V3_frozen,2017-05,0.0,1.0,22
us,V3_frozen,2017-06,0.0,1.0,22
us,V3_frozen,2017-07,0.0,1.0,20
us,V3_frozen,2017-08,0.0,1.0,23
us,V3_frozen,2017-09,0.0,1.0,20
us,V3_frozen,2017-10,0.0,1.0,22
us,V3_frozen,2017-11,0.0,1.0,21
us,V3_frozen,2017-12,0.0,1.0,20
us,V3_frozen,2018-01,0.0,1.0,21
us,V3_frozen,2018-02,15.0,1.0,19
us,V3_frozen,2018-03,0.0,1.0,21
us,V3_frozen,2018-04,0.0,1.0,21
us,V3_frozen,2018-05,0.0,1.0,22
us,V3_frozen,2018-06,0.0,1.0,21
us,V3_frozen,2018-07,0.0,1.0,21
us,V3_frozen,2018-08,0.0,1.0,23
us,V3_frozen,2018-09,0.0,1.0,19
us,V3_frozen,2018-10,35.0,1.0,23
us,V3_frozen,2018-11,35.0,1.0,21
us,V3_frozen,2018-12,35.0,0.8421052631578947,19
us,V3_frozen,2019-01,15.0,0.7619047619047619,21
us,V3_frozen,2019-02,0.0,1.0,19
us,V3_frozen,2019-03,0.0,1.0,21
us,V3_frozen,2019-04,0.0,1.0,21
us,V3_frozen,2019-05,0.0,1.0,22
us,V3_frozen,2019-06,0.0,1.0,20
us,V3_frozen,2019-07,0.0,1.0,22
us,V3_frozen,2019-08,15.0,1.0,22
us,V3_frozen,2019-09,0.0,1.0,20
us,V3_frozen,2019-10,0.0,1.0,23
us,V3_frozen,2019-11,0.0,1.0,20
us,V3_frozen,2019-12,0.0,1.0,21
us,V3_frozen,2020-01,0.0,1.0,21
us,V3_frozen,2020-02,15.0,1.0,19
us,V3_frozen,2020-03,150.0,0.9545454545454546,22
us,V3_frozen,2020-04,0.0,1.0,21
us,V3_frozen,2020-05,0.0,1.0,20
us,V3_frozen,2020-06,35.0,0.9545454545454546,22
us,V3_frozen,2020-07,0.0,1.0,22
us,V3_frozen,2020-08,0.0,1.0,21
us,V3_frozen,2020-09,0.0,1.0,21
us,V3_frozen,2020-10,0.0,1.0,22
us,V3_frozen,2020-11,0.0,1.0,20
us,V3_frozen,2020-12,0.0,1.0,22
us,V3_frozen,2021-01,0.0,1.0,19
us,V3_frozen,2021-02,0.0,1.0,19
us,V3_frozen,2021-03,0.0,1.0,23
us,V3_frozen,2021-04,0.0,1.0,21
us,V3_frozen,2021-05,0.0,1.0,20
us,V3_frozen,2021-06,0.0,1.0,22
us,V3_frozen,2021-07,0.0,1.0,21
us,V3_frozen,2021-08,0.0,1.0,22
us,V3_frozen,2021-09,0.0,1.0,21
us,V3_frozen,2021-10,0.0,1.0,21
us,V3_frozen,2021-11,0.0,1.0,21
us,V3_frozen,2021-12,0.0,1.0,22
us,V3_frozen,2022-01,5.0,0.9,20
us,V3_frozen,2022-02,0.0,0.6842105263157895,19
us,V3_frozen,2022-03,15.0,1.0,23
us,V3_frozen,2022-04,0.0,0.7,20
us,V3_frozen,2022-05,0.0,1.0,21
us,V3_frozen,2022-06,0.0,1.0,21
us,V3_frozen,2022-07,5.0,1.0,20
us,V3_frozen,2022-08,150.0,0.9565217391304348,23
us,V3_frozen,2022-09,5.0,1.0,21
us,V3_frozen,2022-10,0.0,1.0,21
us,V3_frozen,2022-11,15.0,1.0,21
us,V3_frozen,2022-12,15.0,0.7619047619047619,21
us,V3_frozen,2023-01,70.0,1.0,20
us,V3_frozen,2023-02,0.0,0.2631578947368421,19
us,V3_frozen,2023-03,0.0,0.34782608695652173,23
us,V3_frozen,2023-04,0.0,0.0,19
us,V3_frozen,2023-05,0.0,0.3181818181818182,22
us,V3_frozen,2023-06,0.0,1.0,21
us,V3_frozen,2023-07,0.0,1.0,20
us,V3_frozen,2023-08,0.0,1.0,23
us,V3_frozen,2023-09,0.0,1.0,20
us,V3_frozen,2023-10,5.0,1.0,22
us,V3_frozen,2023-11,0.0,1.0,21
us,V3_frozen,2023-12,0.0,1.0,18
de,V0_expanding,1990-01,0.0,1.0,22
de,V0_expanding,1990-02,0.0,1.0,20
de,V0_expanding,1990-03,0.0,1.0,22
de,V0_expanding,1990-04,0.0,1.0,19
de,V0_expanding,1990-05,0.0,1.0,21
de,V0_expanding,1990-06,0.0,1.0,19
de,V0_expanding,1990-07,0.0,1.0,22
de,V0_expanding,1990-08,7.196856730011519,1.0,23
de,V0_expanding,1990-09,0.0,1.0,20
de,V0_expanding,1990-10,0.0,1.0,22
de,V0_expanding,1990-11,4.641588833612778,0.9523809523809523,21
de,V0_expanding,1990-12,0.0,1.0,17
de,V0_expanding,1991-01,0.0,1.0,22
de,V0_expanding,1991-02,0.0,1.0,20
de,V0_expanding,1991-03,0.0,1.0,20
de,V0_expanding,1991-04,0.0,1.0,21
de,V0_expanding,1991-05,0.0,1.0,19
de,V0_expanding,1991-06,0.0,1.0,20
de,V0_expanding,1991-07,0.0,1.0,23
de,V0_expanding,1991-08,100.0,0.8181818181818182,22
de,V0_expanding,1991-09,100.0,1.0,21
de,V0_expanding,1991-10,0.0,1.0,22
de,V0_expanding,1991-11,0.0,1.0,20
de,V0_expanding,1991-12,0.0,1.0,18
de,V0_expanding,1992-01,0.0,1.0,22
de,V0_expanding,1992-02,0.0,1.0,20
de,V0_expanding,1992-03,0.0,1.0,22
de,V0_expanding,1992-04,0.0,1.0,20
de,V0_expanding,1992-05,0.0,1.0,19
de,V0_expanding,1992-06,0.0,1.0,20
de,V0_expanding,1992-07,0.0,0.9565217391304348,23
de,V0_expanding,1992-08,0.0,0.9047619047619048,21
de,V0_expanding,1992-09,0.1,0.7727272727272727,22
de,V0_expanding,1992-10,0.0,1.0,22
de,V0_expanding,1992-11,0.0,0.85,20
de,V0_expanding,1992-12,0.0,1.0,20
de,V0_expanding,1993-01,0.0,1.0,20
de,V0_expanding,1993-02,0.0,1.0,20
de,V0_expanding,1993-03,0.0,1.0,23
de,V0_expanding,1993-04,0.0,1.0,20
de,V0_expanding,1993-05,0.0,1.0,19
de,V0_expanding,1993-06,0.0,1.0,21
de,V0_expanding,1993-07,0.0,1.0,22
de,V0_expanding,1993-08,0.0,1.0,22
de,V0_expanding,1993-09,0.0,1.0,22
de,V0_expanding,1993-10,0.0,1.0,21
de,V0_expanding,1993-11,0.0,1.0,21
de,V0_expanding,1993-12,0.0,1.0,21
de,V0_expanding,1994-01,0.0,1.0,21
de,V0_expanding,1994-02,0.0,1.0,20
de,V0_expanding,1994-03,1.0,0.9565217391304348,23
de,V0_expanding,1994-04,0.0,1.0,19
de,V0_expanding,1994-05,0.0,1.0,20
de,V0_expanding,1994-06,0.0,0.9047619047619048,21
de,V0_expanding,1994-07,0.0,0.9523809523809523,21
de,V0_expanding,1994-08,0.0,1.0,23
de,V0_expanding,1994-09,0.0,1.0,22
de,V0_expanding,1994-10,0.0,0.85,20
de,V0_expanding,1994-11,0.0,1.0,21
de,V0_expanding,1994-12,0.0,1.0,21
de,V0_expanding,1995-01,0.0,1.0,22
de,V0_expanding,1995-02,0.0,1.0,20
de,V0_expanding,1995-03,0.0,0.6521739130434783,23
de,V0_expanding,1995-04,0.0,1.0,18
de,V0_expanding,1995-05,0.0,1.0,21
de,V0_expanding,1995-06,0.0,1.0,20
de,V0_expanding,1995-07,0.0,1.0,21
de,V0_expanding,1995-08,0.0,1.0,23
de,V0_expanding,1995-09,0.0,1.0,21
de,V0_expanding,1995-10,1.93069772888325,1.0,21
de,V0_expanding,1995-11,0.0,1.0,22
de,V0_expanding,1995-12,0.0,1.0,19
de,V0_expanding,1996-01,0.0,1.0,22
de,V0_expanding,1996-02,0.0,1.0,21
de,V0_expanding,1996-03,0.0,1.0,21
de,V0_expanding,1996-04,0.0,1.0,20
de,V0_expanding,1996-05,0.0,1.0,20
de,V0_expanding,1996-06,0.0,1.0,19
de,V0_expanding,1996-07,0.0,1.0,23
de,V0_expanding,1996-08,0.0,1.0,22
de,V0_expanding,1996-09,0.0,1.0,21
de,V0_expanding,1996-10,0.0,1.0,22
de,V0_expanding,1996-11,0.0,1.0,21
de,V0_expanding,1996-12,0.0,1.0,18
de,V0_expanding,1997-01,0.0,1.0,22
de,V0_expanding,1997-02,0.0,1.0,20
de,V0_expanding,1997-03,0.0,1.0,19
de,V0_expanding,1997-04,1.0,1.0,22
de,V0_expanding,1997-05,0.0,1.0,18
de,V0_expanding,1997-06,0.0,1.0,21
de,V0_expanding,1997-07,0.0,1.0,23
de,V0_expanding,1997-08,4.641588833612778,1.0,21
de,V0_expanding,1997-09,10.0,0.9090909090909091,22
de,V0_expanding,1997-10,0.0,0.9545454545454546,22
de,V0_expanding,1997-11,0.0,0.9,20
de,V0_expanding,1997-12,0.1,1.0,19
de,V0_expanding,1998-01,0.0,1.0,21
de,V0_expanding,1998-02,0.0,1.0,20
de,V0_expanding,1998-03,0.0,1.0,22
de,V0_expanding,1998-04,0.0,1.0,20
de,V0_expanding,1998-05,0.0,1.0,19
de,V0_expanding,1998-06,0.0,1.0,20
de,V0_expanding,1998-07,0.0,1.0,23
de,V0_expanding,1998-08,10.0,0.9047619047619048,21
de,V0_expanding,1998-09,0.0,1.0,22
de,V0_expanding,1998-10,0.0,1.0,22
de,V0_expanding,1998-11,500.0,0.7142857142857143,21
de,V0_expanding,1998-12,0.0,0.8,20
de,V0_expanding,1999-01,500.0,0.95,20
de,V0_expanding,1999-02,500.0,1.0,20
de,V0_expanding,1999-03,500.0,1.0,23
de,V0_expanding,1999-04,0.0,1.0,20
de,V0_expanding,1999-05,0.0,1.0,19
de,V0_expanding,1999-06,0.0,1.0,21
de,V0_expanding,1999-07,1.93069772888325,1.0,22
de,V0_expanding,1999-08,3.72759372031494,1.0,22
de,V0_expanding,1999-09,0.0,1.0,22
de,V0_expanding,1999-10,0.0,1.0,21
de,V0_expanding,1999-11,0.0,1.0,22
de,V0_expanding,1999-12,0.0,1.0,21
de,V0_expanding,2000-01,0.0,1.0,21
de,V0_expanding,2000-02,0.0,1.0,21
de,V0_expanding,2000-03,3.72759372031494,1.0,23
de,V0_expanding,2000-04,15.0,1.0,18
de,V0_expanding,2000-05,50.0,1.0,22
de,V0_expanding,2000-06,50.0,1.0,22
de,V0_expanding,2000-07,40.0,1.0,21
de,V0_expanding,2000-08,20.0,1.0,23
de,V0_expanding,2000-09,20.0,1.0,21
de,V0_expanding,2000-10,35.0,1.0,21
de,V0_expanding,2000-11,35.0,1.0,22
de,V0_expanding,2000-12,70.0,1.0,19
de,V0_expanding,2001-01,70.0,1.0,22
de,V0_expanding,2001-02,70.0,1.0,20
de,V0_expanding,2001-03,70.0,0.9090909090909091,22
de,V0_expanding,2001-04,0.0,1.0,19
de,V0_expanding,2001-05,100.0,1.0,22
de,V0_expanding,2001-06,100.0,1.0,21
de,V0_expanding,2001-07,0.0,0.7727272727272727,22
de,V0_expanding,2001-08,0.0,1.0,23
de,V0_expanding,2001-09,0.0,1.0,20
de,V0_expanding,2001-10,0.0,1.0,23
de,V0_expanding,2001-11,0.0,1.0,22
de,V0_expanding,2001-12,0.0,1.0,17
de,V0_expanding,2002-01,1.0,1.0,22
de,V0_expanding,2002-02,0.0,1.0,20
de,V0_expanding,2002-03,10.0,1.0,20
de,V0_expanding,2002-04,40.0,0.8571428571428571,21
de,V0_expanding,2002-05,35.0,1.0,22
de,V0_expanding,2002-06,0.0,0.95,20
de,V0_expanding,2002-07,0.0,1.0,23
de,V0_expanding,2002-08,0.0,1.0,22
de,V0_expanding,2002-09,0.0,1.0,21
de,V0_expanding,2002-10,0.0,1.0,23
de,V0_expanding,2002-11,0.0,1.0,21
de,V0_expanding,2002-12,0.0,1.0,18
de,V0_expanding,2003-01,0.0,1.0,22
de,V0_expanding,2003-02,0.0,1.0,20
de,V0_expanding,2003-03,0.0,1.0,21
de,V0_expanding,2003-04,0.0,1.0,20
de,V0_expanding,2003-05,1.0,0.3333333333333333,21
de,V0_expanding,2003-06,0.0,0.8571428571428571,21
de,V0_expanding,2003-07,0.0,1.0,23
de,V0_expanding,2003-08,0.0,1.0,21
de,V0_expanding,2003-09,10.0,1.0,22
de,V0_expanding,2003-10,15.0,1.0,23
de,V0_expanding,2003-11,0.0,1.0,20
de,V0_expanding,2003-12,0.0,1.0,19
de,V0_expanding,2004-01,0.0,1.0,21
de,V0_expanding,2004-02,0.0,1.0,20
de,V0_expanding,2004-03,20.0,1.0,23
de,V0_expanding,2004-04,0.0,1.0,20
de,V0_expanding,2004-05,20.0,1.0,21
de,V0_expanding,2004-06,0.0,1.0,22
de,V0_expanding,2004-07,5.0,1.0,22
de,V0_expanding,2004-08,20.0,1.0,22
de,V0_expanding,2004-09,0.0,1.0,22
de,V0_expanding,2004-10,0.0,1.0,21
de,V0_expanding,2004-11,0.0,1.0,22
de,V0_expanding,2004-12,0.0,1.0,21
de,V0_expanding,2005-01,0.0,1.0,21
de,V0_expanding,2005-02,0.0,1.0,20
de,V0_expanding,2005-03,0.0,1.0,21
de,V0_expanding,2005-04,7.196856730011519,1.0,21
de,V0_expanding,2005-05,0.0,1.0,22
de,V0_expanding,2005-06,0.0,1.0,22
de,V0_expanding,2005-07,0.0,1.0,21
de,V0_expanding,2005-08,0.0,1.0,23
de,V0_expanding,2005-09,0.0,1.0,22
de,V0_expanding,2005-10,0.0,1.0,21
de,V0_expanding,2005-11,0.0,1.0,22
de,V0_expanding,2005-12,0.0,1.0,21
de,V0_expanding,2006-01,0.0,1.0,22
de,V0_expanding,2006-02,0.0,1.0,20
de,V0_expanding,2006-03,0.0,1.0,23
de,V0_expanding,2006-04,0.0,1.0,18
de,V0_expanding,2006-05,10.0,1.0,22
de,V0_expanding,2006-06,10.0,1.0,22
de,V0_expanding,2006-07,25.0,1.0,21
de,V0_expanding,2006-08,25.0,1.0,23
de,V0_expanding,2006-09,0.0,1.0,21
de,V0_expanding,2006-10,0.0,1.0,22
de,V0_expanding,2006-11,0.0,1.0,22
de,V0_expanding,2006-12,0.0,1.0,19
de,V0_expanding,2007-01,0.0,1.0,22
de,V0_expanding,2007-02,0.0,1.0,20
de,V0_expanding,2007-03,3.72759372031494,1.0,22
de,V0_expanding,2007-04,0.0,1.0,19
de,V0_expanding,2007-05,0.0,1.0,21
de,V0_expanding,2007-06,0.0,1.0,21
de,V0_expanding,2007-07,7.196856730011519,1.0,22
de,V0_expanding,2007-08,21.544346900318832,1.0,23
de,V0_expanding,2007-09,20.0,1.0,20
de,V0_expanding,2007-10,0.0,1.0,23
de,V0_expanding,2007-11,3.72759372031494,1.0,22
de,V0_expanding,2007-12,0.0,1.0,17
de,V0_expanding,2008-01,80.0,1.0,22
de,V0_expanding,2008-02,80.0,1.0,21
de,V0_expanding,2008-03,0.0,1.0,19
de,V0_expanding,2008-04,1.0,0.9545454545454546,22
de,V0_expanding,2008-05,1.0,1.0,21
de,V0_expanding,2008-06,25.0,1.0,21
de,V0_expanding,2008-07,500.0,0.6521739130434783,23
de,V0_expanding,2008-08,500.0,1.0,21
de,V0_expanding,2008-09,500.0,0.5909090909090909,22
de,V0_expanding,2008-10,0.0,1.0,23
de,V0_expanding,2008-11,0.0,1.0,20
de,V0_expanding,2008-12,0.0,1.0,19
de,V0_expanding,2009-01,0.0,1.0,21
de,V0_expanding,2009-02,0.0,1.0,20
de,V0_expanding,2009-03,0.0,1.0,22
de,V0_expanding,2009-04,1000.0,0.65,20
de,V0_expanding,2009-05,1.0,1.0,20
de,V0_expanding,2009-06,10.0,1.0,22
de,V0_expanding,2009-07,5.0,1.0,23
de,V0_expanding,2009-08,0.0,1.0,21
de,V0_expanding,2009-09,0.0,1.0,22
de,V0_expanding,2009-10,1.0,1.0,22
de,V0_expanding,2009-11,1.93069772888325,1.0,21
de,V0_expanding,2009-12,0.0,1.0,20
de,V0_expanding,2010-01,1.0,1.0,20
de,V0_expanding,2010-02,3.72759372031494,1.0,20
de,V0_expanding,2010-03,0.0,1.0,23
de,V0_expanding,2010-04,0.0,1.0,20
de,V0_expanding,2010-05,4.641588833612778,1.0,21
de,V0_expanding,2010-06,3.72759372031494,1.0,22
de,V0_expanding,2010-07,1.0,1.0,22
de,V0_expanding,2010-08,0.0,1.0,22
de,V0_expanding,2010-09,0.0,1.0,22
de,V0_expanding,2010-10,0.0,1.0,21
de,V0_expanding,2010-11,0.0,1.0,22
de,V0_expanding,2010-12,0.0,1.0,21
de,V0_expanding,2011-01,0.0,1.0,21
de,V0_expanding,2011-02,0.0,1.0,20
de,V0_expanding,2011-03,3.72759372031494,1.0,23
de,V0_expanding,2011-04,0.0,1.0,19
de,V0_expanding,2011-05,0.0,1.0,22
de,V0_expanding,2011-06,0.0,1.0,22
de,V0_expanding,2011-07,0.0,1.0,21
de,V0_expanding,2011-08,5.0,1.0,23
de,V0_expanding,2011-09,0.0,1.0,22
de,V0_expanding,2011-10,0.0,0.5714285714285714,21
de,V0_expanding,2011-11,500.0,0.7727272727272727,22
de,V0_expanding,2011-12,500.0,0.9047619047619048,21
de,V0_expanding,2012-01,0.0,1.0,22
de,V0_expanding,2012-02,0.0,1.0,21
de,V0_expanding,2012-03,0.0,1.0,22
de,V0_expanding,2012-04,1.93069772888325,1.0,19
de,V0_expanding,2012-05,1.93069772888325,1.0,22
de,V0_expanding,2012-06,4.641588833612778,0.9047619047619048,21
de,V0_expanding,2012-07,0.0,1.0,22
de,V0_expanding,2012-08,0.0,1.0,23
de,V0_expanding,2012-09,0.0,1.0,20
de,V0_expanding,2012-10,0.0,1.0,23
de,V0_expanding,2012-11,0.0,1.0,22
de,V0_expanding,2012-12,0.0,1.0,17
de,V0_expanding,2013-01,0.0,1.0,22
de,V0_expanding,2013-02,0.0,1.0,20
de,V0_expanding,2013-03,0.0,1.0,20
de,V0_expanding,2013-04,0.0,1.0,21
de,V0_expanding,2013-05,0.0,1.0,22
de,V0_expanding,2013-06,0.0,1.0,20
de,V0_expanding,2013-07,0.0,1.0,23
de,V0_expanding,2013-08,0.0,1.0,22
de,V0_expanding,2013-09,0.0,1.0,21
de,V0_expanding,2013-10,0.0,1.0,23
de,V0_expanding,2013-11,0.0,1.0,21
de,V0_expanding,2013-12,0.0,1.0,18
de,V0_expanding,2014-01,0.0,1.0,22
de,V0_expanding,2014-02,0.0,1.0,20
de,V0_expanding,2014-03,0.1,1.0,21
de,V0_expanding,2014-04,0.0,1.0,20
de,V0_expanding,2014-05,0.0,1.0,21
de,V0_expanding,2014-06,0.0,1.0,21
de,V0_expanding,2014-07,0.0,1.0,23
de,V0_expanding,2014-08,7.196856730011519,1.0,21
de,V0_expanding,2014-09,0.0,1.0,22
de,V0_expanding,2014-10,20.0,0.7727272727272727,22
de,V0_expanding,2014-11,0.0,1.0,20
de,V0_expanding,2014-12,1.93069772888325,1.0,19
de,V0_expanding,2015-01,3.72759372031494,1.0,21
de,V0_expanding,2015-02,0.0,1.0,20
de,V0_expanding,2015-03,0.0,1.0,22
de,V0_expanding,2015-04,1.0,1.0,20
de,V0_expanding,2015-05,3.72759372031494,1.0,19
de,V0_expanding,2015-06,7.196856730011519,1.0,22
de,V0_expanding,2015-07,10.0,0.9565217391304348,23
de,V0_expanding,2015-08,10.0,0.9523809523809523,21
de,V0_expanding,2015-09,0.0,1.0,22
de,V0_expanding,2015-10,150.0,0.6818181818181818,22
de,V0_expanding,2015-11,0.0,1.0,21
de,V0_expanding,2015-12,10.0,0.95,20
de,V0_expanding,2016-01,0.0,1.0,20
de,V0_expanding,2016-02,0.0,1.0,21
de,V0_expanding,2016-03,220.0,0.9523809523809523,21
de,V0_expanding,2016-04,15.0,0.9047619047619048,21
de,V0_expanding,2016-05,4.641588833612778,1.0,21
de,V0_expanding,2016-06,13.894954943731374,0.9090909090909091,22
de,V0_expanding,2016-07,0.0,0.6190476190476191,21
de,V0_expanding,2016-08,220.0,1.0,23
de,V0_expanding,2016-09,0.0,1.0,22
de,V0_expanding,2016-10,0.0,1.0,20
de,V0_expanding,2016-11,1.0,1.0,22
de,V0_expanding,2016-12,0.0,1.0,21
de,V0_expanding,2017-01,0.0,1.0,22
de,V0_expanding,2017-02,0.0,1.0,20
de,V0_expanding,2017-03,0.0,1.0,23
de,V0_expanding,2017-04,0.0,1.0,18
de,V0_expanding,2017-05,0.0,1.0,22
de,V0_expanding,2017-06,0.0,1.0,21
de,V0_expanding,2017-07,1.0,1.0,21
de,V0_expanding,2017-08,1.93069772888325,1.0,23
de,V0_expanding,2017-09,0.0,1.0,21
de,V0_expanding,2017-10,0.0,1.0,20
de,V0_expanding,2017-11,0.0,1.0,22
de,V0_expanding,2017-12,0.0,1.0,19
de,V0_expanding,2018-01,0.0,1.0,22
de,V0_expanding,2018-02,20.0,1.0,20
de,V0_expanding,2018-03,21.544346900318832,1.0,21
de,V0_expanding,2018-04,22.0,1.0,20
de,V0_expanding,2018-05,0.1,1.0,21
de,V0_expanding,2018-06,7.196856730011519,1.0,21
de,V0_expanding,2018-07,10.0,1.0,22
de,V0_expanding,2018-08,3.72759372031494,1.0,23
de,V0_expanding,2018-09,7.196856730011519,1.0,20
de,V0_expanding,2018-10,25.0,1.0,22
de,V0_expanding,2018-11,60.0,1.0,22
de,V0_expanding,2018-12,100.0,1.0,17
de,V0_expanding,2019-01,80.0,1.0,22
de,V0_expanding,2019-02,3.72759372031494,1.0,20
de,V0_expanding,2019-03,0.1,1.0,21
de,V0_expanding,2019-04,0.0,1.0,20
de,V0_expanding,2019-05,1.0,1.0,22
de,V0_expanding,2019-06,1.0,1.0,19
de,V0_expanding,2019-07,0.0,1.0,23
de,V0_expanding,2019-08,20.0,1.0,22
de,V0_expanding,2019-09,0.0,1.0,21
de,V0_expanding,2019-10,1.93069772888325,1.0,22
de,V0_expanding,2019-11,0.0,1.0,21
de,V0_expanding,2019-12,0.0,1.0,18
de,V0_expanding,2020-01,1.0,1.0,22
de,V0_expanding,2020-02,13.894954943731374,1.0,20
de,V0_expanding,2020-03,0.0,1.0,22
de,V0_expanding,2020-04,0.0,1.0,20
de,V0_expanding,2020-05,0.0,0.8,20
de,V0_expanding,2020-06,500.0,1.0,21
de,V0_expanding,2020-07,3.72759372031494,1.0,23
de,V0_expanding,2020-08,0.0,1.0,21
de,V0_expanding,2020-09,3.72759372031494,1.0,22
de,V0_expanding,2020-10,13.894954943731374,1.0,22
de,V0_expanding,2020-11,15.0,1.0,21
de,V0_expanding,2020-12,0.0,1.0,20
de,V0_expanding,2021-01,1.0,1.0,20
de,V0_expanding,2021-02,0.0,1.0,20
de,V0_expanding,2021-03,0.0,1.0,23
de,V0_expanding,2021-04,0.0,1.0,20
de,V0_expanding,2021-05,0.0,1.0,20
de,V0_expanding,2021-06,0.0,1.0,22
de,V0_expanding,2021-07,1.93069772888325,1.0,22
de,V0_expanding,2021-08,0.0,1.0,22
de,V0_expanding,2021-09,4.641588833612778,1.0,22
de,V0_expanding,2021-10,10.0,1.0,21
de,V0_expanding,2021-11,7.196856730011519,1.0,22
de,V0_expanding,2021-12,15.0,1.0,21
de,V0_expanding,2022-01,20.0,1.0,21
de,V0_expanding,2022-02,20.0,0.85,20
de,V0_expanding,2022-03,0.0,1.0,23
de,V0_expanding,2022-04,0.0,1.0,19
de,V0_expanding,2022-05,0.0,0.8636363636363636,22
de,V0_expanding,2022-06,26.826957952797247,0.7272727272727273,22
de,V0_expanding,2022-07,0.0,1.0,21
de,V0_expanding,2022-08,70.0,0.8260869565217391,23
de,V0_expanding,2022-09,0.0,1.0,22
de,V0_expanding,2022-10,0.0,1.0,21
de,V0_expanding,2022-11,0.0,1.0,22
de,V0_expanding,2022-12,1.0,1.0,21
de,V0_expanding,2023-01,0.0,1.0,22
de,V0_expanding,2023-02,0.0,1.0,20
de,V0_expanding,2023-03,7.196856730011519,1.0,23
de,V0_expanding,2023-04,0.0,1.0,18
de,V0_expanding,2023-05,0.0,1.0,22
de,V0_expanding,2023-06,0.0,1.0,22
de,V0_expanding,2023-07,3.72759372031494,1.0,21
de,V0_expanding,2023-08,5.0,1.0,23
de,V0_expanding,2023-09,10.0,1.0,21
de,V0_expanding,2023-10,50.0,0.9090909090909091,22
de,V0_expanding,2023-11,50.0,0.9090909090909091,22
de,V0_expanding,2023-12,0.0,1.0,17
de,V1_window,1990-01,5.0,1.0,22
de,V1_window,1990-02,5.0,1.0,20
de,V1_window,1990-03,5.0,1.0,22
de,V1_window,1990-04,15.0,1.0,19
de,V1_window,1990-05,150.0,1.0,21
de,V1_window,1990-06,150.0,1.0,19
de,V1_window,1990-07,150.0,1.0,22
de,V1_window,1990-08,5.0,0.9130434782608695,23
de,V1_window,1990-09,0.0,1.0,20
de,V1_window,1990-10,0.0,1.0,22
de,V1_window,1990-11,0.0,0.6190476190476191,21
de,V1_window,1990-12,150.0,0.7647058823529411,17
de,V1_window,1991-01,0.0,0.9545454545454546,22
de,V1_window,1991-02,150.0,1.0,20
de,V1_window,1991-03,150.0,1.0,20
de,V1_window,1991-04,150.0,1.0,21
de,V1_window,1991-05,150.0,1.0,19
de,V1_window,1991-06,5.0,1.0,20
de,V1_window,1991-07,15.0,0.21739130434782608,23
de,V1_window,1991-08,0.0,0.18181818181818182,22
de,V1_window,1991-09,0.0,0.0,21
de,V1_window,1991-10,0.0,0.0,22
de,V1_window,1991-11,0.0,0.0,20
de,V1_window,1991-12,0.0,0.0,18
de,V1_window,1992-01,0.0,0.5909090909090909,22
de,V1_window,1992-02,0.0,1.0,20
de,V1_window,1992-03,5.0,1.0,22
de,V1_window,1992-04,5.0,1.0,20
de,V1_window,1992-05,5.0,1.0,19
de,V1_window,1992-06,15.0,1.0,20
de,V1_window,1992-07,35.0,0.9130434782608695,23
de,V1_window,1992-08,0.0,0.8571428571428571,21
de,V1_window,1992-09,0.0,0.5909090909090909,22
de,V1_window,1992-10,0.0,0.5909090909090909,22
de,V1_window,1992-11,0.0,0.15,20
de,V1_window,1992-12,0.0,0.0,20
de,V1_window,1993-01,0.0,0.05,20
de,V1_window,1993-02,0.0,0.9,20
de,V1_window,1993-03,5.0,1.0,23
de,V1_window,1993-04,35.0,1.0,20
de,V1_window,1993-05,35.0,0.21052631578947367,19
de,V1_window,1993-06,0.0,0.7142857142857143,21
de,V1_window,1993-07,0.0,1.0,22
de,V1_window,1993-08,0.0,1.0,22
de,V1_window,1993-09,5.0,1.0,22
de,V1_window,1993-10,0.0,1.0,21
de,V1_window,1993-11,0.0,1.0,21
de,V1_window,1993-12,0.0,1.0,21
de,V1_window,1994-01,5.0,1.0,21
de,V1_window,1994-02,35.0,1.0,20
de,V1_window,1994-03,70.0,0.9565217391304348,23
de,V1_window,1994-04,70.0,1.0,19
de,V1_window,1994-05,150.0,1.0,20
de,V1_window,1994-06,0.0,0.5714285714285714,21
de,V1_window,1994-07,150.0,0.8571428571428571,21
de,V1_window,1994-08,150.0,1.0,23
de,V1_window,1994-09,150.0,0.9545454545454546,22
de,V1_window,1994-10,150.0,0.55,20
de,V1_window,1994-11,150.0,1.0,21
de,V1_window,1994-12,150.0,1.0,21
de,V1_window,1995-01,0.0,0.0,22
de,V1_window,1995-02,0.0,0.15,20
de,V1_window,1995-03,0.0,0.6521739130434783,23
de,V1_window,1995-04,0.0,0.05555555555555555,18
de,V1_window,1995-05,0.0,0.3333333333333333,21
de,V1_window,1995-06,5.0,1.0,20
de,V1_window,1995-07,5.0,1.0,21
de,V1_window,1995-08,0.0,1.0,23
de,V1_window,1995-09,15.0,1.0,21
de,V1_window,1995-10,35.0,0.38095238095238093,21
de,V1_window,1995-11,0.0,0.18181818181818182,22
de,V1_window,1995-12,0.0,0.8947368421052632,19
de,V1_window,1996-01,0.0,1.0,22
de,V1_window,1996-02,0.0,1.0,21
de,V1_window,1996-03,5.0,1.0,21
de,V1_window,1996-04,0.0,1.0,20
de,V1_window,1996-05,5.0,1.0,20
de,V1_window,1996-06,0.0,1.0,19
de,V1_window,1996-07,35.0,1.0,23
de,V1_window,1996-08,35.0,1.0,22
de,V1_window,1996-09,5.0,1.0,21
de,V1_window,1996-10,0.0,1.0,22
de,V1_window,1996-11,0.0,1.0,21
de,V1_window,1996-12,0.0,1.0,18
de,V1_window,1997-01,0.0,1.0,22
de,V1_window,1997-02,0.0,1.0,20
de,V1_window,1997-03,0.0,1.0,19
de,V1_window,1997-04,5.0,1.0,22
de,V1_window,1997-05,0.0,1.0,18
de,V1_window,1997-06,0.0,1.0,21
de,V1_window,1997-07,0.0,1.0,23
de,V1_window,1997-08,15.0,1.0,21
de,V1_window,1997-09,15.0,0.9090909090909091,22
de,V1_window,1997-10,5.0,0.8636363636363636,22
de,V1_window,1997-11,0.0,0.9,20
de,V1_window,1997-12,0.0,0.47368421052631576,19
de,V1_window,1998-01,150.0,1.0,21
de,V1_window,1998-02,0.0,1.0,20
de,V1_window,1998-03,0.0,1.0,22
de,V1_window,1998-04,0.0,1.0,20
de,V1_window,1998-05,0.0,1.0,19
de,V1_window,1998-06,0.0,1.0,20
de,V1_window,1998-07,0.0,1.0,23
de,V1_window,1998-08,15.0,0.8095238095238095,21
de,V1_window,1998-09,0.0,1.0,22
de,V1_window,1998-10,0.0,1.0,22
de,V1_window,1998-11,0.0,0.3333333333333333,21
de,V1_window,1998-12,0.0,0.6,20
de,V1_window,1999-01,0.0,0.3,20
de,V1_window,1999-02,0.0,0.0,20
de,V1_window,1999-03,0.0,0.0,23
de,V1_window,1999-04,0.0,0.75,20
de,V1_window,1999-05,15.0,1.0,19
de,V1_window,1999-06,70.0,1.0,21
de,V1_window,1999-07,15.0,1.0,22
de,V1_window,1999-08,35.0,0.45454545454545453,22
de,V1_window,1999-09,0.0,0.13636363636363635,22
de,V1_window,1999-10,0.0,0.2857142857142857,21
de,V1_window,1999-11,0.0,1.0,22
de,V1_window,1999-12,0.0,1.0,21
de,V1_window,2000-01,0.0,1.0,21
de,V1_window,2000-02,0.0,1.0,21
de,V1_window,2000-03,5.0,1.0,23
de,V1_window,2000-04,35.0,1.0,18
de,V1_window,2000-05,150.0,1.0,22
de,V1_window,2000-06,150.0,1.0,22
de,V1_window,2000-07,150.0,1.0,21
de,V1_window,2000-08,150.0,1.0,23
de,V1_window,2000-09,150.0,0.9047619047619048,21
de,V1_window,2000-10,0.0,0.0,21
de,V1_window,2000-11,0.0,0.0,22
de,V1_window,2000-12,0.0,0.0,19
de,V1_window,2001-01,0.0,0.0,22
de,V1_window,2001-02,0.0,0.0,20
de,V1_window,2001-03,0.0,0.2727272727272727,22
de,V1_window,2001-04,0.0,1.0,19
de,V1_window,2001-05,0.0,0.8636363636363636,22
de,V1_window,2001-06,0.0,0.0,21
de,V1_window,2001-07,0.0,0.7727272727272727,22
de,V1_window,2001-08,0.0,1.0,23
de,V1_window,2001-09,0.0,1.0,20
de,V1_window,2001-10,0.0,1.0,23
de,V1_window,2001-11,0.0,1.0,22
de,V1_window,2001-12,0.0,1.0,17
de,V1_window,2002-01,5.0,1.0,22
de,V1_window,2002-02,0.0,1.0,20
de,V1_window,2002-03,15.0,1.0,20
de,V1_window,2002-04,0.0,0.23809523809523808,21
de,V1_window,2002-05,0.0,0.0,22
de,V1_window,2002-06,0.0,0.95,20
de,V1_window,2002-07,0.0,1.0,23
de,V1_window,2002-08,0.0,1.0,22
de,V1_window,2002-09,0.0,1.0,21
de,V1_window,2002-10,0.0,1.0,23
de,V1_window,2002-11,0.0,1.0,21
de,V1_window,2002-12,0.0,1.0,18
de,V1_window,2003-01,0.0,1.0,22
de,V1_window,2003-02,0.0,1.0,20
de,V1_window,2003-03,0.0,1.0,21
de,V1_window,2003-04,0.0,1.0,20
de,V1_window,2003-05,5.0,0.3333333333333333,21
de,V1_window,2003-06,0.0,0.8095238095238095,21
de,V1_window,2003-07,0.0,1.0,23
de,V1_window,2003-08,0.0,1.0,21
de,V1_window,2003-09,15.0,1.0,22
de,V1_window,2003-10,35.0,1.0,23
de,V1_window,2003-11,0.0,1.0,20
de,V1_window,2003-12,0.0,1.0,19
de,V1_window,2004-01,0.0,1.0,21
de,V1_window,2004-02,0.0,1.0,20
de,V1_window,2004-03,35.0,1.0,23
de,V1_window,2004-04,35.0,1.0,20
de,V1_window,2004-05,35.0,1.0,21
de,V1_window,2004-06,35.0,1.0,22
de,V1_window,2004-07,35.0,1.0,22
de,V1_window,2004-08,70.0,1.0,22
de,V1_window,2004-09,70.0,1.0,22
de,V1_window,2004-10,35.0,1.0,21
de,V1_window,2004-11,0.0,1.0,22
de,V1_window,2004-12,0.0,1.0,21
de,V1_window,2005-01,0.0,1.0,21
de,V1_window,2005-02,0.0,1.0,20
de,V1_window,2005-03,0.0,1.0,21
de,V1_window,2005-04,35.0,1.0,21
de,V1_window,2005-05,35.0,1.0,22
de,V1_window,2005-06,0.0,1.0,22
de,V1_window,2005-07,0.0,1.0,21
de,V1_window,2005-08,0.0,1.0,23
de,V1_window,2005-09,0.0,1.0,22
de,V1_window,2005-10,5.0,1.0,21
de,V1_window,2005-11,0.0,1.0,22
de,V1_window,2005-12,0.0,1.0,21
de,V1_window,2006-01,0.0,1.0,22
de,V1_window,2006-02,0.0,1.0,20
de,V1_window,2006-03,0.0,1.0,23
de,V1_window,2006-04,0.0,1.0,18
de,V1_window,2006-05,35.0,1.0,22
de,V1_window,2006-06,70.0,1.0,22
de,V1_window,2006-07,70.0,1.0,21
de,V1_window,2006-08,70.0,1.0,23
de,V1_window,2006-09,0.0,1.0,21
de,V1_window,2006-10,0.0,1.0,22
de,V1_window,2006-11,0.0,1.0,22
de,V1_window,2006-12,0.0,1.0,19
de,V1_window,2007-01,0.0,1.0,22
de,V1_window,2007-02,0.0,1.0,20
de,V1_window,2007-03,15.0,1.0,22
de,V1_window,2007-04,0.0,1.0,19
de,V1_window,2007-05,0.0,1.0,21
de,V1_window,2007-06,0.0,1.0,21
de,V1_window,2007-07,15.0,1.0,22
de,V1_window,2007-08,70.0,1.0,23
de,V1_window,2007-09,70.0,1.0,20
de,V1_window,2007-10,0.0,1.0,23
de,V1_window,2007-11,35.0,1.0,22
de,V1_window,2007-12,15.0,1.0,17
de,V1_window,2008-01,70.0,1.0,22
de,V1_window,2008-02,0.0,0.9523809523809523,21
de,V1_window,2008-03,0.0,1.0,19
de,V1_window,2008-04,0.0,0.9545454545454546,22
de,V1_window,2008-05,0.0,0.47619047619047616,21
de,V1_window,2008-06,0.0,0.0,21
de,V1_window,2008-07,0.0,0.34782608695652173,23
de,V1_window,2008-08,0.0,0.0,21
de,V1_window,2008-09,0.0,0.4090909090909091,22
de,V1_window,2008-10,0.0,1.0,23
de,V1_window,2008-11,0.0,1.0,20
de,V1_window,2008-12,0.0,1.0,19
de,V1_window,2009-01,0.0,1.0,21
de,V1_window,2009-02,0.0,1.0,20
de,V1_window,2009-03,0.0,1.0,22
de,V1_window,2009-04,0.0,0.35,20
de,V1_window,2009-05,0.0,0.85,20
de,V1_window,2009-06,5.0,0.5,22
de,V1_window,2009-07,0.0,0.5217391304347826,23
de,V1_window,2009-08,0.0,1.0,21
de,V1_window,2009-09,0.0,1.0,22
de,V1_window,2009-10,5.0,1.0,22
de,V1_window,2009-11,15.0,1.0,21
de,V1_window,2009-12,0.0,1.0,20
de,V1_window,2010-01,15.0,1.0,20
de,V1_window,2010-02,35.0,1.0,20
de,V1_window,2010-03,0.0,1.0,23
de,V1_window,2010-04,0.0,1.0,20
de,V1_window,2010-05,35.0,1.0,21
de,V1_window,2010-06,35.0,1.0,22
de,V1_window,2010-07,15.0,1.0,22
de,V1_window,2010-08,15.0,1.0,22
de,V1_window,2010-09,0.0,1.0,22
de,V1_window,2010-10,0.0,1.0,21
de,V1_window,2010-11,0.0,1.0,22
de,V1_window,2010-12,0.0,1.0,21
de,V1_window,2011-01,0.0,1.0,21
de,V1_window,2011-02,0.0,1.0,20
de,V1_window,2011-03,15.0,1.0,23
de,V1_window,2011-04,0.0,1.0,19
de,V1_window,2011-05,5.0,1.0,22
de,V1_window,2011-06,5.0,1.0,22
de,V1_window,2011-07,5.0,1.0,21
de,V1_window,2011-08,15.0,1.0,23
de,V1_window,2011-09,0.0,1.0,22
de,V1_window,2011-10,0.0,0.5714285714285714,21
de,V1_window,2011-11,0.0,0.22727272727272727,22
de,V1_window,2011-12,0.0,0.09523809523809523,21
de,V1_window,2012-01,0.0,1.0,22
de,V1_window,2012-02,0.0,1.0,21
de,V1_window,2012-03,0.0,1.0,22
de,V1_window,2012-04,15.0,1.0,19
de,V1_window,2012-05,35.0,1.0,22
de,V1_window,2012-06,70.0,0.9047619047619048,21
de,V1_window,2012-07,70.0,1.0,22
de,V1_window,2012-08,0.0,1.0,23
de,V1_window,2012-09,0.0,1.0,20
de,V1_window,2012-10,0.0,1.0,23
de,V1_window,2012-11,5.0,1.0,22
de,V1_window,2012-12,0.0,1.0,17
de,V1_window,2013-01,0.0,1.0,22
de,V1_window,2013-02,0.0,1.0,20
de,V1_window,2013-03,0.0,1.0,20
de,V1_window,2013-04,5.0,1.0,21
de,V1_window,2013-05,0.0,1.0,22
de,V1_window,2013-06,15.0,1.0,20
de,V1_window,2013-07,15.0,1.0,23
de,V1_window,2013-08,0.0,1.0,22
de,V1_window,2013-09,0.0,1.0,21
de,V1_window,2013-10,0.0,1.0,23
de,V1_window,2013-11,0.0,1.0,21
de,V1_window,2013-12,0.0,1.0,18
de,V1_window,2014-01,0.0,1.0,22
de,V1_window,2014-02,0.0,1.0,20
de,V1_window,2014-03,5.0,1.0,21
de,V1_window,2014-04,5.0,1.0,20
de,V1_window,2014-05,0.0,1.0,21
de,V1_window,2014-06,0.0,1.0,21
de,V1_window,2014-07,5.0,1.0,23
de,V1_window,2014-08,35.0,1.0,21
de,V1_window,2014-09,5.0,1.0,22
de,V1_window,2014-10,70.0,0.7727272727272727,22
de,V1_window,2014-11,70.0,1.0,20
de,V1_window,2014-12,5.0,1.0,19
de,V1_window,2015-01,15.0,1.0,21
de,V1_window,2015-02,0.0,1.0,20
de,V1_window,2015-03,0.0,1.0,22
de,V1_window,2015-04,5.0,1.0,20
de,V1_window,2015-05,5.0,1.0,19
de,V1_window,2015-06,15.0,1.0,22
de,V1_window,2015-07,15.0,0.9565217391304348,23
de,V1_window,2015-08,15.0,0.9047619047619048,21
de,V1_window,2015-09,0.0,1.0,22
de,V1_window,2015-10,0.0,0.5909090909090909,22
de,V1_window,2015-11,15.0,1.0,21
de,V1_window,2015-12,15.0,0.95,20
de,V1_window,2016-01,0.0,1.0,20
de,V1_window,2016-02,0.0,1.0,21
de,V1_window,2016-03,0.0,0.047619047619047616,21
de,V1_window,2016-04,0.0,0.5238095238095238,21
de,V1_window,2016-05,15.0,1.0,21
de,V1_window,2016-06,15.0,0.8636363636363636,22
de,V1_window,2016-07,0.0,0.5714285714285714,21
de,V1_window,2016-08,0.0,0.8695652173913043,23
de,V1_window,2016-09,5.0,1.0,22
de,V1_window,2016-10,5.0,1.0,20
de,V1_window,2016-11,5.0,1.0,22
de,V1_window,2016-12,0.0,1.0,21
de,V1_window,2017-01,0.0,1.0,22
de,V1_window,2017-02,0.0,1.0,20
de,V1_window,2017-03,0.0,1.0,23
de,V1_window,2017-04,0.0,1.0,18
de,V1_window,2017-05,0.0,1.0,22
de,V1_window,2017-06,0.0,1.0,21
de,V1_window,2017-07,15.0,1.0,21
de,V1_window,2017-08,15.0,1.0,23
de,V1_window,2017-09,15.0,1.0,21
de,V1_window,2017-10,0.0,1.0,20
de,V1_window,2017-11,0.0,1.0,22
de,V1_window,2017-12,0.0,1.0,19
de,V1_window,2018-01,0.0,1.0,22
de,V1_window,2018-02,70.0,1.0,20
de,V1_window,2018-03,70.0,1.0,21
de,V1_window,2018-04,150.0,1.0,20
de,V1_window,2018-05,15.0,1.0,21
de,V1_window,2018-06,15.0,1.0,21
de,V1_window,2018-07,15.0,1.0,22
de,V1_window,2018-08,15.0,1.0,23
de,V1_window,2018-09,35.0,1.0,20
de,V1_window,2018-10,70.0,1.0,22
de,V1_window,2018-11,150.0,1.0,22
de,V1_window,2018-12,150.0,1.0,17
de,V1_window,2019-01,150.0,1.0,22
de,V1_window,2019-02,150.0,1.0,20
de,V1_window,2019-03,5.0,1.0,21
de,V1_window,2019-04,0.0,1.0,20
de,V1_window,2019-05,5.0,1.0,22
de,V1_window,2019-06,5.0,1.0,19
de,V1_window,2019-07,5.0,1.0,23
de,V1_window,2019-08,70.0,1.0,22
de,V1_window,2019-09,70.0,1.0,21
de,V1_window,2019-10,5.0,1.0,22
de,V1_window,2019-11,0.0,1.0,21
de,V1_window,2019-12,0.0,1.0,18
de,V1_window,2020-01,5.0,1.0,22
de,V1_window,2020-02,35.0,1.0,20
de,V1_window,2020-03,0.0,1.0,22
de,V1_window,2020-04,0.0,1.0,20
de,V1_window,2020-05,0.0,0.8,20
de,V1_window,2020-06,5.0,0.8571428571428571,21
de,V1_window,2020-07,5.0,1.0,23
de,V1_window,2020-08,0.0,1.0,21
de,V1_window,2020-09,5.0,1.0,22
de,V1_window,2020-10,35.0,1.0,22
de,V1_window,2020-11,35.0,1.0,21
de,V1_window,2020-12,0.0,1.0,20
de,V1_window,2021-01,5.0,1.0,20
de,V1_window,2021-02,0.0,1.0,20
de,V1_window,2021-03,0.0,1.0,23
de,V1_window,2021-04,0.0,1.0,20
de,V1_window,2021-05,0.0,1.0,20
de,V1_window,2021-06,0.0,1.0,22
de,V1_window,2021-07,5.0,1.0,22
de,V1_window,2021-08,0.0,1.0,22
de,V1_window,2021-09,15.0,1.0,22
de,V1_window,2021-10,35.0,1.0,21
de,V1_window,2021-11,15.0,1.0,22
de,V1_window,2021-12,35.0,1.0,21
de,V1_window,2022-01,35.0,1.0,21
de,V1_window,2022-02,70.0,0.85,20
de,V1_window,2022-03,0.0,1.0,23
de,V1_window,2022-04,0.0,1.0,19
de,V1_window,2022-05,0.0,0.8636363636363636,22
de,V1_window,2022-06,0.0,0.6363636363636364,22
de,V1_window,2022-07,0.0,1.0,21
de,V1_window,2022-08,150.0,0.8260869565217391,23
de,V1_window,2022-09,0.0,1.0,22
de,V1_window,2022-10,0.0,0.9523809523809523,21
de,V1_window,2022-11,150.0,1.0,22
de,V1_window,2022-12,5.0,1.0,21
de,V1_window,2023-01,0.0,1.0,22
de,V1_window,2023-02,0.0,1.0,20
de,V1_window,2023-03,5.0,1.0,23
de,V1_window,2023-04,0.0,1.0,18
de,V1_window,2023-05,0.0,1.0,22
de,V1_window,2023-06,0.0,1.0,22
de,V1_window,2023-07,5.0,1.0,21
de,V1_window,2023-08,15.0,1.0,23
de,V1_window,2023-09,35.0,1.0,21
de,V1_window,2023-10,70.0,0.9090909090909091,22
de,V1_window,2023-11,150.0,0.9090909090909091,22
de,V1_window,2023-12,0.0,1.0,17
de,V3_frozen,1990-01,0.0,1.0,22
de,V3_frozen,1990-02,0.0,1.0,20
de,V3_frozen,1990-03,0.0,1.0,22
de,V3_frozen,1990-04,0.0,1.0,19
de,V3_frozen,1990-05,0.0,1.0,21
de,V3_frozen,1990-06,0.0,1.0,19
de,V3_frozen,1990-07,0.0,1.0,22
de,V3_frozen,1990-08,0.0,0.9565217391304348,23
de,V3_frozen,1990-09,0.0,1.0,20
de,V3_frozen,1990-10,5.0,1.0,22
de,V3_frozen,1990-11,150.0,0.9523809523809523,21
de,V3_frozen,1990-12,0.0,0.8823529411764706,17
de,V3_frozen,1991-01,0.0,0.9545454545454546,22
de,V3_frozen,1991-02,0.0,1.0,20
de,V3_frozen,1991-03,0.0,1.0,20
de,V3_frozen,1991-04,0.0,1.0,21
de,V3_frozen,1991-05,0.0,1.0,19
de,V3_frozen,1991-06,0.0,1.0,20
de,V3_frozen,1991-07,0.0,1.0,23
de,V3_frozen,1991-08,35.0,0.7727272727272727,22
de,V3_frozen,1991-09,0.0,0.42857142857142855,21
de,V3_frozen,1991-10,0.0,1.0,22
de,V3_frozen,1991-11,0.0,1.0,20
de,V3_frozen,1991-12,0.0,1.0,18
de,V3_frozen,1992-01,0.0,1.0,22
de,V3_frozen,1992-02,0.0,1.0,20
de,V3_frozen,1992-03,0.0,1.0,22
de,V3_frozen,1992-04,0.0,1.0,20
de,V3_frozen,1992-05,0.0,1.0,19
de,V3_frozen,1992-06,0.0,1.0,20
de,V3_frozen,1992-07,0.0,0.6521739130434783,23
de,V3_frozen,1992-08,0.0,0.23809523809523808,21
de,V3_frozen,1992-09,0.0,0.5454545454545454,22
de,V3_frozen,1992-10,5.0,0.8636363636363636,22
de,V3_frozen,1992-11,0.0,0.85,20
de,V3_frozen,1992-12,0.0,1.0,20
de,V3_frozen,1993-01,0.0,1.0,20
de,V3_frozen,1993-02,0.0,1.0,20
de,V3_frozen,1993-03,0.0,1.0,23
de,V3_frozen,1993-04,0.0,1.0,20
de,V3_frozen,1993-05,0.0,1.0,19
de,V3_frozen,1993-06,0.0,1.0,21
de,V3_frozen,1993-07,0.0,1.0,22
de,V3_frozen,1993-08,0.0,1.0,22
de,V3_frozen,1993-09,0.0,1.0,22
de,V3_frozen,1993-10,0.0,1.0,21
de,V3_frozen,1993-11,0.0,1.0,21
de,V3_frozen,1993-12,0.0,1.0,21
de,V3_frozen,1994-01,0.0,1.0,21
de,V3_frozen,1994-02,0.0,1.0,20
de,V3_frozen,1994-03,5.0,0.9565217391304348,23
de,V3_frozen,1994-04,0.0,1.0,19
de,V3_frozen,1994-05,0.0,1.0,20
de,V3_frozen,1994-06,0.0,0.8571428571428571,21
de,V3_frozen,1994-07,0.0,0.8571428571428571,21
de,V3_frozen,1994-08,0.0,1.0,23
de,V3_frozen,1994-09,0.0,0.9545454545454546,22
de,V3_frozen,1994-10,0.0,0.65,20
de,V3_frozen,1994-11,0.0,1.0,21
de,V3_frozen,1994-12,0.0,1.0,21
de,V3_frozen,1995-01,0.0,1.0,22
de,V3_frozen,1995-02,0.0,1.0,20
de,V3_frozen,1995-03,0.0,0.34782608695652173,23
de,V3_frozen,1995-04,0.0,0.9444444444444444,18
de,V3_frozen,1995-05,0.0,1.0,21
de,V3_frozen,1995-06,0.0,1.0,20
de,V3_frozen,1995-07,0.0,1.0,21
de,V3_frozen,1995-08,0.0,1.0,23
de,V3_frozen,1995-09,0.0,1.0,21
de,V3_frozen,1995-10,0.0,1.0,21
de,V3_frozen,1995-11,0.0,1.0,22
de,V3_frozen,1995-12,0.0,1.0,19
de,V3_frozen,1996-01,0.0,1.0,22
de,V3_frozen,1996-02,0.0,1.0,21
de,V3_frozen,1996-03,0.0,1.0,21
de,V3_frozen,1996-04,0.0,1.0,20
de,V3_frozen,1996-05,0.0,1.0,20
de,V3_frozen,1996-06,0.0,1.0,19
de,V3_frozen,1996-07,0.0,1.0,23
de,V3_frozen,1996-08,0.0,1.0,22
de,V3_frozen,1996-09,0.0,1.0,21
de,V3_frozen,1996-10,0.0,1.0,22
de,V3_frozen,1996-11,0.0,1.0,21
de,V3_frozen,1996-12,0.0,1.0,18
de,V3_frozen,1997-01,0.0,1.0,22
de,V3_frozen,1997-02,0.0,1.0,20
de,V3_frozen,1997-03,0.0,1.0,19
de,V3_frozen,1997-04,5.0,1.0,22
de,V3_frozen,1997-05,0.0,1.0,18
de,V3_frozen,1997-06,0.0,1.0,21
de,V3_frozen,1997-07,0.0,1.0,23
de,V3_frozen,1997-08,15.0,1.0,21
de,V3_frozen,1997-09,35.0,0.9090909090909091,22
de,V3_frozen,1997-10,0.0,0.9545454545454546,22
de,V3_frozen,1997-11,0.0,0.9,20
de,V3_frozen,1997-12,0.0,1.0,19
de,V3_frozen,1998-01,0.0,1.0,21
de,V3_frozen,1998-02,0.0,1.0,20
de,V3_frozen,1998-03,0.0,1.0,22
de,V3_frozen,1998-04,0.0,1.0,20
de,V3_frozen,1998-05,0.0,1.0,19
de,V3_frozen,1998-06,0.0,1.0,20
de,V3_frozen,1998-07,0.0,1.0,23
de,V3_frozen,1998-08,35.0,0.8571428571428571,21
de,V3_frozen,1998-09,0.0,1.0,22
de,V3_frozen,1998-10,0.0,1.0,22
de,V3_frozen,1998-11,0.0,0.3333333333333333,21
de,V3_frozen,1998-12,0.0,0.75,20
de,V3_frozen,1999-01,15.0,0.35,20
de,V3_frozen,1999-02,0.0,0.5,20
de,V3_frozen,1999-03,15.0,0.5652173913043478,23
de,V3_frozen,1999-04,0.0,1.0,20
de,V3_frozen,1999-05,0.0,1.0,19
de,V3_frozen,1999-06,0.0,1.0,21
de,V3_frozen,1999-07,5.0,1.0,22
de,V3_frozen,1999-08,15.0,1.0,22
de,V3_frozen,1999-09,0.0,1.0,22
de,V3_frozen,1999-10,0.0,1.0,21
de,V3_frozen,1999-11,0.0,1.0,22
de,V3_frozen,1999-12,0.0,1.0,21
de,V3_frozen,2000-01,5.0,1.0,21
de,V3_frozen,2000-02,5.0,1.0,21
de,V3_frozen,2000-03,35.0,1.0,23
de,V3_frozen,2000-04,70.0,1.0,18
de,V3_frozen,2000-05,150.0,1.0,22
de,V3_frozen,2000-06,150.0,1.0,22
de,V3_frozen,2000-07,150.0,1.0,21
de,V3_frozen,2000-08,0.0,1.0,23
de,V3_frozen,2000-09,15.0,1.0,21
de,V3_frozen,2000-10,35.0,1.0,21
de,V3_frozen,2000-11,35.0,1.0,22
de,V3_frozen,2000-12,150.0,1.0,19
de,V3_frozen,2001-01,150.0,1.0,22
de,V3_frozen,2001-02,35.0,1.0,20
de,V3_frozen,2001-03,150.0,0.7727272727272727,22
de,V3_frozen,2001-04,0.0,1.0,19
de,V3_frozen,2001-05,35.0,0.9545454545454546,22
de,V3_frozen,2001-06,5.0,1.0,21
de,V3_frozen,2001-07,0.0,0.8181818181818182,22
de,V3_frozen,2001-08,0.0,1.0,23
de,V3_frozen,2001-09,0.0,1.0,20
de,V3_frozen,2001-10,0.0,1.0,23
de,V3_frozen,2001-11,0.0,1.0,22
de,V3_frozen,2001-12,0.0,1.0,17
de,V3_frozen,2002-01,15.0,1.0,22
de,V3_frozen,2002-02,35.0,1.0,20
de,V3_frozen,2002-03,70.0,1.0,20
de,V3_frozen,2002-04,70.0,0.9047619047619048,21
de,V3_frozen,2002-05,15.0,1.0,22
de,V3_frozen,2002-06,150.0,1.0,20
de,V3_frozen,2002-07,0.0,1.0,23
de,V3_frozen,2002-08,0.0,1.0,22
de,V3_frozen,2002-09,0.0,1.0,21
de,V3_frozen,2002-10,0.0,1.0,23
de,V3_frozen,2002-11,0.0,1.0,21
de,V3_frozen,2002-12,0.0,1.0,18
de,V3_frozen,2003-01,0.0,1.0,22
de,V3_frozen,2003-02,0.0,1.0,20
de,V3_frozen,2003-03,0.0,1.0,21
de,V3_frozen,2003-04,0.0,1.0,20
de,V3_frozen,2003-05,5.0,0.3333333333333333,21
de,V3_frozen,2003-06,0.0,1.0,21
de,V3_frozen,2003-07,0.0,1.0,23
de,V3_frozen,2003-08,0.0,1.0,21
de,V3_frozen,2003-09,5.0,1.0,22
de,V3_frozen,2003-10,0.0,1.0,23
de,V3_frozen,2003-11,0.0,1.0,20
de,V3_frozen,2003-12,0.0,1.0,19
de,V3_frozen,2004-01,0.0,1.0,21
de,V3_frozen,2004-02,0.0,1.0,20
de,V3_frozen,2004-03,5.0,1.0,23
de,V3_frozen,2004-04,0.0,1.0,20
de,V3_frozen,2004-05,0.0,1.0,21
de,V3_frozen,2004-06,0.0,1.0,22
de,V3_frozen,2004-07,0.0,1.0,22
de,V3_frozen,2004-08,0.0,1.0,22
de,V3_frozen,2004-09,0.0,1.0,22
de,V3_frozen,2004-10,0.0,1.0,21
de,V3_frozen,2004-11,0.0,1.0,22
de,V3_frozen,2004-12,0.0,1.0,21
de,V3_frozen,2005-01,0.0,1.0,21
de,V3_frozen,2005-02,0.0,1.0,20
de,V3_frozen,2005-03,0.0,1.0,21
de,V3_frozen,2005-04,0.0,1.0,21
de,V3_frozen,2005-05,0.0,1.0,22
de,V3_frozen,2005-06,0.0,1.0,22
de,V3_frozen,2005-07,0.0,1.0,21
de,V3_frozen,2005-08,0.0,1.0,23
de,V3_frozen,2005-09,0.0,1.0,22
de,V3_frozen,2005-10,0.0,1.0,21
de,V3_frozen,2005-11,0.0,1.0,22
de,V3_frozen,2005-12,0.0,1.0,21
de,V3_frozen,2006-01,0.0,1.0,22
de,V3_frozen,2006-02,0.0,1.0,20
de,V3_frozen,2006-03,0.0,1.0,23
de,V3_frozen,2006-04,0.0,1.0,18
de,V3_frozen,2006-05,0.0,1.0,22
de,V3_frozen,2006-06,5.0,1.0,22
de,V3_frozen,2006-07,0.0,1.0,21
de,V3_frozen,2006-08,0.0,1.0,23
de,V3_frozen,2006-09,0.0,1.0,21
de,V3_frozen,2006-10,0.0,1.0,22
de,V3_frozen,2006-11,0.0,1.0,22
de,V3_frozen,2006-12,0.0,1.0,19
de,V3_frozen,2007-01,0.0,1.0,22
de,V3_frozen,2007-02,0.0,1.0,20
de,V3_frozen,2007-03,0.0,1.0,22
de,V3_frozen,2007-04,0.0,1.0,19
de,V3_frozen,2007-05,0.0,1.0,21
de,V3_frozen,2007-06,0.0,1.0,21
de,V3_frozen,2007-07,0.0,1.0,22
de,V3_frozen,2007-08,0.0,1.0,23
de,V3_frozen,2007-09,0.0,1.0,20
de,V3_frozen,2007-10,0.0,1.0,23
de,V3_frozen,2007-11,0.0,1.0,22
de,V3_frozen,2007-12,0.0,1.0,17
de,V3_frozen,2008-01,150.0,0.9090909090909091,22
de,V3_frozen,2008-02,0.0,0.9523809523809523,21
de,V3_frozen,2008-03,0.0,1.0,19
de,V3_frozen,2008-04,150.0,0.7727272727272727,22
de,V3_frozen,2008-05,0.0,1.0,21
de,V3_frozen,2008-06,0.0,1.0,21
de,V3_frozen,2008-07,0.0,0.8260869565217391,23
de,V3_frozen,2008-08,0.0,1.0,21
de,V3_frozen,2008-09,5.0,0.8181818181818182,22
de,V3_frozen,2008-10,0.0,1.0,23
de,V3_frozen,2008-11,0.0,1.0,20
de,V3_frozen,2008-12,0.0,1.0,19
de,V3_frozen,2009-01,0.0,1.0,21
de,V3_frozen,2009-02,5.0,1.0,20
de,V3_frozen,2009-03,5.0,1.0,22
de,V3_frozen,2009-04,0.0,0.8,20
de,V3_frozen,2009-05,0.0,1.0,20
de,V3_frozen,2009-06,0.0,1.0,22
de,V3_frozen,2009-07,15.0,1.0,23
de,V3_frozen,2009-08,0.0,1.0,21
de,V3_frozen,2009-09,0.0,1.0,22
de,V3_frozen,2009-10,0.0,1.0,22
de,V3_frozen,2009-11,0.0,1.0,21
de,V3_frozen,2009-12,0.0,1.0,20
de,V3_frozen,2010-01,0.0,1.0,20
de,V3_frozen,2010-02,0.0,1.0,20
de,V3_frozen,2010-03,0.0,1.0,23
de,V3_frozen,2010-04,0.0,1.0,20
de,V3_frozen,2010-05,5.0,1.0,21
de,V3_frozen,2010-06,0.0,1.0,22
de,V3_frozen,2010-07,0.0,1.0,22
de,V3_frozen,2010-08,0.0,1.0,22
de,V3_frozen,2010-09,0.0,1.0,22
de,V3_frozen,2010-10,0.0,1.0,21
de,V3_frozen,2010-11,0.0,1.0,22
de,V3_frozen,2010-12,0.0,1.0,21
de,V3_frozen,2011-01,0.0,1.0,21
de,V3_frozen,2011-02,0.0,1.0,20
de,V3_frozen,2011-03,0.0,1.0,23
de,V3_frozen,2011-04,0.0,1.0,19
de,V3_frozen,2011-05,0.0,1.0,22
de,V3_frozen,2011-06,0.0,1.0,22
de,V3_frozen,2011-07,0.0,1.0,21
de,V3_frozen,2011-08,0.0,0.9565217391304348,23
de,V3_frozen,2011-09,0.0,1.0,22
de,V3_frozen,2011-10,0.0,0.5714285714285714,21
de,V3_frozen,2011-11,0.0,0.2727272727272727,22
de,V3_frozen,2011-12,0.0,0.8571428571428571,21
de,V3_frozen,2012-01,0.0,1.0,22
de,V3_frozen,2012-02,0.0,1.0,21
de,V3_frozen,2012-03,0.0,1.0,22
de,V3_frozen,2012-04,0.0,1.0,19
de,V3_frozen,2012-05,0.0,1.0,22
de,V3_frozen,2012-06,0.0,1.0,21
de,V3_frozen,2012-07,0.0,1.0,22
de,V3_frozen,2012-08,0.0,1.0,23
de,V3_frozen,2012-09,0.0,1.0,20
de,V3_frozen,2012-10,0.0,1.0,23
de,V3_frozen,2012-11,0.0,1.0,22
de,V3_frozen,2012-12,0.0,1.0,17
de,V3_frozen,2013-01,0.0,1.0,22
de,V3_frozen,2013-02,0.0,1.0,20
de,V3_frozen,2013-03,0.0,1.0,20
de,V3_frozen,2013-04,0.0,1.0,21
de,V3_frozen,2013-05,0.0,1.0,22
de,V3_frozen,2013-06,0.0,1.0,20
de,V3_frozen,2013-07,0.0,1.0,23
de,V3_frozen,2013-08,0.0,1.0,22
de,V3_frozen,2013-09,0.0,1.0,21
de,V3_frozen,2013-10,0.0,1.0,23
de,V3_frozen,2013-11,0.0,1.0,21
de,V3_frozen,2013-12,0.0,1.0,18
de,V3_frozen,2014-01,0.0,1.0,22
de,V3_frozen,2014-02,0.0,1.0,20
de,V3_frozen,2014-03,0.0,1.0,21
de,V3_frozen,2014-04,0.0,1.0,20
de,V3_frozen,2014-05,0.0,1.0,21
de,V3_frozen,2014-06,0.0,1.0,21
de,V3_frozen,2014-07,0.0,1.0,23
de,V3_frozen,2014-08,0.0,1.0,21
de,V3_frozen,2014-09,0.0,1.0,22
de,V3_frozen,2014-10,0.0,0.8181818181818182,22
de,V3_frozen,2014-11,0.0,1.0,20
de,V3_frozen,2014-12,0.0,1.0,19
de,V3_frozen,2015-01,5.0,1.0,21
de,V3_frozen,2015-02,0.0,1.0,20
de,V3_frozen,2015-03,0.0,1.0,22
de,V3_frozen,2015-04,5.0,1.0,20
de,V3_frozen,2015-05,5.0,1.0,19
de,V3_frozen,2015-06,5.0,1.0,22
de,V3_frozen,2015-07,5.0,0.9565217391304348,23
de,V3_frozen,2015-08,5.0,0.9047619047619048,21
de,V3_frozen,2015-09,0.0,1.0,22
de,V3_frozen,2015-10,5.0,0.8636363636363636,22
de,V3_frozen,2015-11,0.0,1.0,21
de,V3_frozen,2015-12,5.0,0.95,20
de,V3_frozen,2016-01,0.0,1.0,20
de,V3_frozen,2016-02,0.0,1.0,21
de,V3_frozen,2016-03,150.0,0.9523809523809523,21
de,V3_frozen,2016-04,0.0,0.9047619047619048,21
de,V3_frozen,2016-05,0.0,1.0,21
de,V3_frozen,2016-06,35.0,0.8636363636363636,22
de,V3_frozen,2016-07,5.0,0.7142857142857143,21
de,V3_frozen,2016-08,0.0,1.0,23
de,V3_frozen,2016-09,0.0,1.0,22
de,V3_frozen,2016-10,0.0,1.0,20
de,V3_frozen,2016-11,0.0,1.0,22
de,V3_frozen,2016-12,0.0,1.0,21
de,V3_frozen,2017-01,0.0,1.0,22
de,V3_frozen,2017-02,0.0,1.0,20
de,V3_frozen,2017-03,0.0,1.0,23
de,V3_frozen,2017-04,0.0,1.0,18
de,V3_frozen,2017-05,0.0,1.0,22
de,V3_frozen,2017-06,0.0,1.0,21
de,V3_frozen,2017-07,0.0,1.0,21
de,V3_frozen,2017-08,0.0,1.0,23
de,V3_frozen,2017-09,0.0,1.0,21
de,V3_frozen,2017-10,0.0,1.0,20
de,V3_frozen,2017-11,0.0,1.0,22
de,V3_frozen,2017-12,0.0,1.0,19
de,V3_frozen,2018-01,0.0,1.0,22
de,V3_frozen,2018-02,15.0,1.0,20
de,V3_frozen,2018-03,5.0,1.0,21
de,V3_frozen,2018-04,0.0,1.0,20
de,V3_frozen,2018-05,0.0,1.0,21
de,V3_frozen,2018-06,0.0,1.0,21
de,V3_frozen,2018-07,0.0,1.0,22
de,V3_frozen,2018-08,0.0,1.0,23
de,V3_frozen,2018-09,0.0,1.0,20
de,V3_frozen,2018-10,5.0,1.0,22
de,V3_frozen,2018-11,0.0,1.0,22
de,V3_frozen,2018-12,15.0,1.0,17
de,V3_frozen,2019-01,5.0,1.0,22
de,V3_frozen,2019-02,0.0,1.0,20
de,V3_frozen,2019-03,0.0,1.0,21
de,V3_frozen,2019-04,0.0,1.0,20
de,V3_frozen,2019-05,0.0,1.0,22
de,V3_frozen,2019-06,0.0,1.0,19
de,V3_frozen,2019-07,0.0,1.0,23
de,V3_frozen,2019-08,5.0,1.0,22
de,V3_frozen,2019-09,0.0,1.0,21
de,V3_frozen,2019-10,0.0,1.0,22
de,V3_frozen,2019-11,0.0,1.0,21
de,V3_frozen,2019-12,0.0,1.0,18
de,V3_frozen,2020-01,0.0,1.0,22
de,V3_frozen,2020-02,35.0,1.0,20
de,V3_frozen,2020-03,0.0,1.0,22
de,V3_frozen,2020-04,0.0,1.0,20
de,V3_frozen,2020-05,0.0,0.8,20
de,V3_frozen,2020-06,0.0,0.19047619047619047,21
de,V3_frozen,2020-07,0.0,1.0,23
de,V3_frozen,2020-08,0.0,1.0,21
de,V3_frozen,2020-09,0.0,1.0,22
de,V3_frozen,2020-10,35.0,1.0,22
de,V3_frozen,2020-11,70.0,1.0,21
de,V3_frozen,2020-12,0.0,1.0,20
de,V3_frozen,2021-01,0.0,1.0,20
de,V3_frozen,2021-02,0.0,1.0,20
de,V3_frozen,2021-03,0.0,1.0,23
de,V3_frozen,2021-04,0.0,1.0,20
de,V3_frozen,2021-05,0.0,1.0,20
de,V3_frozen,2021-06,0.0,1.0,22
de,V3_frozen,2021-07,0.0,1.0,22
de,V3_frozen,2021-08,0.0,1.0,22
de,V3_frozen,2021-09,0.0,1.0,22
de,V3_frozen,2021-10,0.0,1.0,21
de,V3_frozen,2021-11,5.0,1.0,22
de,V3_frozen,2021-12,5.0,1.0,21
de,V3_frozen,2022-01,5.0,1.0,21
de,V3_frozen,2022-02,5.0,1.0,20
de,V3_frozen,2022-03,0.0,1.0,23
de,V3_frozen,2022-04,70.0,1.0,19
de,V3_frozen,2022-05,0.0,0.5909090909090909,22
de,V3_frozen,2022-06,5.0,1.0,22
de,V3_frozen,2022-07,5.0,1.0,21
de,V3_frozen,2022-08,5.0,0.8260869565217391,23
de,V3_frozen,2022-09,0.0,0.9545454545454546,22
de,V3_frozen,2022-10,5.0,0.7619047619047619,21
de,V3_frozen,2022-11,0.0,1.0,22
de,V3_frozen,2022-12,0.0,1.0,21
de,V3_frozen,2023-01,0.0,1.0,22
de,V3_frozen,2023-02,0.0,1.0,20
de,V3_frozen,2023-03,15.0,1.0,23
de,V3_frozen,2023-04,0.0,1.0,18
de,V3_frozen,2023-05,0.0,1.0,22
de,V3_frozen,2023-06,0.0,1.0,22
de,V3_frozen,2023-07,0.0,1.0,21
de,V3_frozen,2023-08,0.0,1.0,23
de,V3_frozen,2023-09,0.0,1.0,21
de,V3_frozen,2023-10,0.0,0.9090909090909091,22
de,V3_frozen,2023-11,0.0,0.9090909090909091,22
de,V3_frozen,2023-12,0.0,1.0,17
jp,V0_expanding,1990-01,22.0,1.0,19
jp,V0_expanding,1990-02,26.826957952797247,1.0,19
jp,V0_expanding,1990-03,70.0,0.9047619047619048,21
jp,V0_expanding,1990-04,0.0,1.0,20
jp,V0_expanding,1990-05,0.0,1.0,21
jp,V0_expanding,1990-06,0.0,1.0,21
jp,V0_expanding,1990-07,0.0,1.0,22
jp,V0_expanding,1990-08,0.0,1.0,23
jp,V0_expanding,1990-09,0.0,1.0,19
jp,V0_expanding,1990-10,0.0,1.0,22
jp,V0_expanding,1990-11,0.0,1.0,20
jp,V0_expanding,1990-12,0.0,1.0,19
jp,V0_expanding,1991-01,0.0,1.0,19
jp,V0_expanding,1991-02,0.0,1.0,19
jp,V0_expanding,1991-03,0.0,1.0,20
jp,V0_expanding,1991-04,0.0,1.0,21
jp,V0_expanding,1991-05,0.0,1.0,21
jp,V0_expanding,1991-06,13.894954943731374,1.0,20
jp,V0_expanding,1991-07,0.0,1.0,23
jp,V0_expanding,1991-08,0.1,1.0,22
jp,V0_expanding,1991-09,1.93069772888325,1.0,19
jp,V0_expanding,1991-10,0.0,1.0,22
jp,V0_expanding,1991-11,10.0,1.0,20
jp,V0_expanding,1991-12,15.0,1.0,20
jp,V0_expanding,1992-01,0.0,1.0,19
jp,V0_expanding,1992-02,0.0,1.0,19
jp,V0_expanding,1992-03,0.0,1.0,21
jp,V0_expanding,1992-04,0.0,1.0,21
jp,V0_expanding,1992-05,0.0,1.0,19
jp,V0_expanding,1992-06,0.0,1.0,22
jp,V0_expanding,1992-07,0.0,1.0,23
jp,V0_expanding,1992-08,0.0,1.0,21
jp,V0_expanding,1992-09,0.0,0.35,20
jp,V0_expanding,1992-10,0.0,0.9090909090909091,22
jp,V0_expanding,1992-11,4.641588833612778,1.0,19
jp,V0_expanding,1992-12,7.196856730011519,0.9523809523809523,21
jp,V0_expanding,1993-01,0.1,0.10526315789473684,19
jp,V0_expanding,1993-02,1.0,0.8947368421052632,19
jp,V0_expanding,1993-03,0.1,1.0,23
jp,V0_expanding,1993-04,0.0,1.0,21
jp,V0_expanding,1993-05,0.0,1.0,18
jp,V0_expanding,1993-06,7.196856730011519,1.0,21
jp,V0_expanding,1993-07,13.894954943731374,1.0,22
jp,V0_expanding,1993-08,0.0,1.0,22
jp,V0_expanding,1993-09,3.72759372031494,1.0,20
jp,V0_expanding,1993-10,4.641588833612778,1.0,20
jp,V0_expanding,1993-11,40.0,1.0,20
jp,V0_expanding,1993-12,0.0,1.0,21
jp,V0_expanding,1994-01,1.0,1.0,20
jp,V0_expanding,1994-02,0.1,0.3157894736842105,19
jp,V0_expanding,1994-03,0.1,0.7727272727272727,22
jp,V0_expanding,1994-04,0.1,0.85,20
jp,V0_expanding,1994-05,0.1,1.0,19
jp,V0_expanding,1994-06,1.0,1.0,22
jp,V0_expanding,1994-07,1.0,1.0,21
jp,V0_expanding,1994-08,1.0,1.0,23
jp,V0_expanding,1994-09,20.0,1.0,20
jp,V0_expanding,1994-10,25.0,1.0,20
jp,V0_expanding,1994-11,50.0,1.0,20
jp,V0_expanding,1994-12,50.0,1.0,21
jp,V0_expanding,1995-01,13.894954943731374,0.9473684210526315,19
jp,V0_expanding,1995-02,0.0,1.0,20
jp,V0_expanding,1995-03,0.0,1.0,22
jp,V0_expanding,1995-04,0.0,1.0,20
jp,V0_expanding,1995-05,0.0,1.0,20
jp,V0_expanding,1995-06,0.0,1.0,22
jp,V0_expanding,1995-07,10.0,0.9047619047619048,21
jp,V0_expanding,1995-08,1.0,1.0,23
jp,V0_expanding,1995-09,0.0,1.0,20
jp,V0_expanding,1995-10,1.93069772888325,1.0,21
jp,V0_expanding,1995-11,1.93069772888325,1.0,20
jp,V0_expanding,1995-12,0.0,1.0,21
jp,V0_expanding,1996-01,0.0,1.0,19
jp,V0_expanding,1996-02,0.0,1.0,20
jp,V0_expanding,1996-03,0.0,1.0,20
jp,V0_expanding,1996-04,0.0,1.0,21
jp,V0_expanding,1996-05,0.0,1.0,21
jp,V0_expanding,1996-06,0.0,1.0,20
jp,V0_expanding,1996-07,3.72759372031494,1.0,23
jp,V0_expanding,1996-08,7.196856730011519,1.0,22
jp,V0_expanding,1996-09,7.196856730011519,1.0,19
jp,V0_expanding,1996-10,0.1,1.0,22
jp,V0_expanding,1996-11,0.0,1.0,20
jp,V0_expanding,1996-12,26.826957952797247,1.0,20
jp,V0_expanding,1997-01,0.0,1.0,19
jp,V0_expanding,1997-02,0.0,1.0,20
jp,V0_expanding,1997-03,0.0,1.0,20
jp,V0_expanding,1997-04,10.0,1.0,21
jp,V0_expanding,1997-05,0.0,1.0,21
jp,V0_expanding,1997-06,0.0,1.0,21
jp,V0_expanding,1997-07,0.0,1.0,22
jp,V0_expanding,1997-08,1.0,1.0,21
jp,V0_expanding,1997-09,0.0,1.0,20
jp,V0_expanding,1997-10,0.0,1.0,22
jp,V0_expanding,1997-11,0.0,1.0,18
jp,V0_expanding,1997-12,0.0,1.0,21
jp,V0_expanding,1998-01,0.0,1.0,19
jp,V0_expanding,1998-02,0.0,0.5263157894736842,19
jp,V0_expanding,1998-03,1.0,0.9090909090909091,22
jp,V0_expanding,1998-04,3.72759372031494,1.0,21
jp,V0_expanding,1998-05,1.0,0.8947368421052632,19
jp,V0_expanding,1998-06,0.0,1.0,22
jp,V0_expanding,1998-07,0.0,1.0,22
jp,V0_expanding,1998-08,1.93069772888325,1.0,21
jp,V0_expanding,1998-09,0.0,1.0,20
jp,V0_expanding,1998-10,0.0,1.0,22
jp,V0_expanding,1998-11,0.0,0.9473684210526315,19
jp,V0_expanding,1998-12,3.72759372031494,0.8571428571428571,21
jp,V0_expanding,1999-01,1.0,1.0,19
jp,V0_expanding,1999-02,0.0,1.0,19
jp,V0_expanding,1999-03,0.0,1.0,22
jp,V0_expanding,1999-04,0.0,1.0,21
jp,V0_expanding,1999-05,0.0,1.0,18
jp,V0_expanding,1999-06,0.0,1.0,22
jp,V0_expanding,1999-07,0.0,1.0,21
jp,V0_expanding,1999-08,0.0,1.0,22
jp,V0_expanding,1999-09,3.72759372031494,1.0,20
jp,V0_expanding,1999-10,0.0,1.0,20
jp,V0_expanding,1999-11,0.0,1.0,20
jp,V0_expanding,1999-12,0.0,1.0,21
jp,V0_expanding,2000-01,0.0,1.0,19
jp,V0_expanding,2000-02,0.0,1.0,20
jp,V0_expanding,2000-03,0.0,1.0,22
jp,V0_expanding,2000-04,0.0,1.0,20
jp,V0_expanding,2000-05,0.0,1.0,20
jp,V0_expanding,2000-06,1.0,1.0,22
jp,V0_expanding,2000-07,1.0,0.95,20
jp,V0_expanding,2000-08,0.1,1.0,23
jp,V0_expanding,2000-09,1.93069772888325,1.0,20
jp,V0_expanding,2000-10,0.0,1.0,21
jp,V0_expanding,2000-11,0.0,1.0,20
jp,V0_expanding,2000-12,1.93069772888325,1.0,21
jp,V0_expanding,2001-01,0.0,1.0,19
jp,V0_expanding,2001-02,0.0,1.0,19
jp,V0_expanding,2001-03,0.0,1.0,21
jp,V0_expanding,2001-04,0.0,1.0,20
jp,V0_expanding,2001-05,1000.0,1.0,21
jp,V0_expanding,2001-06,3.72759372031494,0.9523809523809523,21
jp,V0_expanding,2001-07,0.0,1.0,21
jp,V0_expanding,2001-08,0.0,1.0,23
jp,V0_expanding,2001-09,0.0,1.0,19
jp,V0_expanding,2001-10,0.0,1.0,22
jp,V0_expanding,2001-11,1.93069772888325,1.0,21
jp,V0_expanding,2001-12,0.0,1.0,19
jp,V0_expanding,2002-01,1.93069772888325,1.0,19
jp,V0_expanding,2002-02,1.0,0.9473684210526315,19
jp,V0_expanding,2002-03,0.0,1.0,20
jp,V0_expanding,2002-04,0.0,1.0,21
jp,V0_expanding,2002-05,0.0,1.0,21
jp,V0_expanding,2002-06,0.1,1.0,20
jp,V0_expanding,2002-07,0.0,1.0,23
jp,V0_expanding,2002-08,0.0,1.0,22
jp,V0_expanding,2002-09,0.0,1.0,19
jp,V0_expanding,2002-10,0.0,1.0,22
jp,V0_expanding,2002-11,1.0,1.0,20
jp,V0_expanding,2002-12,0.0,0.9,20
jp,V0_expanding,2003-01,3.72759372031494,1.0,19
jp,V0_expanding,2003-02,1.0,1.0,19
jp,V0_expanding,2003-03,7.196856730011519,1.0,20
jp,V0_expanding,2003-04,0.0,1.0,21
jp,V0_expanding,2003-05,13.894954943731374,1.0,21
jp,V0_expanding,2003-06,25.0,1.0,21
jp,V0_expanding,2003-07,0.0,1.0,22
jp,V0_expanding,2003-08,0.0,1.0,21
jp,V0_expanding,2003-09,0.0,1.0,20
jp,V0_expanding,2003-10,1.0,1.0,22
jp,V0_expanding,2003-11,15.0,1.0,18
jp,V0_expanding,2003-12,20.0,1.0,21
jp,V0_expanding,2004-01,0.0,1.0,19
jp,V0_expanding,2004-02,0.0,1.0,19
jp,V0_expanding,2004-03,0.0,1.0,23
jp,V0_expanding,2004-04,0.0,1.0,21
jp,V0_expanding,2004-05,20.0,1.0,18
jp,V0_expanding,2004-06,20.0,1.0,22
jp,V0_expanding,2004-07,0.1,1.0,21
jp,V0_expanding,2004-08,3.72759372031494,1.0,22
jp,V0_expanding,2004-09,0.0,1.0,20
jp,V0_expanding,2004-10,1.93069772888325,1.0,20
jp,V0_expanding,2004-11,0.0,1.0,20
jp,V0_expanding,2004-12,0.0,1.0,21
jp,V0_expanding,2005-01,0.0,1.0,19
jp,V0_expanding,2005-02,0.0,1.0,19
jp,V0_expanding,2005-03,0.0,1.0,22
jp,V0_expanding,2005-04,10.0,1.0,20
jp,V0_expanding,2005-05,10.0,1.0,19
jp,V0_expanding,2005-06,0.0,1.0,22
jp,V0_expanding,2005-07,0.0,1.0,20
jp,V0_expanding,2005-08,0.0,1.0,23
jp,V0_expanding,2005-09,0.0,1.0,20
jp,V0_expanding,2005-10,0.0,1.0,20
jp,V0_expanding,2005-11,0.0,1.0,20
jp,V0_expanding,2005-12,0.0,1.0,21
jp,V0_expanding,2006-01,0.0,1.0,19
jp,V0_expanding,2006-02,0.1,1.0,20
jp,V0_expanding,2006-03,0.0,1.0,22
jp,V0_expanding,2006-04,0.0,1.0,20
jp,V0_expanding,2006-05,7.196856730011519,1.0,20
jp,V0_expanding,2006-06,40.0,1.0,22
jp,V0_expanding,2006-07,0.0,1.0,20
jp,V0_expanding,2006-08,7.196856730011519,1.0,23
jp,V0_expanding,2006-09,0.0,1.0,20
jp,V0_expanding,2006-10,0.0,1.0,21
jp,V0_expanding,2006-11,1.93069772888325,1.0,20
jp,V0_expanding,2006-12,0.0,1.0,21
jp,V0_expanding,2007-01,0.0,1.0,19
jp,V0_expanding,2007-02,0.0,1.0,19
jp,V0_expanding,2007-03,10.0,1.0,21
jp,V0_expanding,2007-04,1.0,1.0,20
jp,V0_expanding,2007-05,0.0,1.0,21
jp,V0_expanding,2007-06,0.0,1.0,21
jp,V0_expanding,2007-07,3.72759372031494,1.0,21
jp,V0_expanding,2007-08,60.0,1.0,23
jp,V0_expanding,2007-09,100.0,1.0,18
jp,V0_expanding,2007-10,100.0,1.0,22
jp,V0_expanding,2007-11,150.0,1.0,21
jp,V0_expanding,2007-12,0.0,1.0,19
jp,V0_expanding,2008-01,0.0,1.0,19
jp,V0_expanding,2008-02,0.0,1.0,20
jp,V0_expanding,2008-03,0.0,1.0,20
jp,V0_expanding,2008-04,0.0,1.0,21
jp,V0_expanding,2008-05,3.72759372031494,1.0,20
jp,V0_expanding,2008-06,5.0,1.0,21
jp,V0_expanding,2008-07,0.0,1.0,22
jp,V0_expanding,2008-08,0.0,1.0,21
jp,V0_expanding,2008-09,0.0,1.0,20
jp,V0_expanding,2008-10,0.0,1.0,22
jp,V0_expanding,2008-11,0.0,1.0,18
jp,V0_expanding,2008-12,0.0,1.0,21
jp,V0_expanding,2009-01,0.0,1.0,19
jp,V0_expanding,2009-02,0.0,1.0,19
jp,V0_expanding,2009-03,1.0,1.0,21
jp,V0_expanding,2009-04,1000.0,0.9047619047619048,21
jp,V0_expanding,2009-05,0.1,1.0,18
jp,V0_expanding,2009-06,0.0,1.0,22
jp,V0_expanding,2009-07,3.72759372031494,1.0,22
jp,V0_expanding,2009-08,150.0,0.7619047619047619,21
jp,V0_expanding,2009-09,150.0,1.0,18
jp,V0_expanding,2009-10,1.0,0.9047619047619048,21
jp,V0_expanding,2009-11,10.0,1.0,19
jp,V0_expanding,2009-12,10.0,1.0,21
jp,V0_expanding,2010-01,0.0,1.0,19
jp,V0_expanding,2010-02,3.72759372031494,1.0,19
jp,V0_expanding,2010-03,0.0,1.0,22
jp,V0_expanding,2010-04,0.0,1.0,21
jp,V0_expanding,2010-05,30.0,1.0,18
jp,V0_expanding,2010-06,60.0,1.0,22
jp,V0_expanding,2010-07,80.0,1.0,20
jp,V0_expanding,2010-08,100.0,1.0,22
jp,V0_expanding,2010-09,4.641588833612778,0.7894736842105263,19
jp,V0_expanding,2010-10,7.196856730011519,1.0,20
jp,V0_expanding,2010-11,1.93069772888325,1.0,20
jp,V0_expanding,2010-12,0.0,1.0,21
jp,V0_expanding,2011-01,0.0,1.0,19
jp,V0_expanding,2011-02,0.0,1.0,19
jp,V0_expanding,2011-03,70.0,1.0,22
jp,V0_expanding,2011-04,100.0,1.0,20
jp,V0_expanding,2011-05,100.0,1.0,19
jp,V0_expanding,2011-06,100.0,1.0,22
jp,V0_expanding,2011-07,0.0,1.0,20
jp,V0_expanding,2011-08,80.0,1.0,23
jp,V0_expanding,2011-09,100.0,1.0,20
jp,V0_expanding,2011-10,150.0,1.0,20
jp,V0_expanding,2011-11,150.0,1.0,20
jp,V0_expanding,2011-12,150.0,1.0,21
jp,V0_expanding,2012-01,150.0,1.0,19
jp,V0_expanding,2012-02,0.0,1.0,21
jp,V0_expanding,2012-03,0.0,1.0,21
jp,V0_expanding,2012-04,0.0,1.0,20
jp,V0_expanding,2012-05,30.0,1.0,21
jp,V0_expanding,2012-06,50.0,1.0,21
jp,V0_expanding,2012-07,50.0,1.0,21
jp,V0_expanding,2012-08,40.0,1.0,23
jp,V0_expanding,2012-09,1.0,1.0,19
jp,V0_expanding,2012-10,3.72759372031494,1.0,22
jp,V0_expanding,2012-11,1.0,1.0,21
jp,V0_expanding,2012-12,0.0,1.0,19
jp,V0_expanding,2013-01,0.0,1.0,19
jp,V0_expanding,2013-02,0.0,1.0,19
jp,V0_expanding,2013-03,0.0,1.0,20
jp,V0_expanding,2013-04,0.0,1.0,21
jp,V0_expanding,2013-05,3.72759372031494,1.0,21
jp,V0_expanding,2013-06,50.0,1.0,20
jp,V0_expanding,2013-07,50.0,1.0,22
jp,V0_expanding,2013-08,35.0,1.0,22
jp,V0_expanding,2013-09,35.0,1.0,19
jp,V0_expanding,2013-10,1.0,1.0,22
jp,V0_expanding,2013-11,0.0,1.0,20
jp,V0_expanding,2013-12,0.0,1.0,20
jp,V0_expanding,2014-01,4.641588833612778,1.0,19
jp,V0_expanding,2014-02,21.544346900318832,1.0,19
jp,V0_expanding,2014-03,30.0,1.0,20
jp,V0_expanding,2014-04,30.0,1.0,21
jp,V0_expanding,2014-05,30.0,1.0,20
jp,V0_expanding,2014-06,0.0,1.0,21
jp,V0_expanding,2014-07,0.0,1.0,22
jp,V0_expanding,2014-08,1.93069772888325,1.0,21
jp,V0_expanding,2014-09,0.0,1.0,20
jp,V0_expanding,2014-10,13.894954943731374,1.0,22
jp,V0_expanding,2014-11,0.0,1.0,18
jp,V0_expanding,2014-12,0.0,1.0,21
jp,V0_expanding,2015-01,1.0,1.0,20
jp,V0_expanding,2015-02,0.0,1.0,19
jp,V0_expanding,2015-03,0.0,1.0,22
jp,V0_expanding,2015-04,0.0,1.0,21
jp,V0_expanding,2015-05,0.0,1.0,18
jp,V0_expanding,2015-06,0.0,1.0,22
jp,V0_expanding,2015-07,3.72759372031494,1.0,22
jp,V0_expanding,2015-08,20.0,1.0,21
jp,V0_expanding,2015-09,51.7947467923121,1.0,19
jp,V0_expanding,2015-10,51.7947467923121,1.0,21
jp,V0_expanding,2015-11,20.0,1.0,19
jp,V0_expanding,2015-12,20.0,1.0,21
jp,V0_expanding,2016-01,20.0,1.0,19
jp,V0_expanding,2016-02,60.0,1.0,20
jp,V0_expanding,2016-03,60.0,1.0,22
jp,V0_expanding,2016-04,20.0,1.0,20
jp,V0_expanding,2016-05,20.0,1.0,19
jp,V0_expanding,2016-06,25.0,1.0,22
jp,V0_expanding,2016-07,50.0,1.0,20
jp,V0_expanding,2016-08,50.0,1.0,22
jp,V0_expanding,2016-09,1.0,1.0,20
jp,V0_expanding,2016-10,0.0,1.0,20
jp,V0_expanding,2016-11,7.196856730011519,1.0,20
jp,V0_expanding,2016-12,0.0,1.0,21
jp,V0_expanding,2017-01,0.0,1.0,19
jp,V0_expanding,2017-02,0.0,1.0,20
jp,V0_expanding,2017-03,0.0,1.0,22
jp,V0_expanding,2017-04,1.93069772888325,1.0,20
jp,V0_expanding,2017-05,0.0,1.0,20
jp,V0_expanding,2017-06,0.0,1.0,22
jp,V0_expanding,2017-07,0.0,1.0,20
jp,V0_expanding,2017-08,0.1,1.0,22
jp,V0_expanding,2017-09,0.1,1.0,20
jp,V0_expanding,2017-10,0.0,1.0,21
jp,V0_expanding,2017-11,0.0,1.0,20
jp,V0_expanding,2017-12,0.0,1.0,21
jp,V0_expanding,2018-01,0.0,1.0,19
jp,V0_expanding,2018-02,30.0,1.0,19
jp,V0_expanding,2018-03,50.0,1.0,21
jp,V0_expanding,2018-04,50.0,1.0,20
jp,V0_expanding,2018-05,0.0,1.0,21
jp,V0_expanding,2018-06,0.0,1.0,21
jp,V0_expanding,2018-07,3.72759372031494,1.0,21
jp,V0_expanding,2018-08,1.0,1.0,23
jp,V0_expanding,2018-09,0.0,1.0,18
jp,V0_expanding,2018-10,26.826957952797247,1.0,22
jp,V0_expanding,2018-11,35.0,1.0,21
jp,V0_expanding,2018-12,60.0,1.0,19
jp,V0_expanding,2019-01,50.0,1.0,19
jp,V0_expanding,2019-02,50.0,1.0,19
jp,V0_expanding,2019-03,3.72759372031494,1.0,20
jp,V0_expanding,2019-04,0.0,1.0,20
jp,V0_expanding,2019-05,1.93069772888325,1.0,19
jp,V0_expanding,2019-06,7.196856730011519,1.0,20
jp,V0_expanding,2019-07,0.1,1.0,22
jp,V0_expanding,2019-08,20.0,1.0,21
jp,V0_expanding,2019-09,20.0,1.0,19
jp,V0_expanding,2019-10,0.0,1.0,21
jp,V0_expanding,2019-11,0.0,1.0,20
jp,V0_expanding,2019-12,0.0,1.0,21
jp,V0_expanding,2020-01,1.0,1.0,19
jp,V0_expanding,2020-02,10.0,1.0,18
jp,V0_expanding,2020-03,51.7947467923121,0.8095238095238095,21
jp,V0_expanding,2020-04,0.0,0.9523809523809523,21
jp,V0_expanding,2020-05,60.0,1.0,18
jp,V0_expanding,2020-06,1.93069772888325,1.0,22
jp,V0_expanding,2020-07,1.0,1.0,21
jp,V0_expanding,2020-08,1.0,1.0,20
jp,V0_expanding,2020-09,0.0,1.0,20
jp,V0_expanding,2020-10,0.0,1.0,21
jp,V0_expanding,2020-11,0.0,1.0,19
jp,V0_expanding,2020-12,0.0,1.0,22
jp,V0_expanding,2021-01,0.0,1.0,19
jp,V0_expanding,2021-02,0.0,1.0,18
jp,V0_expanding,2021-03,0.1,1.0,23
jp,V0_expanding,2021-04,1.0,1.0,21
jp,V0_expanding,2021-05,10.0,1.0,18
jp,V0_expanding,2021-06,10.0,1.0,22
jp,V0_expanding,2021-07,150.0,1.0,20
jp,V0_expanding,2021-08,150.0,1.0,21
jp,V0_expanding,2021-09,150.0,1.0,20
jp,V0_expanding,2021-10,150.0,1.0,21
jp,V0_expanding,2021-11,150.0,1.0,20
jp,V0_expanding,2021-12,150.0,1.0,22
jp,V0_expanding,2022-01,150.0,1.0,19
jp,V0_expanding,2022-02,150.0,1.0,18
jp,V0_expanding,2022-03,150.0,1.0,22
jp,V0_expanding,2022-04,150.0,1.0,20
jp,V0_expanding,2022-05,150.0,1.0,19
jp,V0_expanding,2022-06,150.0,1.0,21
jp,V0_expanding,2022-07,150.0,1.0,20
jp,V0_expanding,2022-08,150.0,1.0,22
jp,V0_expanding,2022-09,150.0,1.0,20
jp,V0_expanding,2022-10,150.0,1.0,20
jp,V0_expanding,2022-11,150.0,1.0,20
jp,V0_expanding,2022-12,150.0,1.0,22
jp,V0_expanding,2023-01,150.0,1.0,19
jp,V0_expanding,2023-02,150.0,1.0,19
jp,V0_expanding,2023-03,150.0,1.0,22
jp,V0_expanding,2023-04,150.0,1.0,20
jp,V0_expanding,2023-05,0.0,1.0,20
jp,V0_expanding,2023-06,0.0,1.0,22
jp,V0_expanding,2023-07,0.0,1.0,20
jp,V0_expanding,2023-08,50.0,1.0,22
jp,V0_expanding,2023-09,150.0,1.0,20
jp,V0_expanding,2023-10,150.0,1.0,21
jp,V0_expanding,2023-11,150.0,1.0,20
jp,V0_expanding,2023-12,150.0,1.0,19
jp,V1_window,1990-01,35.0,1.0,19
jp,V1_window,1990-02,70.0,1.0,19
jp,V1_window,1990-03,70.0,0.5714285714285714,21
jp,V1_window,1990-04,0.0,1.0,20
jp,V1_window,1990-05,0.0,1.0,21
jp,V1_window,1990-06,0.0,1.0,21
jp,V1_window,1990-07,0.0,1.0,22
jp,V1_window,1990-08,0.0,1.0,23
jp,V1_window,1990-09,0.0,1.0,19
jp,V1_window,1990-10,0.0,1.0,22
jp,V1_window,1990-11,0.0,1.0,20
jp,V1_window,1990-12,0.0,1.0,19
jp,V1_window,1991-01,0.0,1.0,19
jp,V1_window,1991-02,0.0,0.3157894736842105,19
jp,V1_window,1991-03,15.0,0.7,20
jp,V1_window,1991-04,15.0,1.0,21
jp,V1_window,1991-05,15.0,1.0,21
jp,V1_window,1991-06,150.0,0.95,20
jp,V1_window,1991-07,0.0,1.0,23
jp,V1_window,1991-08,0.0,1.0,22
jp,V1_window,1991-09,0.0,0.8947368421052632,19
jp,V1_window,1991-10,0.0,0.0,22
jp,V1_window,1991-11,0.0,0.0,20
jp,V1_window,1991-12,0.0,0.85,20
jp,V1_window,1992-01,0.0,1.0,19
jp,V1_window,1992-02,0.0,1.0,19
jp,V1_window,1992-03,0.0,1.0,21
jp,V1_window,1992-04,0.0,1.0,21
jp,V1_window,1992-05,0.0,1.0,19
jp,V1_window,1992-06,0.0,1.0,22
jp,V1_window,1992-07,0.0,1.0,23
jp,V1_window,1992-08,0.0,1.0,21
jp,V1_window,1992-09,0.0,0.3,20
jp,V1_window,1992-10,0.0,0.9090909090909091,22
jp,V1_window,1992-11,0.0,1.0,19
jp,V1_window,1992-12,0.0,0.19047619047619047,21
jp,V1_window,1993-01,0.0,0.0,19
jp,V1_window,1993-02,0.0,0.0,19
jp,V1_window,1993-03,0.0,0.782608695652174,23
jp,V1_window,1993-04,0.0,1.0,21
jp,V1_window,1993-05,0.0,1.0,18
jp,V1_window,1993-06,15.0,1.0,21
jp,V1_window,1993-07,35.0,1.0,22
jp,V1_window,1993-08,0.0,1.0,22
jp,V1_window,1993-09,15.0,1.0,20
jp,V1_window,1993-10,35.0,1.0,20
jp,V1_window,1993-11,35.0,0.8,20
jp,V1_window,1993-12,0.0,1.0,21
jp,V1_window,1994-01,0.0,1.0,20
jp,V1_window,1994-02,0.0,0.15789473684210525,19
jp,V1_window,1994-03,0.0,0.2727272727272727,22
jp,V1_window,1994-04,0.0,0.1,20
jp,V1_window,1994-05,0.0,0.7894736842105263,19
jp,V1_window,1994-06,15.0,1.0,22
jp,V1_window,1994-07,15.0,1.0,21
jp,V1_window,1994-08,15.0,1.0,23
jp,V1_window,1994-09,15.0,0.3,20
jp,V1_window,1994-10,0.0,0.0,20
jp,V1_window,1994-11,0.0,0.0,20
jp,V1_window,1994-12,0.0,0.19047619047619047,21
jp,V1_window,1995-01,0.0,0.21052631578947367,19
jp,V1_window,1995-02,0.0,1.0,20
jp,V1_window,1995-03,0.0,1.0,22
jp,V1_window,1995-04,0.0,1.0,20
jp,V1_window,1995-05,0.0,1.0,20
jp,V1_window,1995-06,0.0,1.0,22
jp,V1_window,1995-07,5.0,0.6190476190476191,21
jp,V1_window,1995-08,0.0,0.5652173913043478,23
jp,V1_window,1995-09,5.0,1.0,20
jp,V1_window,1995-10,15.0,1.0,21
jp,V1_window,1995-11,15.0,1.0,20
jp,V1_window,1995-12,0.0,1.0,21
jp,V1_window,1996-01,0.0,1.0,19
jp,V1_window,1996-02,5.0,1.0,20
jp,V1_window,1996-03,5.0,1.0,20
jp,V1_window,1996-04,0.0,1.0,21
jp,V1_window,1996-05,0.0,1.0,21
jp,V1_window,1996-06,0.0,1.0,20
jp,V1_window,1996-07,35.0,1.0,23
jp,V1_window,1996-08,70.0,1.0,22
jp,V1_window,1996-09,70.0,1.0,19
jp,V1_window,1996-10,70.0,1.0,22
jp,V1_window,1996-11,150.0,1.0,20
jp,V1_window,1996-12,150.0,0.95,20
jp,V1_window,1997-01,0.0,1.0,19
jp,V1_window,1997-02,0.0,1.0,20
jp,V1_window,1997-03,0.0,1.0,20
jp,V1_window,1997-04,0.0,1.0,21
jp,V1_window,1997-05,0.0,0.9523809523809523,21
jp,V1_window,1997-06,0.0,1.0,21
jp,V1_window,1997-07,5.0,1.0,22
jp,V1_window,1997-08,5.0,0.9523809523809523,21
jp,V1_window,1997-09,0.0,1.0,20
jp,V1_window,1997-10,0.0,1.0,22
jp,V1_window,1997-11,0.0,1.0,18
jp,V1_window,1997-12,0.0,1.0,21
jp,V1_window,1998-01,0.0,1.0,19
jp,V1_window,1998-02,0.0,0.15789473684210525,19
jp,V1_window,1998-03,0.0,0.0,22
jp,V1_window,1998-04,0.0,0.9523809523809523,21
jp,V1_window,1998-05,0.0,0.8947368421052632,19
jp,V1_window,1998-06,0.0,0.9090909090909091,22
jp,V1_window,1998-07,0.0,0.6363636363636364,22
jp,V1_window,1998-08,0.0,0.5714285714285714,21
jp,V1_window,1998-09,0.0,1.0,20
jp,V1_window,1998-10,0.0,1.0,22
jp,V1_window,1998-11,0.0,0.6842105263157895,19
jp,V1_window,1998-12,0.0,0.3333333333333333,21
jp,V1_window,1999-01,0.0,0.8421052631578947,19
jp,V1_window,1999-02,0.0,0.5789473684210527,19
jp,V1_window,1999-03,0.0,0.8636363636363636,22
jp,V1_window,1999-04,0.0,1.0,21
jp,V1_window,1999-05,0.0,1.0,18
jp,V1_window,1999-06,0.0,1.0,22
jp,V1_window,1999-07,0.0,1.0,21
jp,V1_window,1999-08,0.0,1.0,22
jp,V1_window,1999-09,15.0,1.0,20
jp,V1_window,1999-10,15.0,1.0,20
jp,V1_window,1999-11,0.0,1.0,20
jp,V1_window,1999-12,0.0,1.0,21
jp,V1_window,2000-01,0.0,1.0,19
jp,V1_window,2000-02,0.0,1.0,20
jp,V1_window,2000-03,0.0,1.0,22
jp,V1_window,2000-04,0.0,1.0,20
jp,V1_window,2000-05,0.0,1.0,20
jp,V1_window,2000-06,0.0,0.9090909090909091,22
jp,V1_window,2000-07,0.0,0.4,20
jp,V1_window,2000-08,0.0,0.9565217391304348,23
jp,V1_window,2000-09,0.0,0.25,20
jp,V1_window,2000-10,0.0,1.0,21
jp,V1_window,2000-11,0.0,1.0,20
jp,V1_window,2000-12,0.0,1.0,21
jp,V1_window,2001-01,0.0,1.0,19
jp,V1_window,2001-02,0.0,1.0,19
jp,V1_window,2001-03,0.0,1.0,21
jp,V1_window,2001-04,0.0,0.9,20
jp,V1_window,2001-05,0.0,0.5238095238095238,21
jp,V1_window,2001-06,0.0,0.7142857142857143,21
jp,V1_window,2001-07,0.0,1.0,21
jp,V1_window,2001-08,0.0,1.0,23
jp,V1_window,2001-09,0.0,1.0,19
jp,V1_window,2001-10,0.0,1.0,22
jp,V1_window,2001-11,5.0,1.0,21
jp,V1_window,2001-12,0.0,1.0,19
jp,V1_window,2002-01,5.0,1.0,19
jp,V1_window,2002-02,0.0,0.8421052631578947,19
jp,V1_window,2002-03,0.0,1.0,20
jp,V1_window,2002-04,0.0,1.0,21
jp,V1_window,2002-05,0.0,1.0,21
jp,V1_window,2002-06,5.0,0.95,20
jp,V1_window,2002-07,0.0,1.0,23
jp,V1_window,2002-08,0.0,1.0,22
jp,V1_window,2002-09,0.0,1.0,19
jp,V1_window,2002-10,0.0,1.0,22
jp,V1_window,2002-11,0.0,0.95,20
jp,V1_window,2002-12,0.0,0.95,20
jp,V1_window,2003-01,5.0,1.0,19
jp,V1_window,2003-02,0.0,0.6842105263157895,19
jp,V1_window,2003-03,0.0,1.0,20
jp,V1_window,2003-04,0.0,1.0,21
jp,V1_window,2003-05,15.0,1.0,21
jp,V1_window,2003-06,35.0,0.9523809523809523,21
jp,V1_window,2003-07,0.0,1.0,22
jp,V1_window,2003-08,0.0,1.0,21
jp,V1_window,2003-09,0.0,1.0,20
jp,V1_window,2003-10,5.0,1.0,22
jp,V1_window,2003-11,35.0,1.0,18
jp,V1_window,2003-12,70.0,1.0,21
jp,V1_window,2004-01,0.0,1.0,19
jp,V1_window,2004-02,0.0,1.0,19
jp,V1_window,2004-03,0.0,1.0,23
jp,V1_window,2004-04,0.0,1.0,21
jp,V1_window,2004-05,35.0,1.0,18
jp,V1_window,2004-06,35.0,1.0,22
jp,V1_window,2004-07,5.0,1.0,21
jp,V1_window,2004-08,15.0,1.0,22
jp,V1_window,2004-09,5.0,1.0,20
jp,V1_window,2004-10,15.0,1.0,20
jp,V1_window,2004-11,15.0,1.0,20
jp,V1_window,2004-12,5.0,1.0,21
jp,V1_window,2005-01,0.0,1.0,19
jp,V1_window,2005-02,0.0,1.0,19
jp,V1_window,2005-03,0.0,1.0,22
jp,V1_window,2005-04,35.0,1.0,20
jp,V1_window,2005-05,35.0,1.0,19
jp,V1_window,2005-06,0.0,1.0,22
jp,V1_window,2005-07,0.0,1.0,20
jp,V1_window,2005-08,0.0,1.0,23
jp,V1_window,2005-09,0.0,1.0,20
jp,V1_window,2005-10,0.0,1.0,20
jp,V1_window,2005-11,0.0,1.0,20
jp,V1_window,2005-12,0.0,1.0,21
jp,V1_window,2006-01,0.0,1.0,19
jp,V1_window,2006-02,5.0,1.0,20
jp,V1_window,2006-03,0.0,1.0,22
jp,V1_window,2006-04,0.0,1.0,20
jp,V1_window,2006-05,15.0,1.0,20
jp,V1_window,2006-06,35.0,0.8636363636363636,22
jp,V1_window,2006-07,0.0,1.0,20
jp,V1_window,2006-08,5.0,0.9565217391304348,23
jp,V1_window,2006-09,0.0,1.0,20
jp,V1_window,2006-10,0.0,1.0,21
jp,V1_window,2006-11,5.0,1.0,20
jp,V1_window,2006-12,0.0,1.0,21
jp,V1_window,2007-01,0.0,1.0,19
jp,V1_window,2007-02,0.0,1.0,19
jp,V1_window,2007-03,15.0,1.0,21
jp,V1_window,2007-04,15.0,1.0,20
jp,V1_window,2007-05,0.0,1.0,21
jp,V1_window,2007-06,0.0,1.0,21
jp,V1_window,2007-07,5.0,1.0,21
jp,V1_window,2007-08,150.0,1.0,23
jp,V1_window,2007-09,150.0,1.0,18
jp,V1_window,2007-10,150.0,1.0,22
jp,V1_window,2007-11,150.0,0.5714285714285714,21
jp,V1_window,2007-12,0.0,1.0,19
jp,V1_window,2008-01,0.0,1.0,19
jp,V1_window,2008-02,0.0,1.0,20
jp,V1_window,2008-03,0.0,1.0,20
jp,V1_window,2008-04,0.0,1.0,21
jp,V1_window,2008-05,5.0,1.0,20
jp,V1_window,2008-06,5.0,1.0,21
jp,V1_window,2008-07,0.0,1.0,22
jp,V1_window,2008-08,0.0,1.0,21
jp,V1_window,2008-09,0.0,1.0,20
jp,V1_window,2008-10,0.0,1.0,22
jp,V1_window,2008-11,0.0,1.0,18
jp,V1_window,2008-12,0.0,1.0,21
jp,V1_window,2009-01,0.0,1.0,19
jp,V1_window,2009-02,0.0,1.0,19
jp,V1_window,2009-03,5.0,1.0,21
jp,V1_window,2009-04,0.0,0.5238095238095238,21
jp,V1_window,2009-05,0.0,0.9444444444444444,18
jp,V1_window,2009-06,0.0,1.0,22
jp,V1_window,2009-07,15.0,1.0,22
jp,V1_window,2009-08,150.0,0.7619047619047619,21
jp,V1_window,2009-09,150.0,1.0,18
jp,V1_window,2009-10,0.0,0.8095238095238095,21
jp,V1_window,2009-11,35.0,1.0,19
jp,V1_window,2009-12,35.0,1.0,21
jp,V1_window,2010-01,5.0,1.0,19
jp,V1_window,2010-02,15.0,1.0,19
jp,V1_window,2010-03,15.0,1.0,22
jp,V1_window,2010-04,0.0,1.0,21
jp,V1_window,2010-05,70.0,1.0,18
jp,V1_window,2010-06,150.0,1.0,22
jp,V1_window,2010-07,150.0,1.0,20
jp,V1_window,2010-08,150.0,0.9545454545454546,22
jp,V1_window,2010-09,5.0,0.7894736842105263,19
jp,V1_window,2010-10,5.0,0.25,20
jp,V1_window,2010-11,0.0,0.85,20
jp,V1_window,2010-12,0.0,1.0,21
jp,V1_window,2011-01,0.0,1.0,19
jp,V1_window,2011-02,0.0,1.0,19
jp,V1_window,2011-03,70.0,1.0,22
jp,V1_window,2011-04,150.0,1.0,20
jp,V1_window,2011-05,150.0,1.0,19
jp,V1_window,2011-06,150.0,1.0,22
jp,V1_window,2011-07,0.0,1.0,20
jp,V1_window,2011-08,150.0,1.0,23
jp,V1_window,2011-09,150.0,1.0,20
jp,V1_window,2011-10,0.0,0.05,20
jp,V1_window,2011-11,0.0,0.0,20
jp,V1_window,2011-12,0.0,0.0,21
jp,V1_window,2012-01,0.0,0.47368421052631576,19
jp,V1_window,2012-02,0.0,1.0,21
jp,V1_window,2012-03,0.0,1.0,21
jp,V1_window,2012-04,0.0,1.0,20
jp,V1_window,2012-05,70.0,1.0,21
jp,V1_window,2012-06,70.0,0.38095238095238093,21
jp,V1_window,2012-07,150.0,1.0,21
jp,V1_window,2012-08,150.0,1.0,23
jp,V1_window,2012-09,150.0,1.0,19
jp,V1_window,2012-10,70.0,1.0,22
jp,V1_window,2012-11,35.0,1.0,21
jp,V1_window,2012-12,0.0,1.0,19
jp,V1_window,2013-01,0.0,1.0,19
jp,V1_window,2013-02,0.0,1.0,19
jp,V1_window,2013-03,0.0,1.0,20
jp,V1_window,2013-04,0.0,1.0,21
jp,V1_window,2013-05,5.0,1.0,21
jp,V1_window,2013-06,35.0,1.0,20
jp,V1_window,2013-07,35.0,1.0,22
jp,V1_window,2013-08,35.0,1.0,22
jp,V1_window,2013-09,35.0,1.0,19
jp,V1_window,2013-10,5.0,1.0,22
jp,V1_window,2013-11,5.0,1.0,20
jp,V1_window,2013-12,0.0,1.0,20
jp,V1_window,2014-01,15.0,1.0,19
jp,V1_window,2014-02,35.0,1.0,19
jp,V1_window,2014-03,35.0,1.0,20
jp,V1_window,2014-04,35.0,0.38095238095238093,21
jp,V1_window,2014-05,0.0,0.15,20
jp,V1_window,2014-06,0.0,1.0,21
jp,V1_window,2014-07,0.0,1.0,22
jp,V1_window,2014-08,5.0,1.0,21
jp,V1_window,2014-09,0.0,1.0,20
jp,V1_window,2014-10,15.0,0.5909090909090909,22
jp,V1_window,2014-11,0.0,1.0,18
jp,V1_window,2014-12,0.0,1.0,21
jp,V1_window,2015-01,5.0,1.0,20
jp,V1_window,2015-02,0.0,1.0,19
jp,V1_window,2015-03,0.0,1.0,22
jp,V1_window,2015-04,0.0,1.0,21
jp,V1_window,2015-05,0.0,1.0,18
jp,V1_window,2015-06,0.0,1.0,22
jp,V1_window,2015-07,5.0,1.0,22
jp,V1_window,2015-08,150.0,1.0,21
jp,V1_window,2015-09,150.0,1.0,19
jp,V1_window,2015-10,150.0,1.0,21
jp,V1_window,2015-11,150.0,1.0,19
jp,V1_window,2015-12,150.0,1.0,21
jp,V1_window,2016-01,150.0,1.0,19
jp,V1_window,2016-02,150.0,1.0,20
jp,V1_window,2016-03,150.0,1.0,22
jp,V1_window,2016-04,150.0,1.0,20
jp,V1_window,2016-05,150.0,0.631578947368421,19
jp,V1_window,2016-06,150.0,0.5,22
jp,V1_window,2016-07,0.0,0.0,20
jp,V1_window,2016-08,0.0,0.0,22
jp,V1_window,2016-09,0.0,0.25,20
jp,V1_window,2016-10,0.0,0.75,20
jp,V1_window,2016-11,0.0,0.7,20
jp,V1_window,2016-12,0.0,1.0,21
jp,V1_window,2017-01,0.0,1.0,19
jp,V1_window,2017-02,0.0,1.0,20
jp,V1_window,2017-03,5.0,1.0,22
jp,V1_window,2017-04,15.0,1.0,20
jp,V1_window,2017-05,0.0,1.0,20
jp,V1_window,2017-06,0.0,1.0,22
jp,V1_window,2017-07,0.0,1.0,20
jp,V1_window,2017-08,15.0,1.0,22
jp,V1_window,2017-09,15.0,1.0,20
jp,V1_window,2017-10,0.0,1.0,21
jp,V1_window,2017-11,0.0,1.0,20
jp,V1_window,2017-12,0.0,1.0,21
jp,V1_window,2018-01,0.0,1.0,19
jp,V1_window,2018-02,35.0,1.0,19
jp,V1_window,2018-03,35.0,0.19047619047619047,21
jp,V1_window,2018-04,0.0,0.4,20
jp,V1_window,2018-05,5.0,1.0,21
jp,V1_window,2018-06,5.0,1.0,21
jp,V1_window,2018-07,15.0,1.0,21
jp,V1_window,2018-08,15.0,1.0,23
jp,V1_window,2018-09,5.0,1.0,18
jp,V1_window,2018-10,35.0,1.0,22
jp,V1_window,2018-11,70.0,1.0,21
jp,V1_window,2018-12,150.0,1.0,19
jp,V1_window,2019-01,150.0,1.0,19
jp,V1_window,2019-02,150.0,1.0,19
jp,V1_window,2019-03,150.0,1.0,20
jp,V1_window,2019-04,150.0,1.0,20
jp,V1_window,2019-05,150.0,1.0,19
jp,V1_window,2019-06,150.0,1.0,20
jp,V1_window,2019-07,0.0,0.8181818181818182,22
jp,V1_window,2019-08,5.0,0.09523809523809523,21
jp,V1_window,2019-09,0.0,0.7368421052631579,19
jp,V1_window,2019-10,5.0,1.0,21
jp,V1_window,2019-11,0.0,1.0,20
jp,V1_window,2019-12,0.0,1.0,21
jp,V1_window,2020-01,5.0,1.0,19
jp,V1_window,2020-02,15.0,1.0,18
jp,V1_window,2020-03,150.0,0.6666666666666666,21
jp,V1_window,2020-04,0.0,0.9523809523809523,21
jp,V1_window,2020-05,0.0,0.16666666666666666,18
jp,V1_window,2020-06,150.0,0.9545454545454546,22
jp,V1_window,2020-07,5.0,1.0,21
jp,V1_window,2020-08,5.0,1.0,20
jp,V1_window,2020-09,0.0,1.0,20
jp,V1_window,2020-10,5.0,1.0,21
jp,V1_window,2020-11,0.0,1.0,19
jp,V1_window,2020-12,0.0,1.0,22
jp,V1_window,2021-01,0.0,1.0,19
jp,V1_window,2021-02,0.0,1.0,18
jp,V1_window,2021-03,5.0,1.0,23
jp,V1_window,2021-04,5.0,1.0,21
jp,V1_window,2021-05,15.0,1.0,18
jp,V1_window,2021-06,15.0,1.0,22
jp,V1_window,2021-07,0.0,0.0,20
jp,V1_window,2021-08,0.0,0.0,21
jp,V1_window,2021-09,0.0,1.0,20
jp,V1_window,2021-10,15.0,0.19047619047619047,21
jp,V1_window,2021-11,0.0,0.65,20
jp,V1_window,2021-12,0.0,0.0,22
jp,V1_window,2022-01,0.0,0.0,19
jp,V1_window,2022-02,0.0,0.0,18
jp,V1_window,2022-03,0.0,0.0,22
jp,V1_window,2022-04,0.0,0.0,20
jp,V1_window,2022-05,0.0,0.0,19
jp,V1_window,2022-06,0.0,0.14285714285714285,21
jp,V1_window,2022-07,0.0,0.25,20
jp,V1_window,2022-08,0.0,0.7727272727272727,22
jp,V1_window,2022-09,0.0,0.1,20
jp,V1_window,2022-10,0.0,0.0,20
jp,V1_window,2022-11,0.0,0.35,20
jp,V1_window,2022-12,0.0,0.13636363636363635,22
jp,V1_window,2023-01,0.0,0.0,19
jp,V1_window,2023-02,0.0,0.3157894736842105,19
jp,V1_window,2023-03,0.0,0.3181818181818182,22
jp,V1_window,2023-04,0.0,0.75,20
jp,V1_window,2023-05,0.0,1.0,20
jp,V1_window,2023-06,0.0,1.0,22
jp,V1_window,2023-07,0.0,1.0,20
jp,V1_window,2023-08,70.0,1.0,22
jp,V1_window,2023-09,0.0,0.7,20
jp,V1_window,2023-10,0.0,0.0,21
jp,V1_window,2023-11,0.0,0.6,20
jp,V1_window,2023-12,0.0,0.3684210526315789,19
jp,V3_frozen,1990-01,35.0,1.0,19
jp,V3_frozen,1990-02,70.0,1.0,19
jp,V3_frozen,1990-03,150.0,0.5714285714285714,21
jp,V3_frozen,1990-04,0.0,1.0,20
jp,V3_frozen,1990-05,0.0,1.0,21
jp,V3_frozen,1990-06,0.0,1.0,21
jp,V3_frozen,1990-07,0.0,1.0,22
jp,V3_frozen,1990-08,0.0,1.0,23
jp,V3_frozen,1990-09,0.0,1.0,19
jp,V3_frozen,1990-10,0.0,1.0,22
jp,V3_frozen,1990-11,0.0,1.0,20
jp,V3_frozen,1990-12,0.0,1.0,19
jp,V3_frozen,1991-01,0.0,1.0,19
jp,V3_frozen,1991-02,5.0,0.8421052631578947,19
jp,V3_frozen,1991-03,5.0,1.0,20
jp,V3_frozen,1991-04,5.0,1.0,21
jp,V3_frozen,1991-05,5.0,1.0,21
jp,V3_frozen,1991-06,15.0,0.95,20
jp,V3_frozen,1991-07,0.0,1.0,23
jp,V3_frozen,1991-08,0.0,1.0,22
jp,V3_frozen,1991-09,0.0,0.8947368421052632,19
jp,V3_frozen,1991-10,5.0,0.9545454545454546,22
jp,V3_frozen,1991-11,35.0,1.0,20
jp,V3_frozen,1991-12,0.0,0.85,20
jp,V3_frozen,1992-01,0.0,1.0,19
jp,V3_frozen,1992-02,0.0,1.0,19
jp,V3_frozen,1992-03,0.0,1.0,21
jp,V3_frozen,1992-04,0.0,1.0,21
jp,V3_frozen,1992-05,0.0,1.0,19
jp,V3_frozen,1992-06,0.0,1.0,22
jp,V3_frozen,1992-07,0.0,1.0,23
jp,V3_frozen,1992-08,0.0,1.0,21
jp,V3_frozen,1992-09,0.0,0.25,20
jp,V3_frozen,1992-10,0.0,0.9090909090909091,22
jp,V3_frozen,1992-11,5.0,1.0,19
jp,V3_frozen,1992-12,0.0,0.5238095238095238,21
jp,V3_frozen,1993-01,0.0,0.0,19
jp,V3_frozen,1993-02,0.0,0.21052631578947367,19
jp,V3_frozen,1993-03,0.0,0.782608695652174,23
jp,V3_frozen,1993-04,0.0,1.0,21
jp,V3_frozen,1993-05,0.0,1.0,18
jp,V3_frozen,1993-06,15.0,1.0,21
jp,V3_frozen,1993-07,35.0,1.0,22
jp,V3_frozen,1993-08,0.0,1.0,22
jp,V3_frozen,1993-09,5.0,1.0,20
jp,V3_frozen,1993-10,15.0,1.0,20
jp,V3_frozen,1993-11,70.0,0.85,20
jp,V3_frozen,1993-12,0.0,1.0,21
jp,V3_frozen,1994-01,0.0,1.0,20
jp,V3_frozen,1994-02,0.0,0.15789473684210525,19
jp,V3_frozen,1994-03,0.0,0.2727272727272727,22
jp,V3_frozen,1994-04,0.0,0.3,20
jp,V3_frozen,1994-05,0.0,0.9473684210526315,19
jp,V3_frozen,1994-06,5.0,1.0,22
jp,V3_frozen,1994-07,15.0,1.0,21
jp,V3_frozen,1994-08,15.0,1.0,23
jp,V3_frozen,1994-09,35.0,1.0,20
jp,V3_frozen,1994-10,70.0,1.0,20
jp,V3_frozen,1994-11,70.0,0.75,20
jp,V3_frozen,1994-12,0.0,0.3333333333333333,21
jp,V3_frozen,1995-01,5.0,0.8421052631578947,19
jp,V3_frozen,1995-02,0.0,1.0,20
jp,V3_frozen,1995-03,0.0,1.0,22
jp,V3_frozen,1995-04,0.0,1.0,20
jp,V3_frozen,1995-05,0.0,1.0,20
jp,V3_frozen,1995-06,0.0,1.0,22
jp,V3_frozen,1995-07,5.0,0.8571428571428571,21
jp,V3_frozen,1995-08,5.0,1.0,23
jp,V3_frozen,1995-09,5.0,1.0,20
jp,V3_frozen,1995-10,5.0,1.0,21
jp,V3_frozen,1995-11,5.0,1.0,20
jp,V3_frozen,1995-12,0.0,1.0,21
jp,V3_frozen,1996-01,0.0,1.0,19
jp,V3_frozen,1996-02,0.0,1.0,20
jp,V3_frozen,1996-03,0.0,1.0,20
jp,V3_frozen,1996-04,0.0,1.0,21
jp,V3_frozen,1996-05,0.0,1.0,21
jp,V3_frozen,1996-06,0.0,1.0,20
jp,V3_frozen,1996-07,15.0,1.0,23
jp,V3_frozen,1996-08,70.0,1.0,22
jp,V3_frozen,1996-09,150.0,1.0,19
jp,V3_frozen,1996-10,5.0,1.0,22
jp,V3_frozen,1996-11,0.0,1.0,20
jp,V3_frozen,1996-12,150.0,0.95,20
jp,V3_frozen,1997-01,0.0,1.0,19
jp,V3_frozen,1997-02,0.0,1.0,20
jp,V3_frozen,1997-03,0.0,1.0,20
jp,V3_frozen,1997-04,15.0,1.0,21
jp,V3_frozen,1997-05,0.0,1.0,21
jp,V3_frozen,1997-06,0.0,1.0,21
jp,V3_frozen,1997-07,0.0,1.0,22
jp,V3_frozen,1997-08,5.0,1.0,21
jp,V3_frozen,1997-09,0.0,1.0,20
jp,V3_frozen,1997-10,0.0,1.0,22
jp,V3_frozen,1997-11,0.0,1.0,18
jp,V3_frozen,1997-12,0.0,1.0,21
jp,V3_frozen,1998-01,0.0,1.0,19
jp,V3_frozen,1998-02,0.0,0.15789473684210525,19
jp,V3_frozen,1998-03,0.0,0.22727272727272727,22
jp,V3_frozen,1998-04,0.0,0.9523809523809523,21
jp,V3_frozen,1998-05,0.0,0.8947368421052632,19
jp,V3_frozen,1998-06,0.0,0.9545454545454546,22
jp,V3_frozen,1998-07,5.0,0.9090909090909091,22
jp,V3_frozen,1998-08,5.0,1.0,21
jp,V3_frozen,1998-09,0.0,1.0,20
jp,V3_frozen,1998-10,0.0,1.0,22
jp,V3_frozen,1998-11,0.0,0.6842105263157895,19
jp,V3_frozen,1998-12,0.0,0.3333333333333333,21
jp,V3_frozen,1999-01,0.0,1.0,19
jp,V3_frozen,1999-02,5.0,1.0,19
jp,V3_frozen,1999-03,5.0,1.0,22
jp,V3_frozen,1999-04,0.0,1.0,21
jp,V3_frozen,1999-05,0.0,1.0,18
jp,V3_frozen,1999-06,0.0,1.0,22
jp,V3_frozen,1999-07,0.0,1.0,21
jp,V3_frozen,1999-08,0.0,1.0,22
jp,V3_frozen,1999-09,15.0,1.0,20
jp,V3_frozen,1999-10,15.0,1.0,20
jp,V3_frozen,1999-11,0.0,1.0,20
jp,V3_frozen,1999-12,0.0,1.0,21
jp,V3_frozen,2000-01,0.0,1.0,19
jp,V3_frozen,2000-02,0.0,1.0,20
jp,V3_frozen,2000-03,0.0,1.0,22
jp,V3_frozen,2000-04,0.0,1.0,20
jp,V3_frozen,2000-05,0.0,1.0,20
jp,V3_frozen,2000-06,0.0,1.0,22
jp,V3_frozen,2000-07,0.0,0.7,20
jp,V3_frozen,2000-08,0.0,1.0,23
jp,V3_frozen,2000-09,5.0,0.55,20
jp,V3_frozen,2000-10,0.0,1.0,21
jp,V3_frozen,2000-11,0.0,1.0,20
jp,V3_frozen,2000-12,5.0,1.0,21
jp,V3_frozen,2001-01,0.0,1.0,19
jp,V3_frozen,2001-02,0.0,1.0,19
jp,V3_frozen,2001-03,0.0,1.0,21
jp,V3_frozen,2001-04,0.0,0.9,20
jp,V3_frozen,2001-05,0.0,0.38095238095238093,21
jp,V3_frozen,2001-06,0.0,0.7142857142857143,21
jp,V3_frozen,2001-07,0.0,1.0,21
jp,V3_frozen,2001-08,0.0,1.0,23
jp,V3_frozen,2001-09,0.0,1.0,19
jp,V3_frozen,2001-10,0.0,1.0,22
jp,V3_frozen,2001-11,0.0,1.0,21
jp,V3_frozen,2001-12,0.0,1.0,19
jp,V3_frozen,2002-01,5.0,1.0,19
jp,V3_frozen,2002-02,0.0,0.8947368421052632,19
jp,V3_frozen,2002-03,0.0,0.95,20
jp,V3_frozen,2002-04,0.0,1.0,21
jp,V3_frozen,2002-05,0.0,1.0,21
jp,V3_frozen,2002-06,0.0,0.95,20
jp,V3_frozen,2002-07,0.0,1.0,23
jp,V3_frozen,2002-08,0.0,1.0,22
jp,V3_frozen,2002-09,0.0,1.0,19
jp,V3_frozen,2002-10,0.0,1.0,22
jp,V3_frozen,2002-11,0.0,0.95,20
jp,V3_frozen,2002-12,0.0,0.95,20
jp,V3_frozen,2003-01,5.0,1.0,19
jp,V3_frozen,2003-02,0.0,0.8421052631578947,19
jp,V3_frozen,2003-03,5.0,1.0,20
jp,V3_frozen,2003-04,0.0,1.0,21
jp,V3_frozen,2003-05,15.0,1.0,21
jp,V3_frozen,2003-06,15.0,0.8571428571428571,21
jp,V3_frozen,2003-07,0.0,1.0,22
jp,V3_frozen,2003-08,0.0,1.0,21
jp,V3_frozen,2003-09,0.0,1.0,20
jp,V3_frozen,2003-10,5.0,1.0,22
jp,V3_frozen,2003-11,35.0,1.0,18
jp,V3_frozen,2003-12,70.0,1.0,21
jp,V3_frozen,2004-01,0.0,1.0,19
jp,V3_frozen,2004-02,0.0,1.0,19
jp,V3_frozen,2004-03,0.0,1.0,23
jp,V3_frozen,2004-04,0.0,1.0,21
jp,V3_frozen,2004-05,35.0,1.0,18
jp,V3_frozen,2004-06,35.0,1.0,22
jp,V3_frozen,2004-07,5.0,1.0,21
jp,V3_frozen,2004-08,5.0,1.0,22
jp,V3_frozen,2004-09,0.0,1.0,20
jp,V3_frozen,2004-10,5.0,1.0,20
jp,V3_frozen,2004-11,0.0,1.0,20
jp,V3_frozen,2004-12,0.0,1.0,21
jp,V3_frozen,2005-01,0.0,1.0,19
jp,V3_frozen,2005-02,0.0,1.0,19
jp,V3_frozen,2005-03,0.0,1.0,22
jp,V3_frozen,2005-04,15.0,1.0,20
jp,V3_frozen,2005-05,15.0,1.0,19
jp,V3_frozen,2005-06,0.0,1.0,22
jp,V3_frozen,2005-07,0.0,1.0,20
jp,V3_frozen,2005-08,0.0,1.0,23
jp,V3_frozen,2005-09,0.0,1.0,20
jp,V3_frozen,2005-10,0.0,1.0,20
jp,V3_frozen,2005-11,0.0,1.0,20
jp,V3_frozen,2005-12,0.0,1.0,21
jp,V3_frozen,2006-01,0.0,1.0,19
jp,V3_frozen,2006-02,5.0,1.0,20
jp,V3_frozen,2006-03,0.0,1.0,22
jp,V3_frozen,2006-04,0.0,1.0,20
jp,V3_frozen,2006-05,5.0,1.0,20
jp,V3_frozen,2006-06,35.0,0.9545454545454546,22
jp,V3_frozen,2006-07,0.0,1.0,20
jp,V3_frozen,2006-08,70.0,0.9130434782608695,23
jp,V3_frozen,2006-09,0.0,1.0,20
jp,V3_frozen,2006-10,0.0,1.0,21
jp,V3_frozen,2006-11,5.0,1.0,20
jp,V3_frozen,2006-12,0.0,1.0,21
jp,V3_frozen,2007-01,0.0,1.0,19
jp,V3_frozen,2007-02,0.0,1.0,19
jp,V3_frozen,2007-03,15.0,1.0,21
jp,V3_frozen,2007-04,15.0,1.0,20
jp,V3_frozen,2007-05,0.0,1.0,21
jp,V3_frozen,2007-06,0.0,1.0,21
jp,V3_frozen,2007-07,5.0,1.0,21
jp,V3_frozen,2007-08,70.0,1.0,23
jp,V3_frozen,2007-09,150.0,1.0,18
jp,V3_frozen,2007-10,150.0,1.0,22
jp,V3_frozen,2007-11,150.0,1.0,21
jp,V3_frozen,2007-12,0.0,1.0,19
jp,V3_frozen,2008-01,0.0,1.0,19
jp,V3_frozen,2008-02,0.0,1.0,20
jp,V3_frozen,2008-03,0.0,1.0,20
jp,V3_frozen,2008-04,0.0,1.0,21
jp,V3_frozen,2008-05,5.0,1.0,20
jp,V3_frozen,2008-06,5.0,1.0,21
jp,V3_frozen,2008-07,0.0,1.0,22
jp,V3_frozen,2008-08,0.0,1.0,21
jp,V3_frozen,2008-09,0.0,1.0,20
jp,V3_frozen,2008-10,0.0,1.0,22
jp,V3_frozen,2008-11,0.0,1.0,18
jp,V3_frozen,2008-12,0.0,1.0,21
jp,V3_frozen,2009-01,0.0,1.0,19
jp,V3_frozen,2009-02,0.0,1.0,19
jp,V3_frozen,2009-03,0.0,1.0,21
jp,V3_frozen,2009-04,0.0,0.09523809523809523,21
jp,V3_frozen,2009-05,0.0,0.7222222222222222,18
jp,V3_frozen,2009-06,0.0,1.0,22
jp,V3_frozen,2009-07,15.0,1.0,22
jp,V3_frozen,2009-08,0.0,0.23809523809523808,21
jp,V3_frozen,2009-09,0.0,0.1111111111111111,18
jp,V3_frozen,2009-10,0.0,0.8571428571428571,21
jp,V3_frozen,2009-11,15.0,1.0,19
jp,V3_frozen,2009-12,15.0,1.0,21
jp,V3_frozen,2010-01,0.0,1.0,19
jp,V3_frozen,2010-02,5.0,1.0,19
jp,V3_frozen,2010-03,0.0,1.0,22
jp,V3_frozen,2010-04,0.0,1.0,21
jp,V3_frozen,2010-05,70.0,1.0,18
jp,V3_frozen,2010-06,150.0,1.0,22
jp,V3_frozen,2010-07,150.0,1.0,20
jp,V3_frozen,2010-08,150.0,1.0,22
jp,V3_frozen,2010-09,5.0,0.7894736842105263,19
jp,V3_frozen,2010-10,5.0,0.8,20
jp,V3_frozen,2010-11,5.0,1.0,20
jp,V3_frozen,2010-12,0.0,1.0,21
jp,V3_frozen,2011-01,0.0,1.0,19
jp,V3_frozen,2011-02,0.0,1.0,19
jp,V3_frozen,2011-03,150.0,1.0,22
jp,V3_frozen,2011-04,150.0,1.0,20
jp,V3_frozen,2011-05,70.0,1.0,19
jp,V3_frozen,2011-06,70.0,1.0,22
jp,V3_frozen,2011-07,0.0,1.0,20
jp,V3_frozen,2011-08,150.0,1.0,23
jp,V3_frozen,2011-09,150.0,1.0,20
jp,V3_frozen,2011-10,150.0,1.0,20
jp,V3_frozen,2011-11,150.0,1.0,20
jp,V3_frozen,2011-12,150.0,1.0,21
jp,V3_frozen,2012-01,0.0,1.0,19
jp,V3_frozen,2012-02,0.0,1.0,21
jp,V3_frozen,2012-03,0.0,1.0,21
jp,V3_frozen,2012-04,0.0,1.0,20
jp,V3_frozen,2012-05,35.0,1.0,21
jp,V3_frozen,2012-06,70.0,1.0,21
jp,V3_frozen,2012-07,70.0,1.0,21
jp,V3_frozen,2012-08,35.0,1.0,23
jp,V3_frozen,2012-09,0.0,1.0,19
jp,V3_frozen,2012-10,5.0,1.0,22
jp,V3_frozen,2012-11,0.0,1.0,21
jp,V3_frozen,2012-12,0.0,1.0,19
jp,V3_frozen,2013-01,0.0,1.0,19
jp,V3_frozen,2013-02,0.0,1.0,19
jp,V3_frozen,2013-03,0.0,1.0,20
jp,V3_frozen,2013-04,0.0,1.0,21
jp,V3_frozen,2013-05,15.0,1.0,21
jp,V3_frozen,2013-06,70.0,1.0,20
jp,V3_frozen,2013-07,150.0,1.0,22
jp,V3_frozen,2013-08,35.0,1.0,22
jp,V3_frozen,2013-09,35.0,1.0,19
jp,V3_frozen,2013-10,0.0,1.0,22
jp,V3_frozen,2013-11,0.0,1.0,20
jp,V3_frozen,2013-12,0.0,1.0,20
jp,V3_frozen,2014-01,5.0,1.0,19
jp,V3_frozen,2014-02,35.0,1.0,19
jp,V3_frozen,2014-03,35.0,1.0,20
jp,V3_frozen,2014-04,35.0,1.0,21
jp,V3_frozen,2014-05,35.0,1.0,20
jp,V3_frozen,2014-06,0.0,1.0,21
jp,V3_frozen,2014-07,0.0,1.0,22
jp,V3_frozen,2014-08,5.0,1.0,21
jp,V3_frozen,2014-09,0.0,1.0,20
jp,V3_frozen,2014-10,15.0,1.0,22
jp,V3_frozen,2014-11,0.0,1.0,18
jp,V3_frozen,2014-12,0.0,1.0,21
jp,V3_frozen,2015-01,5.0,1.0,20
jp,V3_frozen,2015-02,0.0,1.0,19
jp,V3_frozen,2015-03,0.0,1.0,22
jp,V3_frozen,2015-04,0.0,1.0,21
jp,V3_frozen,2015-05,0.0,1.0,18
jp,V3_frozen,2015-06,0.0,1.0,22
jp,V3_frozen,2015-07,5.0,1.0,22
jp,V3_frozen,2015-08,15.0,1.0,21
jp,V3_frozen,2015-09,70.0,1.0,19
jp,V3_frozen,2015-10,70.0,1.0,21
jp,V3_frozen,2015-11,5.0,1.0,19
jp,V3_frozen,2015-12,5.0,1.0,21
jp,V3_frozen,2016-01,15.0,1.0,19
jp,V3_frozen,2016-02,150.0,1.0,20
jp,V3_frozen,2016-03,150.0,1.0,22
jp,V3_frozen,2016-04,5.0,1.0,20
jp,V3_frozen,2016-05,5.0,1.0,19
jp,V3_frozen,2016-06,70.0,1.0,22
jp,V3_frozen,2016-07,70.0,1.0,20
jp,V3_frozen,2016-08,15.0,1.0,22
jp,V3_frozen,2016-09,0.0,1.0,20
jp,V3_frozen,2016-10,0.0,1.0,20
jp,V3_frozen,2016-11,15.0,1.0,20
jp,V3_frozen,2016-12,0.0,1.0,21
jp,V3_frozen,2017-01,0.0,1.0,19
jp,V3_frozen,2017-02,0.0,1.0,20
jp,V3_frozen,2017-03,0.0,1.0,22
jp,V3_frozen,2017-04,0.0,1.0,20
jp,V3_frozen,2017-05,0.0,1.0,20
jp,V3_frozen,2017-06,0.0,1.0,22
jp,V3_frozen,2017-07,0.0,1.0,20
jp,V3_frozen,2017-08,0.0,1.0,22
jp,V3_frozen,2017-09,0.0,1.0,20
jp,V3_frozen,2017-10,0.0,1.0,21
jp,V3_frozen,2017-11,0.0,1.0,20
jp,V3_frozen,2017-12,0.0,1.0,21
jp,V3_frozen,2018-01,0.0,1.0,19
jp,V3_frozen,2018-02,35.0,1.0,19
jp,V3_frozen,2018-03,35.0,1.0,21
jp,V3_frozen,2018-04,35.0,1.0,20
jp,V3_frozen,2018-05,0.0,1.0,21
jp,V3_frozen,2018-06,0.0,1.0,21
jp,V3_frozen,2018-07,0.0,1.0,21
jp,V3_frozen,2018-08,0.0,1.0,23
jp,V3_frozen,2018-09,0.0,1.0,18
jp,V3_frozen,2018-10,15.0,1.0,22
jp,V3_frozen,2018-11,15.0,1.0,21
jp,V3_frozen,2018-12,35.0,1.0,19
jp,V3_frozen,2019-01,35.0,1.0,19
jp,V3_frozen,2019-02,15.0,1.0,19
jp,V3_frozen,2019-03,5.0,1.0,20
jp,V3_frozen,2019-04,0.0,1.0,20
jp,V3_frozen,2019-05,0.0,1.0,19
jp,V3_frozen,2019-06,5.0,1.0,20
jp,V3_frozen,2019-07,0.0,1.0,22
jp,V3_frozen,2019-08,5.0,1.0,21
jp,V3_frozen,2019-09,0.0,1.0,19
jp,V3_frozen,2019-10,0.0,1.0,21
jp,V3_frozen,2019-11,0.0,1.0,20
jp,V3_frozen,2019-12,0.0,1.0,21
jp,V3_frozen,2020-01,0.0,1.0,19
jp,V3_frozen,2020-02,5.0,1.0,18
jp,V3_frozen,2020-03,70.0,0.9523809523809523,21
jp,V3_frozen,2020-04,0.0,0.9523809523809523,21
jp,V3_frozen,2020-05,150.0,1.0,18
jp,V3_frozen,2020-06,5.0,1.0,22
jp,V3_frozen,2020-07,0.0,1.0,21
jp,V3_frozen,2020-08,0.0,1.0,20
jp,V3_frozen,2020-09,0.0,1.0,20
jp,V3_frozen,2020-10,0.0,1.0,21
jp,V3_frozen,2020-11,0.0,1.0,19
jp,V3_frozen,2020-12,0.0,1.0,22
jp,V3_frozen,2021-01,0.0,1.0,19
jp,V3_frozen,2021-02,0.0,1.0,18
jp,V3_frozen,2021-03,0.0,1.0,23
jp,V3_frozen,2021-04,0.0,1.0,21
jp,V3_frozen,2021-05,5.0,1.0,18
jp,V3_frozen,2021-06,0.0,1.0,22
jp,V3_frozen,2021-07,15.0,1.0,20
jp,V3_frozen,2021-08,15.0,1.0,21
jp,V3_frozen,2021-09,0.0,1.0,20
jp,V3_frozen,2021-10,15.0,1.0,21
jp,V3_frozen,2021-11,15.0,1.0,20
jp,V3_frozen,2021-12,15.0,1.0,22
jp,V3_frozen,2022-01,150.0,1.0,19
jp,V3_frozen,2022-02,150.0,1.0,18
jp,V3_frozen,2022-03,150.0,1.0,22
jp,V3_frozen,2022-04,150.0,1.0,20
jp,V3_frozen,2022-05,150.0,1.0,19
jp,V3_frozen,2022-06,150.0,1.0,21
jp,V3_frozen,2022-07,150.0,1.0,20
jp,V3_frozen,2022-08,5.0,1.0,22
jp,V3_frozen,2022-09,150.0,1.0,20
jp,V3_frozen,2022-10,150.0,1.0,20
jp,V3_frozen,2022-11,150.0,1.0,20
jp,V3_frozen,2022-12,15.0,1.0,22
jp,V3_frozen,2023-01,150.0,1.0,19
jp,V3_frozen,2023-02,0.0,1.0,19
jp,V3_frozen,2023-03,5.0,1.0,22
jp,V3_frozen,2023-04,5.0,1.0,20
jp,V3_frozen,2023-05,0.0,1.0,20
jp,V3_frozen,2023-06,0.0,1.0,22
jp,V3_frozen,2023-07,0.0,1.0,20
jp,V3_frozen,2023-08,15.0,1.0,22
jp,V3_frozen,2023-09,0.0,1.0,20
jp,V3_frozen,2023-10,150.0,1.0,21
jp,V3_frozen,2023-11,150.0,1.0,20
jp,V3_frozen,2023-12,150.0,1.0,19
