agreement,grid
0.8539069990412272,1.9307|22|25|26.827|40|51.7947|220
0.8537871524448706,1.9307|22|25|40|51.7947|220
0.8537871524448706,1.9307|22|26.827|40|51.7947|220
0.8535474592521572,1.9307|22|25|26.827|51.7947|220
0.8534276126558006,1.9307|22|26.827|51.7947|220
0.8533077660594439,1.9307|22|25|51.7947|220
0.8533077660594439,1.9307|22|30|35|50|51.7947|220
0.8533077660594439,1.9307|22|30|35|40|50|51.7947|220
0.8529482262703739,1.9307|22|25|26.827|30|51.7947|220
0.8529482262703739,1.9307|22|25|26.827|30|40|51.7947|220
0.8528283796740173,1.9307|22|25|30|51.7947|220
0.8528283796740173,1.9307|22|26.827|30|51.7947|220
0.8528283796740173,1.9307|22|25|30|40|51.7947|220
0.8528283796740173,1.9307|22|26.827|30|40|51.7947|220
0.8525886864813039,1.9307|22|35|40|50|220
0.8524688398849473,1.9307|22|30|51.7947|220
0.8524688398849473,1.9307|22|35|50|220
0.8524688398849473,1.9307|22|30|40|51.7947|220
0.8524688398849473,1.9307|22|25|26.827|30|50|51.7947|220
0.8523489932885906,1.9307|22|25|30|50|51.7947|220
0.8523489932885906,1.9307|22|26.827|30|50|51.7947|220
0.8523489932885906,1.9307|22|35|40|50|51.7947|220
0.8523489932885906,1.9307|22|25|30|35|50|51.7947|220
0.8523489932885906,1.9307|22|25|30|40|50|51.7947|220
0.8523489932885906,1.9307|22|26.827|30|35|50|51.7947|220
0.8523489932885906,1.9307|22|26.827|30|40|50|51.7947|220
0.8522291466922339,1.9307|22|35|50|51.7947|220
0.8521093000958773,1.9307|20|30|35|50|51.7947|220
0.8521093000958773,1.9307|20|30|35|40|50|51.7947|220
0.8519894534995206,1.9307|22|30|50|51.7947|220
0.8519894534995206,1.9307|22|30|40|50|51.7947|220
0.8518696069031639,1.9307|20|30|51.7947|220
0.8518696069031639,1.9307|20|30|40|51.7947|220
0.8516299137104506,1.9307|22|40|50|220
0.8516299137104506,1.9307|20|25|40|51.7947|220
0.8516299137104506,1.9307|22|26.827|40|50|220
0.8516299137104506,1.9307|20|25|26.827|30|51.7947|220
0.8516299137104506,1.9307|20|25|26.827|40|51.7947|220
0.8516299137104506,1.9307|22|26.827|35|40|50|220
0.8516299137104506,1.9307|20|21.5443|25|26.827|30|51.7947|220
0.8516299137104506,1.9307|20|22|25|26.827|30|51.7947|220
0.8516299137104506,1.9307|20|22|25|26.827|40|51.7947|220
0.8516299137104506,1.9307|20|25|26.827|30|35|51.7947|220
0.8516299137104506,1.9307|20|25|26.827|30|40|51.7947|220
0.8516299137104506,1.9307|20|25|26.827|35|40|51.7947|220
0.8515100671140939,1.9307|20|25|30|51.7947|220
0.8515100671140939,1.9307|20|26.827|30|51.7947|220
0.8515100671140939,1.9307|20|26.827|40|51.7947|220
0.8515100671140939,1.9307|22|26.827|35|50|220
0.8515100671140939,1.9307|20|21.5443|26.827|30|51.7947|220
0.8515100671140939,1.9307|20|21.5443|30|35|51.7947|220
0.8515100671140939,1.9307|20|22|25|30|51.7947|220
0.8515100671140939,1.9307|20|22|25|40|51.7947|220
0.8515100671140939,1.9307|20|22|26.827|30|51.7947|220
0.8515100671140939,1.9307|20|22|26.827|40|51.7947|220
0.8515100671140939,1.9307|20|25|26.827|35|51.7947|220
0.8515100671140939,1.9307|20|25|30|35|51.7947|220
0.8515100671140939,1.9307|20|25|30|40|51.7947|220
0.8515100671140939,1.9307|20|26.827|30|35|51.7947|220
0.8515100671140939,1.9307|20|26.827|30|40|51.7947|220
0.8515100671140939,1.9307|20|26.827|35|40|51.7947|220
0.8515100671140939,1.9307|20|21.5443|22|26.827|30|51.7947|220
0.8515100671140939,1.9307|20|21.5443|25|26.827|40|51.7947|220
0.8515100671140939,1.9307|20|21.5443|26.827|30|35|51.7947|220
0.8515100671140939,1.9307|20|21.5443|26.827|30|40|51.7947|220
0.8515100671140939,1.9307|20|21.5443|30|35|40|51.7947|220
0.8515100671140939,1.9307|20|22|25|30|40|51.7947|220
0.8515100671140939,1.9307|20|22|26.827|30|40|51.7947|220
0.8515100671140939,1.9307|20|25|30|35|40|51.7947|220
0.8515100671140939,1.9307|20|26.827|30|35|40|51.7947|220
0.8515100671140939,1.9307|21.5443|22|25|26.827|40|51.7947|220
0.8515100671140939,1.9307|22|25|26.827|40|50|51.7947|220
0.8513902205177373,1.9307|20|26.827|35|51.7947|220
0.8513902205177373,1.9307|22|40|50|51.7947|220
0.8513902205177373,1.9307|20|21.5443|25|30|51.7947|220
0.8513902205177373,1.9307|20|21.5443|25|40|51.7947|220
0.8513902205177373,1.9307|20|21.5443|26.827|40|51.7947|220
0.8513902205177373,1.9307|21.5443|22|25|40|51.7947|220
0.8513902205177373,1.9307|21.5443|22|26.827|40|51.7947|220
0.8513902205177373,1.9307|22|25|40|50|51.7947|220
0.8513902205177373,1.9307|22|26.827|40|50|51.7947|220
0.8513902205177373,1.9307|20|21.5443|22|25|30|51.7947|220
0.8513902205177373,1.9307|20|21.5443|22|25|40|51.7947|220
0.8513902205177373,1.9307|20|21.5443|22|26.827|40|51.7947|220
0.8513902205177373,1.9307|20|21.5443|25|26.827|35|51.7947|220
0.8513902205177373,1.9307|20|21.5443|25|30|35|51.7947|220
0.8513902205177373,1.9307|20|21.5443|25|30|40|51.7947|220
0.8513902205177373,1.9307|20|21.5443|26.827|35|40|51.7947|220
0.8513902205177373,1.9307|21.5443|22|25|26.827|35|51.7947|220
0.8513902205177373,1.9307|21.5443|22|26.827|35|40|51.7947|220
0.8513902205177373,1.9307|22|25|26.827|35|50|51.7947|220
0.8513902205177373,1.9307|22|25|35|40|50|51.7947|220
0.8513902205177373,1.9307|22|26.827|35|40|50|51.7947|220
0.8512703739213806,1.9307|22|26.827|50|220
0.8512703739213806,1.9307|20|21.5443|26.827|35|51.7947|220
0.8512703739213806,1.9307|20|25|35|40|51.7947|220
0.8512703739213806,1.9307|21.5443|22|26.827|35|51.7947|220
0.8512703739213806,1.9307|22|25|35|50|51.7947|220
0.8512703739213806,1.9307|22|26.827|35|50|51.7947|220
0.8511505273250239,1.9307|22|50|220
0.8511505273250239,1.9307|20|21.5443|30|51.7947|220
0.8511505273250239,1.9307|20|22|30|51.7947|220
0.8511505273250239,1.9307|20|25|35|51.7947|220
0.8511505273250239,1.9307|20|21.5443|22|30|51.7947|220
0.8511505273250239,1.9307|20|21.5443|30|40|51.7947|220
0.8511505273250239,1.9307|20|22|30|40|51.7947|220
0.8511505273250239,1.9307|21.5443|22|25|26.827|51.7947|220
0.8511505273250239,1.9307|22|25|26.827|50|51.7947|220
0.8511505273250239,1.9307|20|21.5443|22|30|40|51.7947|220
0.8511505273250239,1.9307|20|25|26.827|30|50|51.7947|220
0.8510306807286673,1.9307|20|25|51.7947|220
0.8510306807286673,1.9307|20|25|26.827|51.7947|220
0.8510306807286673,1.9307|21.5443|22|26.827|51.7947|220
0.8510306807286673,1.9307|22|26.827|50|51.7947|220
0.8510306807286673,1.9307|20|22|25|26.827|51.7947|220
0.8510306807286673,1.9307|20|25|30|50|51.7947|220
0.8510306807286673,1.9307|20|26.827|30|50|51.7947|220
0.8510306807286673,1.9307|20|21.5443|25|35|40|51.7947|220
0.8510306807286673,1.9307|20|21.5443|26.827|30|50|51.7947|220
0.8510306807286673,1.9307|20|21.5443|30|35|50|51.7947|220
0.8510306807286673,1.9307|20|22|25|30|50|51.7947|220
0.8510306807286673,1.9307|20|22|26.827|30|50|51.7947|220
0.8510306807286673,1.9307|20|25|30|35|50|51.7947|220
0.8510306807286673,1.9307|20|25|30|40|50|51.7947|220
0.8510306807286673,1.9307|20|26.827|30|35|50|51.7947|220
0.8510306807286673,1.9307|20|26.827|30|40|50|51.7947|220
0.8510306807286673,1.9307|21.5443|22|25|35|40|51.7947|220
0.8509108341323106,1.9307|20|26.827|51.7947|220
0.8509108341323106,1.9307|22|50|51.7947|220
0.8509108341323106,1.9307|20|22|25|51.7947|220
0.8509108341323106,1.9307|20|22|26.827|51.7947|220
0.8509108341323106,1.9307|21.5443|22|25|51.7947|220
0.8509108341323106,1.9307|22|25|50|51.7947|220
0.8509108341323106,1.9307|20|21.5443|25|26.827|51.7947|220
0.8509108341323106,1.9307|20|21.5443|25|35|51.7947|220
0.8509108341323106,1.9307|21.5443|22|25|35|51.7947|220
0.8509108341323106,1.9307|20|21.5443|22|25|26.827|51.7947|220
0.8509108341323106,1.9307|20|21.5443|25|30|50|51.7947|220
0.850790987535954,1.9307|20|21.5443|25|51.7947|220
0.850790987535954,1.9307|20|21.5443|26.827|51.7947|220
0.850790987535954,1.9307|20|21.5443|22|25|51.7947|220
0.850790987535954,1.9307|20|21.5443|22|26.827|51.7947|220
0.8506711409395973,1.9307|21.5443|40|51.7947|220
0.8506711409395973,1.9307|20|21.5443|30|50|51.7947|220
0.8506711409395973,1.9307|20|21.5443|35|40|51.7947|220
0.8506711409395973,1.9307|20|22|30|50|51.7947|220
0.8506711409395973,1.9307|21.5443|22|35|40|51.7947|220
0.8506711409395973,1.9307|20|21.5443|22|30|50|51.7947|220
0.8506711409395973,1.9307|20|21.5443|30|40|50|51.7947|220
0.8506711409395973,1.9307|20|22|30|40|50|51.7947|220
0.8506711409395973,1.9307|21.5443|22|25|26.827|30|51.7947|220
0.8505512943432406,1.9307|22|40|51.7947|220
0.8505512943432406,1.9307|20|21.5443|35|51.7947|220
0.8505512943432406,1.9307|21.5443|22|35|51.7947|220
0.8505512943432406,1.9307|21.5443|22|26.827|30|51.7947|220
0.8505512943432406,1.9307|21.5443|22|30|35|51.7947|220
0.8505512943432406,1.9307|21.5443|22|26.827|30|35|51.7947|220
0.8505512943432406,1.9307|21.5443|22|26.827|30|40|51.7947|220
0.8505512943432406,1.9307|21.5443|22|30|35|40|51.7947|220
0.850431447746884,1.9307|21.5443|22|25|30|51.7947|220
0.850431447746884,1.9307|21.5443|22|25|30|35|51.7947|220
0.850431447746884,1.9307|21.5443|22|25|30|40|51.7947|220
0.8503116011505273,1.9307|22|25|26.827|30|50|220
0.8503116011505273,1.9307|15|22|25|26.827|30|51.7947|220
0.8503116011505273,1.9307|15|22|25|26.827|40|51.7947|220
0.8503116011505273,1.9307|22|25|26.827|30|35|50|220
0.8503116011505273,1.9307|22|25|26.827|30|40|50|220
0.8501917545541706,1.9307|21.5443|51.7947|220
0.8501917545541706,1.9307|21.5443|22|30|51.7947|220
0.8501917545541706,1.9307|22|25|30|50|220
0.8501917545541706,1.9307|22|26.827|30|50|220
0.8501917545541706,1.9307|15|22|25|30|51.7947|220
0.8501917545541706,1.9307|15|22|25|40|51.7947|220
0.8501917545541706,1.9307|15|22|26.827|30|51.7947|220
0.8501917545541706,1.9307|15|22|26.827|40|51.7947|220
0.8501917545541706,1.9307|20|35|40|50|51.7947|220
0.8501917545541706,1.9307|21.5443|22|30|40|51.7947|220
0.8501917545541706,1.9307|22|25|30|35|50|220
0.8501917545541706,1.9307|22|25|30|40|50|220
0.8501917545541706,1.9307|22|26.827|30|35|50|220
0.8501917545541706,1.9307|22|26.827|30|40|50|220
0.8501917545541706,1.9307|15|22|25|30|40|51.7947|220
0.8501917545541706,1.9307|15|22|26.827|30|40|51.7947|220
0.8501917545541706,1.9307|22|25|30|35|40|50|220
0.8501917545541706,1.9307|22|26.827|30|35|40|50|220
0.850071907957814,1.9307|22|51.7947|220
0.850071907957814,1.9307|20|35|50|51.7947|220
0.850071907957814,1.9307|20|21.5443|40|50|60|220
0.850071907957814,1.9307|21.5443|22|26.827|30|50|51.7947|220
0.850071907957814,1.9307|21.5443|22|30|35|50|51.7947|220
0.8499520613614573,1.9307|15|22|25|26.827|51.7947|220
0.8499520613614573,1.9307|20|21.5443|26.827|40|50|60|220
0.8499520613614573,1.9307|20|21.5443|35|40|50|60|220
0.8499520613614573,1.9307|21.5443|22|25|30|50|51.7947|220
0.8498322147651006,1.9307|15|22|26.827|51.7947|220
0.8498322147651006,1.9307|15|22|30|51.7947|220
0.8498322147651006,1.9307|15|22|30|40|51.7947|220
0.8498322147651006,1.9307|20|21.5443|35|50|60|220
0.8498322147651006,1.9307|15|20|25|30|51.7947|60|220
0.8498322147651006,1.9307|20|21.5443|26.827|35|50|60|220
0.849712368168744,1.9307|15|22|25|51.7947|220
0.849712368168744,1.9307|21.5443|22|30|50|51.7947|220
0.849712368168744,1.9307|15|22|25|30|50|51.7947|220
0.849712368168744,1.9307|15|22|26.827|30|50|51.7947|220
0.849712368168744,1.9307|21.5443|22|30|40|50|51.7947|220
0.8494726749760306,1.9307|20|21.5443|40|50|220
0.8494726749760306,1.9307|20|21.5443|50|60|220
0.8494726749760306,1.9307|21.5443|22|40|50|220
0.8494726749760306,1.9307|20|21.5443|22|40|50|220
0.8494726749760306,1.9307|15|20|21.5443|30|51.7947|60|220
0.849352828379674,1.9307|20|22|40|50|220
0.849352828379674,1.9307|20|26.827|40|50|220
0.849352828379674,1.9307|15|20|25|40|51.7947|220
0.849352828379674,1.9307|15|20|25|51.7947|60|220
0.849352828379674,1.9307|15|22|30|50|51.7947|220
0.849352828379674,1.9307|20|21.5443|26.827|40|50|220
0.849352828379674,1.9307|20|21.5443|26.827|50|60|220
0.849352828379674,1.9307|20|21.5443|35|40|50|220
0.849352828379674,1.9307|20|22|26.827|40|50|220
0.849352828379674,1.9307|20|26.827|35|40|50|220
0.849352828379674,1.9307|21.5443|22|26.827|40|50|220
0.849352828379674,1.9307|21.5443|22|35|40|50|220
0.849352828379674,1.9307|15|20|25|26.827|30|51.7947|220
0.849352828379674,1.9307|15|20|25|26.827|40|51.7947|220
0.849352828379674,1.9307|15|20|25|26.827|51.7947|60|220
0.849352828379674,1.9307|15|22|30|40|50|51.7947|220
0.849352828379674,1.9307|20|21.5443|22|26.827|40|50|220
0.849352828379674,1.9307|20|21.5443|26.827|35|40|50|220
0.849352828379674,1.9307|21.5443|22|26.827|35|40|50|220
0.8492329817833174,1.9307|20|21.5443|35|50|220
0.8492329817833174,1.9307|20|26.827|35|50|220
0.8492329817833174,1.9307|21.5443|22|35|50|220
0.8492329817833174,1.9307|15|20|25|30|51.7947|220
0.8492329817833174,1.9307|15|20|26.827|30|51.7947|220
0.8492329817833174,1.9307|20|21.5443|26.827|35|50|220
0.8492329817833174,1.9307|21.5443|22|26.827|35|50|220
0.8492329817833174,1.9307|21.5443|22|40|50|51.7947|220
0.8492329817833174,1.9307|15|20|21.5443|26.827|30|51.7947|220
0.8492329817833174,1.9307|15|20|21.5443|30|35|51.7947|220
0.8492329817833174,1.9307|15|20|22|25|30|51.7947|220
0.8492329817833174,1.9307|15|20|22|25|40|51.7947|220
0.8492329817833174,1.9307|15|20|22|26.827|30|51.7947|220
0.8492329817833174,1.9307|15|20|22|26.827|40|51.7947|220
0.8492329817833174,1.9307|15|20|25|26.827|35|51.7947|220
0.8492329817833174,1.9307|15|20|25|30|35|51.7947|220
0.8492329817833174,1.9307|15|20|25|30|40|51.7947|220
0.8492329817833174,1.9307|20|21.5443|22|40|50|51.7947|220
0.8492329817833174,1.9307|20|25|26.827|40|50|51.7947|220
0.8491131351869607,1.9307|20|22|40|50|51.7947|220
0.8491131351869607,1.9307|20|25|40|50|51.7947|220
0.8491131351869607,1.9307|20|26.827|40|50|51.7947|220
0.8491131351869607,1.9307|22|25|26.827|40|50|220
0.8491131351869607,1.9307|15|20|21.5443|25|30|51.7947|220
0.8491131351869607,1.9307|15|20|21.5443|25|40|51.7947|220
0.8491131351869607,1.9307|15|20|21.5443|25|51.7947|60|220
0.8491131351869607,1.9307|15|20|21.5443|26.827|40|51.7947|220
0.8491131351869607,1.9307|15|20|21.5443|26.827|51.7947|60|220
0.8491131351869607,1.9307|20|21.5443|26.827|40|50|51.7947|220
0.8491131351869607,1.9307|20|21.5443|35|40|50|51.7947|220
0.8491131351869607,1.9307|20|22|25|40|50|51.7947|220
0.8491131351869607,1.9307|20|22|26.827|40|50|51.7947|220
0.8491131351869607,1.9307|20|25|26.827|35|50|51.7947|220
0.8491131351869607,1.9307|20|25|35|40|50|51.7947|220
0.8491131351869607,1.9307|20|26.827|35|40|50|51.7947|220
0.8491131351869607,1.9307|21.5443|22|26.827|40|50|51.7947|220
0.8491131351869607,1.9307|21.5443|22|35|40|50|51.7947|220
0.8491131351869607,1.9307|22|25|26.827|35|40|50|220
0.8489932885906041,1.9307|21.5443|22|50|220
0.8489932885906041,1.9307|21.5443|22|26.827|50|220
0.8489932885906041,1.9307|22|25|40|50|220
0.8489932885906041,1.9307|20|21.5443|35|50|51.7947|220
0.8489932885906041,1.9307|20|21.5443|40|51.7947|60|220
0.8489932885906041,1.9307|20|25|26.827|30|50|220
0.8489932885906041,1.9307|20|25|35|50|51.7947|220
0.8489932885906041,1.9307|20|26.827|35|50|51.7947|220
0.8489932885906041,1.9307|21.5443|22|35|50|51.7947|220
0.8489932885906041,1.9307|22|25|26.827|35|50|220
0.8489932885906041,1.9307|22|25|35|40|50|220
0.8489932885906041,1.9307|15|20|21.5443|26.827|35|51.7947|220
0.8489932885906041,1.9307|15|20|25|35|40|51.7947|220
0.8489932885906041,1.9307|20|21.5443|22|35|50|51.7947|220
0.8489932885906041,1.9307|20|21.5443|25|26.827|30|50|220
0.8489932885906041,1.9307|20|21.5443|25|40|50|51.7947|220
0.8489932885906041,1.9307|20|21.5443|26.827|35|50|51.7947|220
0.8489932885906041,1.9307|20|22|25|26.827|30|50|220
0.8489932885906041,1.9307|20|25|26.827|30|35|50|220
0.8489932885906041,1.9307|20|25|26.827|30|40|50|220
0.8489932885906041,1.9307|21.5443|22|25|40|50|51.7947|220
0.8489932885906041,1.9307|21.5443|22|26.827|35|50|51.7947|220
0.8488734419942474,1.9307|20|21.5443|50|220
0.8488734419942474,1.9307|20|21.5443|22|50|220
0.8488734419942474,1.9307|20|25|30|50|220
0.8488734419942474,1.9307|20|26.827|30|50|220
0.8488734419942474,1.9307|22|25|35|50|220
0.8488734419942474,1.9307|15|20|21.5443|30|51.7947|220
0.8488734419942474,1.9307|15|20|22|30|51.7947|220
0.8488734419942474,1.9307|15|20|25|35|51.7947|220
0.8488734419942474,1.9307|20|21.5443|26.827|30|50|220
0.8488734419942474,1.9307|20|21.5443|30|35|50|220
0.8488734419942474,1.9307|20|22|25|30|50|220
0.8488734419942474,1.9307|20|22|26.827|30|50|220
0.8488734419942474,1.9307|20|25|30|35|50|220
0.8488734419942474,1.9307|20|25|30|40|50|220
0.8488734419942474,1.9307|20|26.827|30|35|50|220
0.8488734419942474,1.9307|20|26.827|30|40|50|220
0.8488734419942474,1.9307|15|20|21.5443|22|30|51.7947|220
0.8488734419942474,1.9307|15|20|21.5443|30|40|51.7947|220
0.8488734419942474,1.9307|15|20|22|30|40|51.7947|220
0.8488734419942474,1.9307|20|21.5443|22|26.827|30|50|220
0.8488734419942474,1.9307|20|21.5443|25|35|50|51.7947|220
0.8488734419942474,1.9307|20|21.5443|26.827|30|35|50|220
0.8488734419942474,1.9307|20|21.5443|26.827|30|40|50|220
0.8488734419942474,1.9307|20|21.5443|30|35|40|50|220
0.8488734419942474,1.9307|20|22|25|30|40|50|220
0.8488734419942474,1.9307|20|22|26.827|30|40|50|220
0.8488734419942474,1.9307|20|25|30|35|40|50|220
0.8488734419942474,1.9307|20|26.827|30|35|40|50|220
0.8488734419942474,1.9307|21.5443|22|25|26.827|50|51.7947|220
0.8488734419942474,1.9307|21.5443|22|25|35|50|51.7947|220
0.8487535953978907,1.9307|20|22|50|220
0.8487535953978907,1.9307|20|26.827|50|220
0.8487535953978907,1.9307|15|20|25|51.7947|220
0.8487535953978907,1.9307|20|21.5443|26.827|50|220
0.8487535953978907,1.9307|20|22|26.827|50|220
0.8487535953978907,1.9307|21.5443|22|50|51.7947|220
0.8487535953978907,1.9307|22|25|26.827|50|220
0.8487535953978907,1.9307|15|20|25|26.827|51.7947|220
0.8487535953978907,1.9307|20|21.5443|22|26.827|50|220
0.8487535953978907,1.9307|20|21.5443|25|30|50|220
0.8487535953978907,1.9307|21.5443|22|26.827|50|51.7947|220
0.8487535953978907,1.9307|15|20|22|25|26.827|51.7947|220
0.8487535953978907,1.9307|15|20|25|30|50|51.7947|220
0.8487535953978907,1.9307|20|21.5443|22|25|30|50|220
0.8487535953978907,1.9307|20|21.5443|25|30|35|50|220
0.8487535953978907,1.9307|20|21.5443|25|30|40|50|220
0.8486337488015341,1.9307|15|20|26.827|51.7947|220
0.8486337488015341,1.9307|15|20|22|25|51.7947|220
0.8486337488015341,1.9307|15|20|22|26.827|51.7947|220
0.8486337488015341,1.9307|20|21.5443|22|50|51.7947|220
0.8486337488015341,1.9307|20|25|26.827|50|51.7947|220
0.8486337488015341,1.9307|15|20|21.5443|25|26.827|51.7947|220
0.8486337488015341,1.9307|15|20|21.5443|25|35|51.7947|220
0.8486337488015341,1.9307|20|21.5443|25|26.827|50|51.7947|220
0.8486337488015341,1.9307|20|22|25|26.827|50|51.7947|220
0.8485139022051774,1.9307|20|40|51.7947|220
0.8485139022051774,1.9307|22|25|50|220
0.8485139022051774,1.9307|20|21.5443|30|50|220
0.8485139022051774,1.9307|20|22|30|50|220
0.8485139022051774,1.9307|20|22|50|51.7947|220
0.8485139022051774,1.9307|20|25|50|51.7947|220
0.8485139022051774,1.9307|20|26.827|50|51.7947|220
0.8485139022051774,1.9307|15|20|21.5443|25|51.7947|220
0.8485139022051774,1.9307|15|20|21.5443|26.827|51.7947|220
0.8485139022051774,1.9307|20|21.5443|22|30|50|220
0.8485139022051774,1.9307|20|21.5443|26.827|50|51.7947|220
0.8485139022051774,1.9307|20|21.5443|30|40|50|220
0.8485139022051774,1.9307|20|22|25|50|51.7947|220
0.8485139022051774,1.9307|20|22|26.827|50|51.7947|220
0.8485139022051774,1.9307|20|22|30|40|50|220
0.8485139022051774,1.9307|21.5443|22|25|50|51.7947|220
0.8485139022051774,1.9307|15|20|21.5443|22|25|51.7947|220
0.8485139022051774,1.9307|15|20|21.5443|22|26.827|51.7947|220
0.8485139022051774,1.9307|20|21.5443|22|26.827|50|51.7947|220
0.8485139022051774,1.9307|20|21.5443|22|30|40|50|220
0.8483940556088208,1.9307|20|21.5443|51.7947|60|220
0.8483940556088208,1.9307|21.5443|22|40|51.7947|220
0.8483940556088208,1.9307|20|21.5443|22|40|51.7947|220
0.8483940556088208,1.9307|20|21.5443|25|50|51.7947|220
0.8483940556088208,1.9307|15|20|21.5443|30|50|51.7947|220
0.8483940556088208,1.9307|15|20|21.5443|35|40|51.7947|220
0.8483940556088208,1.9307|15|20|22|30|50|51.7947|220
0.8483940556088208,1.9307|20|21.5443|22|25|50|51.7947|220
0.8482742090124641,1.9307|20|22|40|51.7947|220
0.8482742090124641,1.9307|15|20|21.5443|35|51.7947|220
0.8480345158197508,1.9307|15|21.5443|25|26.827|30|51.7947|220
0.8480345158197508,1.9307|21.5443|22|25|26.827|30|50|220
0.8479146692233941,1.9307|20|51.7947|220
0.8479146692233941,1.9307|21.5443|22|51.7947|220
0.8479146692233941,1.9307|15|21.5443|26.827|30|51.7947|220
0.8479146692233941,1.9307|15|21.5443|30|35|51.7947|220
0.8479146692233941,1.9307|21.5443|22|26.827|30|50|220
0.8479146692233941,1.9307|21.5443|22|30|35|50|220
0.8479146692233941,1.9307|15|21.5443|22|26.827|30|51.7947|220
0.8479146692233941,1.9307|15|21.5443|25|26.827|40|51.7947|220
0.8479146692233941,1.9307|15|21.5443|26.827|30|35|51.7947|220
0.8479146692233941,1.9307|15|21.5443|26.827|30|40|51.7947|220
0.8479146692233941,1.9307|15|21.5443|30|35|40|51.7947|220
0.8479146692233941,1.9307|21.5443|22|26.827|30|35|50|220
0.8479146692233941,1.9307|21.5443|22|26.827|30|40|50|220
0.8479146692233941,1.9307|21.5443|22|30|35|40|50|220
0.8477948226270374,1.9307|20|21.5443|22|51.7947|220
0.8477948226270374,1.9307|15|21.5443|25|30|51.7947|220
0.8477948226270374,1.9307|15|21.5443|25|40|51.7947|220
0.8477948226270374,1.9307|15|21.5443|26.827|40|51.7947|220
0.8477948226270374,1.9307|15|22|40|50|51.7947|220
0.8477948226270374,1.9307|21.5443|22|25|30|50|220
0.8477948226270374,1.9307|15|20|21.5443|40|50|60|220
0.8477948226270374,1.9307|15|21.5443|22|25|30|51.7947|220
0.8477948226270374,1.9307|15|21.5443|22|25|40|51.7947|220
0.8477948226270374,1.9307|15|21.5443|22|26.827|40|51.7947|220
0.8477948226270374,1.9307|15|21.5443|25|26.827|35|51.7947|220
0.8477948226270374,1.9307|15|21.5443|25|30|35|51.7947|220
0.8477948226270374,1.9307|15|21.5443|25|30|40|51.7947|220
0.8477948226270374,1.9307|15|21.5443|26.827|35|40|51.7947|220
0.8477948226270374,1.9307|15|22|25|40|50|51.7947|220
0.8477948226270374,1.9307|15|22|26.827|40|50|51.7947|220
0.8477948226270374,1.9307|21.5443|22|25|30|35|50|220
0.8477948226270374,1.9307|21.5443|22|25|30|40|50|220
0.8476749760306808,1.9307|20|22|51.7947|220
0.8476749760306808,1.9307|15|21.5443|26.827|35|51.7947|220
0.8475551294343241,1.9307|15|21.5443|30|51.7947|220
0.8475551294343241,1.9307|21.5443|22|30|50|220
0.8475551294343241,1.9307|15|21.5443|22|30|51.7947|220
0.8475551294343241,1.9307|15|21.5443|25|26.827|51.7947|220
0.8475551294343241,1.9307|15|21.5443|30|40|51.7947|220
0.8475551294343241,1.9307|15|25|40|51.7947|60|220
0.8475551294343241,1.9307|21.5443|22|30|40|50|220
0.8475551294343241,1.9307|15|21.5443|22|25|26.827|51.7947|220
0.8475551294343241,1.9307|15|21.5443|22|30|40|51.7947|220
0.8475551294343241,1.9307|15|22|25|26.827|50|51.7947|220
0.8475551294343241,1.9307|15|25|26.827|30|51.7947|60|220
0.8475551294343241,1.9307|15|25|26.827|40|51.7947|60|220
0.8474352828379674,1.9307|15|21.5443|26.827|51.7947|220
0.8474352828379674,1.9307|15|21.5443|22|26.827|51.7947|220
0.8474352828379674,1.9307|15|22|26.827|50|51.7947|220
0.8474352828379674,1.9307|15|25|30|51.7947|60|220
0.8474352828379674,1.9307|15|21.5443|25|35|40|51.7947|220
0.8474352828379674,1.9307|15|21.5443|26.827|30|50|51.7947|220
0.8474352828379674,1.9307|15|21.5443|30|35|50|51.7947|220
0.8474352828379674,1.9307|15|25|30|40|51.7947|60|220
0.8473154362416108,1.9307|15|21.5443|25|51.7947|220
0.8473154362416108,1.9307|15|22|50|51.7947|220
0.8473154362416108,1.9307|15|21.5443|22|25|51.7947|220
0.8473154362416108,1.9307|15|21.5443|25|35|51.7947|220
0.8473154362416108,1.9307|15|22|25|50|51.7947|220
0.8473154362416108,1.9307|15|21.5443|25|30|50|51.7947|220
0.8471955896452541,1.9307|15|25|51.7947|60|220
0.8471955896452541,1.9307|15|20|21.5443|50|60|220
0.8471955896452541,1.9307|15|25|26.827|51.7947|60|220
0.8470757430488974,1.9307|15|21.5443|30|50|51.7947|220
0.8470757430488974,1.9307|15|21.5443|35|40|51.7947|220
0.8470757430488974,1.9307|20|21.5443|40|50|220|1000
0.8470757430488974,1.9307|21.5443|22|40|50|220|1000
0.8470757430488974,1.9307|15|20|21.5443|26.827|50|60|220
0.8470757430488974,1.9307|15|21.5443|22|30|50|51.7947|220
0.8470757430488974,1.9307|15|21.5443|30|40|50|51.7947|220
0.8470757430488974,1.9307|20|21.5443|22|40|50|220|1000
0.8469558964525408,1.9307|15|21.5443|35|51.7947|220
0.8469558964525408,1.9307|15|22|40|51.7947|220
0.8469558964525408,1.9307|15|25|40|51.7947|220
0.8469558964525408,1.9307|15|25|26.827|30|51.7947|220
0.8469558964525408,1.9307|15|25|26.827|40|51.7947|220
0.8469558964525408,1.9307|20|22|40|50|220|1000
0.8469558964525408,1.9307|20|26.827|40|50|220|1000
0.8469558964525408,1.9307|15|25|26.827|30|35|51.7947|220
0.8469558964525408,1.9307|15|25|26.827|30|40|51.7947|220
0.8469558964525408,1.9307|15|25|26.827|35|40|51.7947|220
0.8469558964525408,1.9307|15|25|30|50|51.7947|60|220
0.8469558964525408,1.9307|15|20|25|40|51.7947|220|1000
0.8469558964525408,1.9307|20|21.5443|26.827|40|50|220|1000
0.8469558964525408,1.9307|20|21.5443|35|40|50|220|1000
0.8469558964525408,1.9307|20|22|26.827|40|50|220|1000
0.8469558964525408,1.9307|20|26.827|35|40|50|220|1000
0.8469558964525408,1.9307|21.5443|22|26.827|40|50|220|1000
0.8469558964525408,1.9307|21.5443|22|35|40|50|220|1000
0.8468360498561841,1.9307|13.895|25|40|51.7947|220
0.8468360498561841,1.9307|15|25|30|51.7947|220
0.8468360498561841,1.9307|13.895|15|25|40|51.7947|220
0.8468360498561841,1.9307|13.895|25|35|40|51.7947|220
0.8468360498561841,1.9307|15|25|26.827|35|51.7947|220
0.8468360498561841,1.9307|15|25|30|35|51.7947|220
0.8468360498561841,1.9307|15|25|30|40|51.7947|220
0.8468360498561841,1.9307|20|25|26.827|40|50|220
0.8468360498561841,1.9307|20|21.5443|35|50|220|1000
0.8468360498561841,1.9307|20|26.827|35|50|220|1000
0.8468360498561841,1.9307|21.5443|22|35|50|220|1000
0.8468360498561841,1.9307|13.895|15|25|35|40|51.7947|220
0.8468360498561841,1.9307|15|20|21.5443|30|50|60|220
0.8468360498561841,1.9307|15|20|22|40|50|51.7947|220
0.8468360498561841,1.9307|15|20|25|40|50|51.7947|220
0.8468360498561841,1.9307|15|25|30|35|40|51.7947|220
0.8468360498561841,1.9307|20|21.5443|25|26.827|40|50|220
0.8468360498561841,1.9307|20|22|25|26.827|40|50|220
0.8468360498561841,1.9307|20|25|26.827|35|40|50|220
0.8468360498561841,1.9307|21.5443|22|25|26.827|40|50|220
0.8468360498561841,1.9307|15|20|25|30|51.7947|220|1000
0.8468360498561841,1.9307|15|20|26.827|30|51.7947|220|1000
0.8468360498561841,1.9307|20|21.5443|26.827|35|50|220|1000
0.8468360498561841,1.9307|21.5443|22|26.827|35|50|220|1000
0.8467162032598274,1.9307|13.895|22|40|51.7947|220
0.8467162032598274,1.9307|13.895|25|35|51.7947|220
0.8467162032598274,1.9307|20|25|40|50|220
0.8467162032598274,1.9307|13.895|15|22|40|51.7947|220
0.8467162032598274,1.9307|13.895|15|25|35|51.7947|220
0.8467162032598274,1.9307|20|22|25|40|50|220
0.8467162032598274,1.9307|20|25|26.827|35|50|220
0.8467162032598274,1.9307|20|25|35|40|50|220
0.8467162032598274,1.9307|15|20|21.5443|35|50|51.7947|220
0.8467162032598274,1.9307|15|20|25|26.827|30|50|220
0.8467162032598274,1.9307|15|20|25|35|50|51.7947|220
0.8467162032598274,1.9307|20|21.5443|25|26.827|35|50|220
0.8467162032598274,1.9307|21.5443|22|25|26.827|35|50|220
0.8465963566634708,1.9307|15|25|51.7947|220
0.8465963566634708,1.9307|15|25|26.827|51.7947|220
0.8465963566634708,1.9307|20|25|35|50|220
0.8465963566634708,1.9307|21.5443|22|50|220|1000
0.8465963566634708,1.9307|15|20|25|30|50|220
0.8465963566634708,1.9307|15|25|35|40|51.7947|220
0.8465963566634708,1.9307|20|21.5443|25|40|50|220
0.8465963566634708,1.9307|21.5443|22|25|40|50|220
0.8465963566634708,1.9307|21.5443|22|26.827|50|220|1000
0.8465963566634708,1.9307|15|20|25|30|35|50|220
0.8465963566634708,1.9307|15|20|25|30|40|50|220
0.8465963566634708,1.9307|20|21.5443|22|25|40|50|220
0.8465963566634708,1.9307|20|21.5443|25|35|40|50|220
0.8465963566634708,1.9307|21.5443|22|25|35|40|50|220
0.8464765100671141,1.9307|13.895|25|51.7947|220
0.8464765100671141,1.9307|15|22|51.7947|220
0.8464765100671141,1.9307|13.895|15|25|51.7947|220
0.8464765100671141,1.9307|15|25|35|51.7947|220
0.8464765100671141,1.9307|20|21.5443|50|220|1000
0.8464765100671141,1.9307|13.895|25|26.827|30|51.7947|220
0.8464765100671141,1.9307|15|21.5443|40|50|60|220
0.8464765100671141,1.9307|20|21.5443|25|35|50|220
0.8464765100671141,1.9307|21.5443|22|25|26.827|50|220
0.8464765100671141,1.9307|21.5443|22|25|35|50|220
0.8464765100671141,1.9307|20|21.5443|22|50|220|1000
0.8464765100671141,1.9307|13.895|15|25|26.827|30|51.7947|220
0.8464765100671141,1.9307|13.895|25|26.827|30|35|51.7947|220
0.8464765100671141,1.9307|13.895|25|26.827|30|40|51.7947|220
0.8464765100671141,1.9307|15|25|26.827|30|50|51.7947|220
0.8464765100671141,1.9307|15|20|21.5443|30|51.7947|220|1000
0.8464765100671141,1.9307|15|20|22|30|51.7947|220|1000
0.8464765100671141,1.9307|15|20|25|35|51.7947|220|1000
0.8463566634707574,1.9307|13.895|25|30|51.7947|220
0.8463566634707574,1.9307|20|22|50|220|1000
0.8463566634707574,1.9307|20|26.827|50|220|1000
0.8463566634707574,1.9307|13.895|15|25|30|51.7947|220
0.8463566634707574,1.9307|13.895|25|30|35|51.7947|220
0.8463566634707574,1.9307|13.895|25|30|40|51.7947|220
0.8463566634707574,1.9307|15|25|30|50|51.7947|220
0.8463566634707574,1.9307|15|20|25|51.7947|220|1000
0.8463566634707574,1.9307|20|21.5443|26.827|50|220|1000
0.8463566634707574,1.9307|20|22|26.827|50|220|1000
0.8463566634707574,1.9307|13.895|15|25|30|35|51.7947|220
0.8463566634707574,1.9307|13.895|15|25|30|40|51.7947|220
0.8463566634707574,1.9307|13.895|25|30|35|40|51.7947|220
0.8463566634707574,1.9307|15|20|21.5443|22|50|51.7947|220
0.8463566634707574,1.9307|15|20|25|26.827|50|51.7947|220
0.8463566634707574,1.9307|15|21.5443|26.827|40|50|60|220
0.8463566634707574,1.9307|15|25|30|35|50|51.7947|220
0.8463566634707574,1.9307|15|25|30|40|50|51.7947|220
0.8463566634707574,1.9307|15|20|25|26.827|51.7947|220|1000
0.8463566634707574,1.9307|20|21.5443|22|26.827|50|220|1000
0.8462368168744008,1.9307|13.895|22|51.7947|220
0.8462368168744008,1.9307|13.895|15|22|51.7947|220
0.8462368168744008,1.9307|15|30|35|51.7947|220
0.8462368168744008,1.9307|20|25|26.827|50|220
0.8462368168744008,1.9307|15|20|22|50|51.7947|220
0.8462368168744008,1.9307|15|20|25|50|51.7947|220
0.8462368168744008,1.9307|15|30|35|40|51.7947|220
0.8462368168744008,1.9307|20|21.5443|25|26.827|50|220
0.8462368168744008,1.9307|20|22|25|26.827|50|220
0.8462368168744008,1.9307|15|20|26.827|51.7947|220|1000
0.8462368168744008,1.9307|15|20|21.5443|26.827|50|51.7947|220
0.8462368168744008,1.9307|15|20|22|25|50|51.7947|220
0.8462368168744008,1.9307|15|20|22|26.827|50|51.7947|220
0.8462368168744008,1.9307|20|21.5443|22|25|26.827|50|220
0.8462368168744008,1.9307|15|20|22|25|51.7947|220|1000
0.8462368168744008,1.9307|15|20|22|26.827|51.7947|220|1000
0.8461169702780441,1.9307|20|25|50|220
0.8461169702780441,1.9307|20|22|25|50|220
0.8461169702780441,1.9307|21.5443|22|25|50|220
0.8461169702780441,1.9307|20|40|51.7947|220|1000
0.8461169702780441,1.9307|13.895|25|26.827|35|51.7947|220
0.8461169702780441,1.9307|13.895|15|25|26.827|35|51.7947|220
0.8461169702780441,1.9307|15|20|21.5443|22|40|51.7947|220
0.8461169702780441,1.9307|15|20|21.5443|25|50|51.7947|220
0.8461169702780441,1.9307|15|20|21.5443|25|51.7947|220|1000
0.8461169702780441,1.9307|15|20|21.5443|26.827|51.7947|220|1000
0.8459971236816874,1.9307|15|21.5443|50|60|220
0.8459971236816874,1.9307|20|21.5443|25|50|220
0.8459971236816874,1.9307|15|20|22|40|51.7947|220
0.8459971236816874,1.9307|15|21.5443|26.827|50|60|220
0.8459971236816874,1.9307|20|21.5443|22|25|50|220
0.8459971236816874,1.9307|21.5443|22|40|51.7947|220|1000
0.8459971236816874,1.9307|13.895|25|26.827|30|50|51.7947|220
0.8459971236816874,1.9307|20|21.5443|22|40|51.7947|220|1000
0.8458772770853308,1.9307|15|30|51.7947|220
0.8458772770853308,1.9307|15|30|40|51.7947|220
0.8458772770853308,1.9307|13.895|25|30|50|51.7947|220
0.8458772770853308,1.9307|20|22|40|51.7947|220|1000
0.8458772770853308,1.9307|13.895|15|25|30|50|51.7947|220
0.8458772770853308,1.9307|13.895|25|30|35|50|51.7947|220
0.8458772770853308,1.9307|13.895|25|30|40|50|51.7947|220
0.8458772770853308,1.9307|15|20|21.5443|35|51.7947|220|1000
0.8457574304889741,1.9307|15|30|35|50|51.7947|220
0.8457574304889741,1.9307|15|30|35|40|50|51.7947|220
0.8456375838926175,1.9307|15|21.5443|22|40|50|51.7947|220
0.8455177372962608,1.9307|20|51.7947|220|1000
0.8455177372962608,1.9307|21.5443|22|51.7947|220|1000
0.8455177372962608,1.9307|15|20|21.5443|22|51.7947|220
0.8455177372962608,1.9307|15|21.5443|26.827|40|50|51.7947|220
0.8455177372962608,1.9307|15|21.5443|35|40|50|51.7947|220
0.8453978906999041,1.9307|15|20|22|51.7947|220
0.8453978906999041,1.9307|15|30|50|51.7947|220
0.8453978906999041,1.9307|15|21.5443|35|50|51.7947|220
0.8453978906999041,1.9307|15|30|40|50|51.7947|220
0.8453978906999041,1.9307|20|21.5443|22|51.7947|220|1000
0.8453978906999041,1.9307|15|21.5443|25|40|50|51.7947|220
0.8453978906999041,1.9307|15|21.5443|26.827|35|50|51.7947|220
0.8452780441035475,1.9307|15|35|40|51.7947|220
0.8452780441035475,1.9307|20|22|51.7947|220|1000
0.8452780441035475,1.9307|15|21.5443|25|26.827|50|51.7947|220
0.8452780441035475,1.9307|15|21.5443|25|35|50|51.7947|220
0.8451581975071908,1.9307|15|35|51.7947|220
0.8451581975071908,1.9307|15|21.5443|22|50|51.7947|220
0.8451581975071908,1.9307|15|21.5443|26.827|50|51.7947|220
0.8451581975071908,1.9307|15|21.5443|22|26.827|50|51.7947|220
0.8450383509108341,1.9307|15|25|40|50|51.7947|60|220
0.8449185043144775,1.9307|15|21.5443|25|50|51.7947|220
0.8449185043144775,1.9307|15|21.5443|22|25|50|51.7947|220
0.8447986577181208,1.9307|15|21.5443|22|40|51.7947|220
0.8447986577181208,1.9307|15|25|26.827|50|51.7947|60|220
0.8447986577181208,1.9307|15|20|21.5443|50|60|220|1000
0.8446788111217641,1.9307|15|25|50|51.7947|60|220
0.8445589645254075,1.9307|13.895|21.5443|40|51.7947|220
0.8445589645254075,1.9307|13.895|21.5443|22|40|51.7947|220
0.8445589645254075,1.9307|15|25|40|51.7947|220|1000
0.8445589645254075,1.9307|13.895|15|21.5443|22|40|51.7947|220
0.8445589645254075,1.9307|15|20|25|26.827|40|50|220
0.8445589645254075,1.9307|15|20|25|26.827|50|60|220
0.8445589645254075,1.9307|15|25|26.827|40|50|51.7947|220
0.8445589645254075,1.9307|15|25|26.827|30|51.7947|220|1000
0.8445589645254075,1.9307|15|25|26.827|40|51.7947|220|1000
0.8444391179290508,1.9307|13.895|20|40|51.7947|220
0.8444391179290508,1.9307|13.895|15|20|40|51.7947|220
0.8444391179290508,1.9307|15|20|25|40|50|220
0.8444391179290508,1.9307|15|25|40|50|51.7947|220
0.8444391179290508,1.9307|15|25|30|51.7947|220|1000
0.8444391179290508,1.9307|13.895|20|21.5443|22|40|51.7947|220
0.8444391179290508,1.9307|15|20|25|26.827|35|50|220
0.8444391179290508,1.9307|15|20|25|35|40|50|220
0.8444391179290508,1.9307|15|25|26.827|35|50|51.7947|220
0.8444391179290508,1.9307|15|25|35|40|50|51.7947|220
0.8444391179290508,1.9307|15|25|26.827|35|51.7947|220|1000
0.8444391179290508,1.9307|15|25|30|35|51.7947|220|1000
0.8444391179290508,1.9307|15|25|30|40|51.7947|220|1000
0.8443192713326941,1.9307|15|21.5443|22|51.7947|220
0.8443192713326941,1.9307|13.895|20|22|40|51.7947|220
0.8443192713326941,1.9307|15|20|25|35|50|220
0.8443192713326941,1.9307|15|25|26.827|30|50|220
0.8443192713326941,1.9307|15|25|35|50|51.7947|220
0.8443192713326941,1.9307|13.895|15|20|22|40|51.7947|220
0.8443192713326941,1.9307|15|20|21.5443|25|50|60|220
0.8443192713326941,1.9307|15|25|26.827|30|35|50|220
0.8443192713326941,1.9307|15|25|26.827|30|40|50|220
0.8441994247363375,1.9307|15|25|30|50|220
0.8441994247363375,1.9307|15|25|51.7947|220|1000
0.8441994247363375,1.9307|15|25|26.827|50|51.7947|220
0.8441994247363375,1.9307|15|25|30|35|50|220
0.8441994247363375,1.9307|15|25|30|40|50|220
0.8441994247363375,1.9307|15|25|26.827|51.7947|220|1000
0.8441994247363375,1.9307|15|25|30|35|40|50|220
0.8441994247363375,1.9307|15|20|25|30|50|220|1000
0.8441994247363375,1.9307|15|25|35|40|51.7947|220|1000
0.8440795781399808,1.9307|13.895|21.5443|51.7947|220
0.8440795781399808,1.9307|13.895|21.5443|22|51.7947|220
0.8440795781399808,1.9307|15|25|50|51.7947|220
0.8440795781399808,1.9307|13.895|15|21.5443|22|51.7947|220
0.8440795781399808,1.9307|15|25|35|51.7947|220|1000
0.8440795781399808,1.9307|13.895|25|26.827|40|50|51.7947|220
0.8439597315436241,1.9307|13.895|25|40|50|51.7947|220
0.8439597315436241,1.9307|15|20|25|26.827|50|220
0.8439597315436241,1.9307|13.895|15|25|40|50|51.7947|220
0.8439597315436241,1.9307|13.895|25|26.827|35|50|51.7947|220
0.8439597315436241,1.9307|13.895|25|35|40|50|51.7947|220
0.8439597315436241,1.9307|15|25|30|50|51.7947|220|1000
0.8438398849472675,1.9307|13.895|20|51.7947|220
0.8438398849472675,1.9307|13.895|15|20|51.7947|220
0.8438398849472675,1.9307|15|20|25|50|220
0.8438398849472675,1.9307|13.895|20|21.5443|22|51.7947|220
0.8438398849472675,1.9307|13.895|25|35|50|51.7947|220
0.8438398849472675,1.9307|15|30|35|51.7947|220|1000
0.8438398849472675,1.9307|13.895|15|20|21.5443|22|51.7947|220
0.8438398849472675,1.9307|13.895|15|25|35|50|51.7947|220
0.8438398849472675,1.9307|15|20|22|50|51.7947|220|1000
0.8438398849472675,1.9307|15|20|25|50|51.7947|220|1000
0.8438398849472675,1.9307|15|30|35|40|51.7947|220|1000
0.8437200383509108,1.9307|13.895|20|22|51.7947|220
0.8437200383509108,1.9307|13.895|15|20|22|51.7947|220
0.8437200383509108,1.9307|13.895|25|26.827|50|51.7947|220
0.8437200383509108,1.9307|13.895|15|25|26.827|50|51.7947|220
0.8436001917545541,1.9307|13.895|25|50|51.7947|220
0.8436001917545541,1.9307|13.895|15|25|50|51.7947|220
0.8436001917545541,1.9307|15|20|22|40|51.7947|220|1000
0.8434803451581975,1.9307|15|30|51.7947|220|1000
0.8434803451581975,1.9307|15|35|40|50|51.7947|220
0.8434803451581975,1.9307|15|30|40|51.7947|220|1000
0.8433604985618408,1.9307|15|35|50|51.7947|220
0.8433604985618408,1.9307|15|30|35|50|51.7947|220|1000
0.8431208053691275,1.9307|15|20|21.5443|22|51.7947|220|1000
0.8430009587727708,1.9307|15|20|22|51.7947|220|1000
0.8430009587727708,1.9307|15|30|50|51.7947|220|1000
0.8430009587727708,1.9307|15|30|40|50|51.7947|220|1000
0.8428811121764141,1.9307|15|35|40|51.7947|220|1000
0.8428811121764141,7.19686|10|22|25|26.827|35|51.7947|1000
0.8428811121764141,7.19686|10|25|26.827|35|40|51.7947|1000
0.8427612655800575,1.9307|15|35|51.7947|220|1000
0.8427612655800575,7.19686|10|22|25|35|51.7947|1000
0.8427612655800575,7.19686|10|25|26.827|35|51.7947|1000
0.8427612655800575,7.19686|10|25|35|40|51.7947|1000
0.8427612655800575,7.19686|10|13.895|22|25|35|51.7947|1000
0.8427612655800575,7.19686|10|13.895|25|26.827|35|51.7947|1000
0.8427612655800575,7.19686|10|13.895|25|35|40|51.7947|1000
0.8427612655800575,7.19686|10|15|22|25|35|51.7947|1000
0.8427612655800575,7.19686|10|15|25|26.827|35|51.7947|1000
0.8427612655800575,7.19686|10|15|25|35|40|51.7947|1000
0.8426414189837008,7.19686|10|25|35|51.7947|1000
0.8426414189837008,1.9307|15|25|40|50|60|220
0.8426414189837008,7.19686|10|13.895|25|35|51.7947|1000
0.8426414189837008,7.19686|10|15|25|35|51.7947|1000
0.8426414189837008,7.19686|10|21.5443|25|35|51.7947|1000
0.8426414189837008,7.19686|10|13.895|15|25|35|51.7947|1000
0.8426414189837008,7.19686|10|13.895|21.5443|25|35|51.7947|1000
0.8426414189837008,7.19686|10|15|21.5443|25|35|51.7947|1000
0.8426414189837008,7.19686|10|21.5443|22|25|35|51.7947|1000
0.8424017257909875,7.19686|10|25|40|51.7947|1000
0.8424017257909875,1.9307|15|25|26.827|50|60|220
0.8424017257909875,7.19686|10|13.895|25|40|51.7947|1000
0.8424017257909875,7.19686|10|15|25|40|51.7947|1000
0.8424017257909875,1.9307|15|21.5443|22|40|51.7947|220|1000
0.8424017257909875,7.19686|10|13.895|15|25|40|51.7947|1000
0.8422818791946308,1.9307|15|25|50|60|220
0.8421620325982742,1.9307|15|25|26.827|40|50|220
0.8421620325982742,7.19686|10|25|30|35|51.7947|1000
0.8421620325982742,1.9307|15|25|26.827|35|40|50|220
0.8421620325982742,7.19686|10|13.895|25|30|35|51.7947|1000
0.8421620325982742,7.19686|10|15|25|30|35|51.7947|1000
0.8421620325982742,7.19686|10|25|26.827|30|35|51.7947|1000
0.8421620325982742,7.19686|10|25|30|35|40|51.7947|1000
0.8420421860019175,1.9307|15|25|40|50|220
0.8420421860019175,1.9307|15|25|26.827|35|50|220
0.8420421860019175,1.9307|15|25|35|40|50|220
0.8420421860019175,1.9307|15|20|25|40|50|220|1000
0.8420421860019175,1.9307|15|25|40|50|51.7947|220|1000
0.8419223394055608,1.9307|15|25|35|50|220
0.8419223394055608,1.9307|15|21.5443|22|51.7947|220|1000
0.8419223394055608,1.9307|15|20|25|35|50|220|1000
0.8419223394055608,1.9307|15|25|35|50|51.7947|220|1000
0.8418024928092043,1.9307|15|25|26.827|50|220
0.8418024928092043,1.9307|15|25|26.827|50|51.7947|220|1000
0.8416826462128476,1.9307|15|25|50|220
0.8416826462128476,1.9307|15|25|50|51.7947|220|1000
0.8415627996164909,1.9307|15|20|25|26.827|50|220|1000
0.8414429530201343,1.9307|15|20|25|50|220|1000
0.841203259827421,7.19686|10|25|51.7947|1000
0.841203259827421,7.19686|10|13.895|25|51.7947|1000
0.841203259827421,7.19686|10|15|25|51.7947|1000
0.841203259827421,7.19686|10|13.895|15|25|51.7947|1000
0.8410834132310643,1.9307|15|35|40|50|51.7947|220|1000
0.8410834132310643,7.19686|10|25|30|35|50|51.7947|1000
0.8409635666347076,1.9307|15|35|50|51.7947|220|1000
0.840843720038351,7.19686|10|20|25|35|40|50|1000
0.8407238734419943,7.19686|10|20|25|35|50|1000
0.8407238734419943,7.19686|10|13.895|20|25|35|50|1000
0.8407238734419943,7.19686|10|15|20|25|35|50|1000
0.8407238734419943,7.19686|10|20|25|26.827|35|50|1000
0.8407238734419943,7.19686|10|22|25|35|40|50|1000
0.8406040268456376,7.19686|10|22|25|35|50|1000
0.8406040268456376,7.19686|10|25|30|50|51.7947|1000
0.8406040268456376,7.19686|10|25|35|40|50|1000
0.8406040268456376,7.19686|10|13.895|22|25|35|50|1000
0.8406040268456376,7.19686|10|13.895|25|30|50|51.7947|1000
0.8406040268456376,7.19686|10|13.895|25|35|40|50|1000
0.8406040268456376,7.19686|10|15|22|25|35|50|1000
0.8406040268456376,7.19686|10|15|25|30|50|51.7947|1000
0.8406040268456376,7.19686|10|15|25|35|40|50|1000
0.8406040268456376,7.19686|10|21.5443|25|35|40|50|1000
0.8406040268456376,7.19686|10|22|25|26.827|35|50|1000
0.8406040268456376,7.19686|10|25|26.827|30|50|51.7947|1000
0.8406040268456376,7.19686|10|25|26.827|35|40|50|1000
0.8406040268456376,7.19686|10|25|30|40|50|51.7947|1000
0.840484180249281,7.19686|10|25|35|50|1000
0.840484180249281,7.19686|10|13.895|25|35|50|1000
0.840484180249281,7.19686|10|15|25|35|50|1000
0.840484180249281,7.19686|10|21.5443|25|35|50|1000
0.840484180249281,7.19686|10|25|26.827|35|50|1000
0.840484180249281,7.19686|10|13.895|15|25|35|50|1000
0.840484180249281,7.19686|10|13.895|21.5443|25|35|50|1000
0.840484180249281,7.19686|10|13.895|25|26.827|35|50|1000
0.840484180249281,7.19686|10|15|21.5443|25|35|50|1000
0.840484180249281,7.19686|10|15|25|26.827|35|50|1000
0.840484180249281,7.19686|10|20|21.5443|25|35|50|1000
0.840484180249281,7.19686|10|20|22|25|35|50|1000
0.840484180249281,7.19686|10|21.5443|22|25|35|50|1000
0.840484180249281,7.19686|10|21.5443|25|26.827|35|50|1000
0.8403643336529243,7.19686|10|25|40|50|51.7947|1000
0.8403643336529243,7.19686|10|13.895|25|40|50|51.7947|1000
0.8403643336529243,7.19686|10|15|25|40|50|51.7947|1000
0.8403643336529243,7.19686|10|20|25|26.827|40|50|1000
0.8403643336529243,7.19686|10|25|35|50|51.7947|60|1000
0.8402444870565676,7.19686|10|22|25|26.827|40|50|1000
0.840124640460211,7.19686|10|25|26.827|40|50|1000
0.840124640460211,7.19686|10|13.895|25|26.827|40|50|1000
0.840124640460211,7.19686|10|15|25|26.827|40|50|1000
0.840124640460211,7.19686|10|21.5443|25|26.827|40|50|1000
0.8400047938638543,7.19686|10|20|25|35|50|51.7947|1000
0.8398849472674976,7.19686|10|22|25|26.827|50|1000
0.8398849472674976,7.19686|10|13.895|22|25|26.827|50|1000
0.8398849472674976,7.19686|10|15|22|25|26.827|50|1000
0.8398849472674976,7.19686|10|22|25|35|50|51.7947|1000
0.8398849472674976,7.19686|10|25|35|40|50|51.7947|1000
0.839765100671141,7.19686|10|25|26.827|50|1000
0.839765100671141,7.19686|10|13.895|25|26.827|50|1000
0.839765100671141,7.19686|10|15|25|26.827|50|1000
0.839765100671141,7.19686|10|21.5443|25|26.827|50|1000
0.839765100671141,7.19686|10|25|35|50|51.7947|1000
0.839765100671141,7.19686|10|13.895|15|25|26.827|50|1000
0.839765100671141,7.19686|10|13.895|21.5443|25|26.827|50|1000
0.839765100671141,7.19686|10|13.895|25|35|50|51.7947|1000
0.839765100671141,7.19686|10|15|21.5443|25|26.827|50|1000
0.839765100671141,7.19686|10|15|25|35|50|51.7947|1000
0.839765100671141,7.19686|10|21.5443|22|25|26.827|50|1000
0.839765100671141,7.19686|10|21.5443|25|35|50|51.7947|1000
0.839765100671141,7.19686|10|25|26.827|35|50|51.7947|1000
0.8396452540747843,1.9307|15|25|26.827|35|50|220|1000
0.8395254074784276,1.9307|15|25|35|50|220|1000
0.8395254074784276,10|22|25|26.827|35|51.7947|60|1000
0.839405560882071,1.9307|15|25|26.827|50|220|1000
0.839405560882071,10|22|25|35|51.7947|60|1000
0.839405560882071,7.19686|10|25|26.827|40|50|51.7947|1000
0.839405560882071,10|13.895|22|25|35|51.7947|60|1000
0.839405560882071,10|13.895|25|26.827|35|51.7947|60|1000
0.839405560882071,10|15|22|25|35|51.7947|60|1000
0.839405560882071,10|15|25|26.827|35|51.7947|60|1000
0.839405560882071,10|15|25|35|40|51.7947|60|1000
0.8392857142857143,1.9307|15|25|50|220|1000
0.8392857142857143,10|20|30|35|51.7947|1000
0.8392857142857143,10|13.895|20|30|35|51.7947|1000
0.8392857142857143,10|15|20|30|35|51.7947|1000
0.8392857142857143,10|15|25|35|51.7947|60|1000
0.8392857142857143,10|20|30|35|40|51.7947|1000
0.8392857142857143,10|21.5443|25|35|51.7947|60|1000
0.8392857142857143,10|13.895|15|20|30|35|51.7947|1000
0.8392857142857143,10|13.895|15|25|35|51.7947|60|1000
0.8392857142857143,10|13.895|20|30|35|40|51.7947|1000
0.8392857142857143,10|13.895|21.5443|25|35|51.7947|60|1000
0.8392857142857143,10|15|20|30|35|40|51.7947|1000
0.8392857142857143,10|15|21.5443|25|35|51.7947|60|1000
0.8392857142857143,10|21.5443|22|25|35|51.7947|60|1000
0.8391658676893576,7.19686|10|25|50|51.7947|1000
0.8391658676893576,10|22|30|35|51.7947|1000
0.8391658676893576,7.19686|10|13.895|25|50|51.7947|1000
0.8391658676893576,7.19686|10|15|25|50|51.7947|1000
0.8391658676893576,10|13.895|22|30|35|51.7947|1000
0.8391658676893576,10|15|22|30|35|51.7947|1000
0.8391658676893576,10|22|30|35|40|51.7947|1000
0.8391658676893576,7.19686|10|13.895|15|25|50|51.7947|1000
0.8391658676893576,7.19686|10|22|25|26.827|50|51.7947|1000
0.8391658676893576,10|13.895|15|22|30|35|51.7947|1000
0.8391658676893576,10|13.895|22|30|35|40|51.7947|1000
0.8391658676893576,10|15|22|30|35|40|51.7947|1000
0.8391658676893576,10|20|25|26.827|35|40|51.7947|1000
0.839046021093001,7.19686|10|25|26.827|50|51.7947|1000
0.839046021093001,10|15|25|40|51.7947|60|1000
0.839046021093001,10|20|22|30|35|51.7947|1000
0.839046021093001,10|20|25|26.827|35|51.7947|1000
0.839046021093001,10|20|25|35|40|51.7947|1000
0.839046021093001,10|21.5443|22|30|35|51.7947|1000
0.839046021093001,7.19686|10|13.895|25|26.827|50|51.7947|1000
0.839046021093001,7.19686|10|15|25|26.827|50|51.7947|1000
0.839046021093001,10|13.895|15|25|40|51.7947|60|1000
0.839046021093001,10|13.895|20|22|30|35|51.7947|1000
0.839046021093001,10|13.895|20|25|35|40|51.7947|1000
0.839046021093001,10|13.895|21.5443|22|30|35|51.7947|1000
0.839046021093001,10|15|20|22|30|35|51.7947|1000
0.839046021093001,10|15|20|25|26.827|35|51.7947|1000
0.839046021093001,10|15|20|25|35|40|51.7947|1000
0.839046021093001,10|15|21.5443|22|30|35|51.7947|1000
0.839046021093001,10|20|21.5443|22|30|35|51.7947|1000
0.839046021093001,10|20|22|30|35|40|51.7947|1000
0.839046021093001,10|21.5443|22|30|35|40|51.7947|1000
0.839046021093001,10|22|25|26.827|35|40|51.7947|1000
0.8389261744966443,10|20|25|35|51.7947|1000
0.8389261744966443,10|13.895|20|25|35|51.7947|1000
0.8389261744966443,10|15|20|25|35|51.7947|1000
0.8389261744966443,10|22|25|26.827|35|51.7947|1000
0.8389261744966443,10|22|25|35|40|51.7947|1000
0.8389261744966443,10|22|26.827|30|35|51.7947|1000
0.8389261744966443,10|25|26.827|35|40|51.7947|1000
0.8389261744966443,10|13.895|15|20|25|35|51.7947|1000
0.8389261744966443,10|13.895|22|25|26.827|35|51.7947|1000
0.8389261744966443,10|13.895|22|25|35|40|51.7947|1000
0.8389261744966443,10|13.895|22|26.827|30|35|51.7947|1000
0.8389261744966443,10|13.895|25|26.827|35|40|51.7947|1000
0.8389261744966443,10|15|22|25|26.827|35|51.7947|1000
0.8389261744966443,10|15|22|25|35|40|51.7947|1000
0.8389261744966443,10|15|22|26.827|30|35|51.7947|1000
0.8389261744966443,10|15|25|26.827|35|40|51.7947|1000
0.8389261744966443,10|21.5443|25|26.827|35|40|51.7947|1000
0.8389261744966443,10|22|26.827|30|35|40|51.7947|1000
0.8388063279002876,10|21.5443|30|35|51.7947|1000
0.8388063279002876,10|22|25|35|51.7947|1000
0.8388063279002876,10|25|26.827|35|51.7947|1000
0.8388063279002876,10|25|35|40|51.7947|1000
0.8388063279002876,10|13.895|21.5443|30|35|51.7947|1000
0.8388063279002876,10|13.895|22|25|35|51.7947|1000
0.8388063279002876,10|13.895|25|26.827|35|51.7947|1000
0.8388063279002876,10|13.895|25|35|40|51.7947|1000
0.8388063279002876,10|15|21.5443|30|35|51.7947|1000
0.8388063279002876,10|15|22|25|35|51.7947|1000
0.8388063279002876,10|15|25|26.827|35|51.7947|1000
0.8388063279002876,10|15|25|35|40|51.7947|1000
0.8388063279002876,10|20|21.5443|30|35|51.7947|1000
0.8388063279002876,10|21.5443|25|26.827|35|51.7947|1000
0.8388063279002876,10|21.5443|25|35|40|51.7947|1000
0.8388063279002876,10|21.5443|30|35|40|51.7947|1000
0.8388063279002876,10|13.895|15|21.5443|30|35|51.7947|1000
0.8388063279002876,10|13.895|15|22|25|35|51.7947|1000
0.8388063279002876,10|13.895|15|25|26.827|35|51.7947|1000
0.8388063279002876,10|13.895|15|25|35|40|51.7947|1000
0.8388063279002876,10|13.895|20|21.5443|30|35|51.7947|1000
0.8388063279002876,10|13.895|21.5443|25|26.827|35|51.7947|1000
0.8388063279002876,10|13.895|21.5443|25|35|40|51.7947|1000
0.8388063279002876,10|13.895|21.5443|30|35|40|51.7947|1000
0.8388063279002876,10|15|20|21.5443|30|35|51.7947|1000
0.8388063279002876,10|15|21.5443|25|26.827|35|51.7947|1000
0.8388063279002876,10|15|21.5443|25|35|40|51.7947|1000
0.8388063279002876,10|15|21.5443|30|35|40|51.7947|1000
0.8388063279002876,10|15|25|30|35|51.7947|60|1000
0.8388063279002876,10|20|21.5443|25|26.827|35|51.7947|1000
0.8388063279002876,10|20|21.5443|25|35|40|51.7947|1000
0.8388063279002876,10|20|21.5443|30|35|40|51.7947|1000
0.8388063279002876,10|20|22|25|26.827|35|51.7947|1000
0.8388063279002876,10|20|22|25|35|40|51.7947|1000
0.8388063279002876,10|20|22|26.827|30|35|51.7947|1000
0.8388063279002876,10|21.5443|22|25|26.827|35|51.7947|1000
0.8388063279002876,10|21.5443|22|25|35|40|51.7947|1000
0.8388063279002876,10|21.5443|22|26.827|30|35|51.7947|1000
0.838686481303931,10|25|35|51.7947|1000
0.838686481303931,10|13.895|25|35|51.7947|1000
0.838686481303931,10|15|25|35|51.7947|1000
0.838686481303931,10|20|25|40|51.7947|1000
0.838686481303931,10|21.5443|25|35|51.7947|1000
0.838686481303931,10|13.895|15|25|35|51.7947|1000
0.838686481303931,10|13.895|21.5443|25|35|51.7947|1000
0.838686481303931,10|13.895|25|26.827|51.7947|60|1000
0.838686481303931,10|15|20|25|40|51.7947|1000
0.838686481303931,10|15|21.5443|25|35|51.7947|1000
0.838686481303931,10|15|25|26.827|51.7947|60|1000
0.838686481303931,10|20|21.5443|25|35|51.7947|1000
0.838686481303931,10|20|22|25|35|51.7947|1000
0.838686481303931,10|21.5443|22|25|35|51.7947|1000
0.838686481303931,10|13.895|15|20|25|40|51.7947|1000
0.838686481303931,10|13.895|15|21.5443|25|35|51.7947|1000
0.838686481303931,10|13.895|15|25|26.827|51.7947|60|1000
0.838686481303931,10|13.895|20|21.5443|25|35|51.7947|1000
0.838686481303931,10|13.895|20|22|25|35|51.7947|1000
0.838686481303931,10|13.895|21.5443|22|25|35|51.7947|1000
0.838686481303931,10|15|20|21.5443|25|35|51.7947|1000
0.838686481303931,10|15|20|22|25|35|51.7947|1000
0.838686481303931,10|15|21.5443|22|25|35|51.7947|1000
0.838686481303931,10|20|21.5443|22|25|35|51.7947|1000
0.8385666347075743,10|22|30|51.7947|1000
0.8385666347075743,10|13.895|22|30|51.7947|1000
0.8385666347075743,10|15|22|30|51.7947|1000
0.8385666347075743,10|22|25|40|51.7947|1000
0.8385666347075743,10|22|26.827|30|51.7947|1000
0.8385666347075743,10|22|30|40|51.7947|1000
0.8385666347075743,10|13.895|15|22|30|51.7947|1000
0.8385666347075743,10|13.895|22|25|40|51.7947|1000
0.8385666347075743,10|13.895|22|26.827|30|51.7947|1000
0.8385666347075743,10|13.895|22|30|40|51.7947|1000
0.8385666347075743,10|15|22|25|40|51.7947|1000
0.8385666347075743,10|15|22|26.827|30|51.7947|1000
0.8385666347075743,10|15|22|30|40|51.7947|1000
0.8385666347075743,10|21.5443|26.827|30|35|51.7947|1000
0.8385666347075743,10|22|25|26.827|40|51.7947|1000
0.8385666347075743,10|22|26.827|30|40|51.7947|1000
0.8385666347075743,10|13.895|15|22|25|40|51.7947|1000
0.8385666347075743,10|13.895|15|22|26.827|30|51.7947|1000
0.8385666347075743,10|13.895|15|22|30|40|51.7947|1000
0.8385666347075743,10|13.895|21.5443|26.827|30|35|51.7947|1000
0.8385666347075743,10|13.895|22|25|26.827|40|51.7947|1000
0.8385666347075743,10|13.895|22|26.827|30|40|51.7947|1000
0.8385666347075743,10|15|21.5443|26.827|30|35|51.7947|1000
0.8385666347075743,10|15|22|25|26.827|40|51.7947|1000
0.8385666347075743,10|15|22|26.827|30|40|51.7947|1000
0.8385666347075743,10|20|21.5443|26.827|30|35|51.7947|1000
0.8385666347075743,10|21.5443|26.827|30|35|40|51.7947|1000
0.8384467881112176,10|21.5443|25|40|51.7947|1000
0.8384467881112176,10|13.895|21.5443|25|40|51.7947|1000
0.8384467881112176,10|15|21.5443|25|40|51.7947|1000
0.8384467881112176,10|20|21.5443|25|40|51.7947|1000
0.8384467881112176,10|20|22|25|40|51.7947|1000
0.8384467881112176,10|20|25|30|35|51.7947|1000
0.8384467881112176,10|21.5443|22|25|40|51.7947|1000
0.8384467881112176,10|21.5443|22|26.827|30|51.7947|1000
0.8384467881112176,10|21.5443|25|26.827|40|51.7947|1000
0.8384467881112176,10|13.895|15|21.5443|25|40|51.7947|1000
0.8384467881112176,10|13.895|20|21.5443|25|40|51.7947|1000
0.8384467881112176,10|13.895|20|22|25|40|51.7947|1000
0.8384467881112176,10|13.895|21.5443|22|25|40|51.7947|1000
0.8384467881112176,10|13.895|21.5443|22|26.827|30|51.7947|1000
0.8384467881112176,10|13.895|21.5443|25|26.827|40|51.7947|1000
0.8384467881112176,10|15|20|21.5443|25|40|51.7947|1000
0.8384467881112176,10|15|20|22|25|40|51.7947|1000
0.8384467881112176,10|15|20|25|30|35|51.7947|1000
0.8384467881112176,10|15|21.5443|22|25|40|51.7947|1000
0.8384467881112176,10|15|21.5443|22|26.827|30|51.7947|1000
0.8384467881112176,10|15|21.5443|25|26.827|40|51.7947|1000
0.8384467881112176,10|20|21.5443|22|25|40|51.7947|1000
0.8384467881112176,10|20|25|26.827|30|35|51.7947|1000
0.8384467881112176,10|20|25|30|35|40|51.7947|1000
0.8384467881112176,10|21.5443|22|25|26.827|40|51.7947|1000
0.8384467881112176,10|21.5443|22|26.827|30|40|51.7947|1000
0.838326941514861,10|15|25|30|51.7947|60|1000
0.838326941514861,10|22|25|30|35|51.7947|1000
0.838326941514861,10|13.895|15|25|30|51.7947|60|1000
0.838326941514861,10|13.895|22|25|30|35|51.7947|1000
0.838326941514861,10|15|22|25|30|35|51.7947|1000
0.838326941514861,10|15|25|26.827|30|51.7947|60|1000
0.838326941514861,10|15|25|30|40|51.7947|60|1000
0.838326941514861,10|22|25|26.827|30|35|51.7947|1000
0.838326941514861,10|22|25|30|35|40|51.7947|1000
0.8382070949185043,10|21.5443|26.827|30|51.7947|1000
0.8382070949185043,10|22|25|26.827|51.7947|1000
0.8382070949185043,10|25|30|35|51.7947|1000
0.8382070949185043,10|13.895|21.5443|26.827|30|51.7947|1000
0.8382070949185043,10|13.895|22|25|26.827|51.7947|1000
0.8382070949185043,10|13.895|25|30|35|51.7947|1000
0.8382070949185043,10|15|21.5443|26.827|30|51.7947|1000
0.8382070949185043,10|15|22|25|26.827|51.7947|1000
0.8382070949185043,10|15|25|30|35|51.7947|1000
0.8382070949185043,10|20|30|35|50|51.7947|1000
0.8382070949185043,10|21.5443|25|30|35|51.7947|1000
0.8382070949185043,10|21.5443|26.827|30|40|51.7947|1000
0.8382070949185043,10|25|26.827|30|35|51.7947|1000
0.8382070949185043,10|25|30|35|40|51.7947|1000
0.8382070949185043,10|13.895|15|21.5443|26.827|30|51.7947|1000
0.8382070949185043,10|13.895|15|22|25|26.827|51.7947|1000
0.8382070949185043,10|13.895|15|25|30|35|51.7947|1000
0.8382070949185043,10|13.895|20|30|35|50|51.7947|1000
0.8382070949185043,10|13.895|21.5443|25|30|35|51.7947|1000
0.8382070949185043,10|13.895|21.5443|26.827|30|40|51.7947|1000
0.8382070949185043,10|13.895|25|26.827|30|35|51.7947|1000
0.8382070949185043,10|13.895|25|30|35|40|51.7947|1000
0.8382070949185043,10|15|20|30|35|50|51.7947|1000
0.8382070949185043,10|15|21.5443|25|30|35|51.7947|1000
0.8382070949185043,10|15|21.5443|26.827|30|40|51.7947|1000
0.8382070949185043,10|15|25|26.827|30|35|51.7947|1000
0.8382070949185043,10|15|25|30|35|40|51.7947|1000
0.8382070949185043,10|20|21.5443|25|30|35|51.7947|1000
0.8382070949185043,10|20|22|25|30|35|51.7947|1000
0.8382070949185043,10|20|30|35|40|50|51.7947|1000
0.8382070949185043,10|21.5443|22|25|30|35|51.7947|1000
0.8382070949185043,10|21.5443|25|26.827|30|35|51.7947|1000
0.8382070949185043,10|21.5443|25|30|35|40|51.7947|1000
0.8382070949185043,10|25|26.827|30|35|40|51.7947|1000
0.8380872483221476,10|20|25|51.7947|1000
0.8380872483221476,10|22|25|51.7947|1000
0.8380872483221476,10|13.895|22|25|51.7947|1000
0.8380872483221476,10|15|20|25|51.7947|1000
0.8380872483221476,10|15|22|25|51.7947|1000
0.8380872483221476,10|21.5443|25|26.827|51.7947|1000
0.8380872483221476,10|13.895|15|20|25|51.7947|1000
0.8380872483221476,10|13.895|15|22|25|51.7947|1000
0.8380872483221476,10|13.895|21.5443|25|26.827|51.7947|1000
0.8380872483221476,10|15|21.5443|25|26.827|51.7947|1000
0.8380872483221476,10|20|25|30|35|50|1000
0.8380872483221476,10|21.5443|22|25|26.827|51.7947|1000
0.8380872483221476,10|22|30|35|50|51.7947|1000
0.8380872483221476,10|13.895|15|21.5443|25|26.827|51.7947|1000
0.8380872483221476,10|13.895|20|25|30|35|50|1000
0.8380872483221476,10|13.895|21.5443|22|25|26.827|51.7947|1000
0.8380872483221476,10|13.895|22|30|35|50|51.7947|1000
0.8380872483221476,10|15|20|25|30|35|50|1000
0.8380872483221476,10|15|21.5443|22|25|26.827|51.7947|1000
0.8380872483221476,10|15|22|30|35|50|51.7947|1000
0.8380872483221476,10|20|25|26.827|30|35|50|1000
0.8380872483221476,10|20|25|30|35|40|50|1000
0.8380872483221476,10|22|30|35|40|50|51.7947|1000
0.837967401725791,10|21.5443|25|51.7947|1000
0.837967401725791,10|13.895|21.5443|25|51.7947|1000
0.837967401725791,10|15|21.5443|25|51.7947|1000
0.837967401725791,10|20|25|30|51.7947|1000
0.837967401725791,10|21.5443|22|25|51.7947|1000
0.837967401725791,10|13.895|15|21.5443|25|51.7947|1000
0.837967401725791,10|13.895|21.5443|22|25|51.7947|1000
0.837967401725791,10|15|20|25|30|51.7947|1000
0.837967401725791,10|15|21.5443|22|25|51.7947|1000
0.837967401725791,10|20|25|30|40|51.7947|1000
0.837967401725791,10|22|25|30|35|50|1000
0.837967401725791,10|13.895|15|20|25|30|51.7947|1000
0.837967401725791,10|13.895|15|21.5443|22|25|51.7947|1000
0.837967401725791,10|13.895|22|25|30|35|50|1000
0.837967401725791,10|15|20|25|30|40|51.7947|1000
0.837967401725791,10|15|22|25|30|35|50|1000
0.837967401725791,10|20|22|30|35|50|51.7947|1000
0.837967401725791,10|21.5443|22|30|35|50|51.7947|1000
0.837967401725791,10|22|25|26.827|30|35|50|1000
0.837967401725791,10|22|25|30|35|40|50|1000
0.8378475551294343,10|15|25|51.7947|60|1000
0.8378475551294343,10|20|21.5443|25|51.7947|1000
0.8378475551294343,10|20|22|25|51.7947|1000
0.8378475551294343,10|22|25|30|51.7947|1000
0.8378475551294343,10|25|30|35|50|1000
0.8378475551294343,10|13.895|15|25|51.7947|60|1000
0.8378475551294343,10|13.895|20|21.5443|25|51.7947|1000
0.8378475551294343,10|13.895|20|22|25|51.7947|1000
0.8378475551294343,10|13.895|22|25|30|51.7947|1000
0.8378475551294343,10|13.895|25|30|35|50|1000
0.8378475551294343,10|15|20|21.5443|25|51.7947|1000
0.8378475551294343,10|15|20|22|25|51.7947|1000
0.8378475551294343,10|15|22|25|30|51.7947|1000
0.8378475551294343,10|15|25|30|35|50|1000
0.8378475551294343,10|20|21.5443|22|25|51.7947|1000
0.8378475551294343,10|21.5443|25|30|35|50|1000
0.8378475551294343,10|22|25|26.827|30|51.7947|1000
0.8378475551294343,10|22|25|30|40|51.7947|1000
0.8378475551294343,10|25|26.827|30|35|50|1000
0.8378475551294343,10|25|30|35|40|50|1000
0.8378475551294343,10|13.895|15|20|21.5443|25|51.7947|1000
0.8378475551294343,10|13.895|15|20|22|25|51.7947|1000
0.8378475551294343,10|13.895|15|22|25|30|51.7947|1000
0.8378475551294343,10|13.895|15|25|30|35|50|1000
0.8378475551294343,10|13.895|20|21.5443|22|25|51.7947|1000
0.8378475551294343,10|13.895|21.5443|25|30|35|50|1000
0.8378475551294343,10|13.895|22|25|26.827|30|51.7947|1000
0.8378475551294343,10|13.895|22|25|30|40|51.7947|1000
0.8378475551294343,10|13.895|25|26.827|30|35|50|1000
0.8378475551294343,10|13.895|25|30|35|40|50|1000
0.8378475551294343,10|15|20|21.5443|22|25|51.7947|1000
0.8378475551294343,10|15|21.5443|25|30|35|50|1000
0.8378475551294343,10|15|22|25|26.827|30|51.7947|1000
0.8378475551294343,10|15|22|25|30|40|51.7947|1000
0.8378475551294343,10|15|25|26.827|30|35|50|1000
0.8378475551294343,10|15|25|30|35|40|50|1000
0.8378475551294343,10|20|21.5443|25|30|35|50|1000
0.8378475551294343,10|20|22|25|30|35|50|1000
0.8378475551294343,10|21.5443|22|25|30|35|50|1000
0.8378475551294343,10|21.5443|25|26.827|30|35|50|1000
0.8378475551294343,10|21.5443|25|30|35|40|50|1000
0.8378475551294343,10|22|25|26.827|30|40|51.7947|1000
0.8378475551294343,10|22|26.827|30|35|50|51.7947|1000
0.8378475551294343,10|25|26.827|30|35|40|50|1000
0.8377277085330777,10|21.5443|25|30|51.7947|1000
0.8377277085330777,10|13.895|21.5443|25|30|51.7947|1000
0.8377277085330777,10|15|21.5443|25|30|51.7947|1000
0.8377277085330777,10|20|21.5443|25|30|51.7947|1000
0.8377277085330777,10|20|22|25|30|51.7947|1000
0.8377277085330777,10|21.5443|22|25|30|51.7947|1000
0.8377277085330777,10|21.5443|25|26.827|30|51.7947|1000
0.8377277085330777,10|21.5443|25|30|40|51.7947|1000
0.8377277085330777,10|21.5443|30|35|50|51.7947|1000
0.8377277085330777,10|13.895|15|21.5443|25|30|51.7947|1000
0.8377277085330777,10|13.895|20|21.5443|25|30|51.7947|1000
0.8377277085330777,10|13.895|20|22|25|30|51.7947|1000
0.8377277085330777,10|13.895|21.5443|22|25|30|51.7947|1000
0.8377277085330777,10|13.895|21.5443|25|26.827|30|51.7947|1000
0.8377277085330777,10|13.895|21.5443|25|30|40|51.7947|1000
0.8377277085330777,10|13.895|21.5443|30|35|50|51.7947|1000
0.8377277085330777,10|15|20|21.5443|25|30|51.7947|1000
0.8377277085330777,10|15|20|22|25|30|51.7947|1000
0.8377277085330777,10|15|21.5443|22|25|30|51.7947|1000
0.8377277085330777,10|15|21.5443|25|26.827|30|51.7947|1000
0.8377277085330777,10|15|21.5443|25|30|40|51.7947|1000
0.8377277085330777,10|15|21.5443|30|35|50|51.7947|1000
0.8377277085330777,10|20|21.5443|22|25|30|51.7947|1000
0.8377277085330777,10|20|21.5443|25|26.827|30|51.7947|1000
0.8377277085330777,10|20|21.5443|25|30|40|51.7947|1000
0.8377277085330777,10|20|21.5443|30|35|50|51.7947|1000
0.8377277085330777,10|20|22|25|26.827|30|51.7947|1000
0.8377277085330777,10|20|22|25|30|40|51.7947|1000
0.8377277085330777,10|21.5443|22|25|26.827|30|51.7947|1000
0.8377277085330777,10|21.5443|22|25|30|40|51.7947|1000
0.8377277085330777,10|21.5443|25|26.827|30|40|51.7947|1000
0.8377277085330777,10|21.5443|30|35|40|50|51.7947|1000
0.837607861936721,10|20|30|50|51.7947|1000
0.837607861936721,10|13.895|20|30|50|51.7947|1000
0.837607861936721,10|15|20|30|50|51.7947|1000
0.837607861936721,10|20|30|40|50|51.7947|1000
0.837607861936721,10|13.895|15|20|30|50|51.7947|1000
0.837607861936721,10|13.895|20|30|40|50|51.7947|1000
0.837607861936721,10|15|20|30|40|50|51.7947|1000
0.8374880153403643,10|22|25|30|50|1000
0.8374880153403643,10|22|30|50|51.7947|1000
0.8374880153403643,10|26.827|30|35|51.7947|1000
0.8374880153403643,10|13.895|22|25|30|50|1000
0.8374880153403643,10|13.895|22|30|50|51.7947|1000
0.8374880153403643,10|13.895|26.827|30|35|51.7947|1000
0.8374880153403643,10|15|22|25|30|50|1000
0.8374880153403643,10|15|22|30|50|51.7947|1000
0.8374880153403643,10|15|26.827|30|35|51.7947|1000
0.8374880153403643,10|22|25|26.827|30|50|1000
0.8374880153403643,10|22|25|30|40|50|1000
0.8374880153403643,10|22|26.827|30|50|51.7947|1000
0.8374880153403643,10|22|30|40|50|51.7947|1000
0.8374880153403643,10|26.827|30|35|40|51.7947|1000
0.8374880153403643,10|13.895|15|22|25|30|50|1000
0.8374880153403643,10|13.895|15|22|30|50|51.7947|1000
0.8374880153403643,10|13.895|15|26.827|30|35|51.7947|1000
0.8374880153403643,10|13.895|22|25|26.827|30|50|1000
0.8374880153403643,10|13.895|22|25|30|40|50|1000
0.8374880153403643,10|13.895|22|26.827|30|50|51.7947|1000
0.8374880153403643,10|13.895|22|30|40|50|51.7947|1000
0.8374880153403643,10|13.895|26.827|30|35|40|51.7947|1000
0.8374880153403643,10|15|22|25|26.827|30|50|1000
0.8374880153403643,10|15|22|25|30|40|50|1000
0.8374880153403643,10|15|22|26.827|30|50|51.7947|1000
0.8374880153403643,10|15|22|30|40|50|51.7947|1000
0.8374880153403643,10|15|26.827|30|35|40|51.7947|1000
0.8374880153403643,10|21.5443|26.827|30|35|50|51.7947|1000
0.8374880153403643,10|22|25|26.827|30|40|50|1000
0.8374880153403643,10|22|26.827|30|40|50|51.7947|1000
0.8373681687440077,10|21.5443|25|30|50|1000
0.8373681687440077,10|13.895|21.5443|25|30|50|1000
0.8373681687440077,10|15|21.5443|25|30|50|1000
0.8373681687440077,10|20|21.5443|25|30|50|1000
0.8373681687440077,10|20|22|25|30|50|1000
0.8373681687440077,10|21.5443|22|25|30|50|1000
0.8373681687440077,10|21.5443|22|30|50|51.7947|1000
0.8373681687440077,10|21.5443|25|26.827|30|50|1000
0.8373681687440077,10|21.5443|25|30|40|50|1000
0.8373681687440077,10|13.895|15|21.5443|25|30|50|1000
0.8373681687440077,10|13.895|20|21.5443|25|30|50|1000
0.8373681687440077,10|13.895|20|22|25|30|50|1000
0.8373681687440077,10|13.895|21.5443|22|25|30|50|1000
0.8373681687440077,10|13.895|21.5443|22|30|50|51.7947|1000
0.8373681687440077,10|13.895|21.5443|25|26.827|30|50|1000
0.8373681687440077,10|13.895|21.5443|25|30|40|50|1000
0.8373681687440077,10|15|20|21.5443|25|30|50|1000
0.8373681687440077,10|15|20|22|25|30|50|1000
0.8373681687440077,10|15|21.5443|22|25|30|50|1000
0.8373681687440077,10|15|21.5443|22|30|50|51.7947|1000
0.8373681687440077,10|15|21.5443|25|26.827|30|50|1000
0.8373681687440077,10|15|21.5443|25|30|40|50|1000
0.8373681687440077,10|20|21.5443|22|25|30|50|1000
0.8373681687440077,10|20|21.5443|25|26.827|30|50|1000
0.8373681687440077,10|20|21.5443|25|30|40|50|1000
0.8373681687440077,10|20|22|25|26.827|30|50|1000
0.8373681687440077,10|20|22|25|30|40|50|1000
0.8373681687440077,10|20|22|26.827|30|50|51.7947|1000
0.8373681687440077,10|20|25|30|35|50|51.7947|1000
0.8373681687440077,10|21.5443|22|25|26.827|30|50|1000
0.8373681687440077,10|21.5443|22|25|30|40|50|1000
0.8373681687440077,10|21.5443|22|26.827|30|50|51.7947|1000
0.8373681687440077,10|21.5443|22|30|40|50|51.7947|1000
0.8373681687440077,10|21.5443|25|26.827|30|40|50|1000
0.8373681687440077,10|22|25|35|40|50|60|1000
0.837248322147651,10|30|35|51.7947|1000
0.837248322147651,10|13.895|30|35|51.7947|1000
0.837248322147651,10|15|30|35|51.7947|1000
0.837248322147651,10|22|25|40|50|1000
0.837248322147651,10|30|35|40|51.7947|1000
0.837248322147651,10|13.895|15|30|35|51.7947|1000
0.837248322147651,10|13.895|22|25|40|50|1000
0.837248322147651,10|13.895|30|35|40|51.7947|1000
0.837248322147651,10|15|22|25|40|50|1000
0.837248322147651,10|15|30|35|40|51.7947|1000
0.837248322147651,10|22|25|35|50|60|1000
0.837248322147651,10|13.895|15|22|25|40|50|1000
0.837248322147651,10|13.895|15|30|35|40|51.7947|1000
0.837248322147651,10|13.895|22|25|35|50|60|1000
0.837248322147651,10|15|22|25|35|50|60|1000
0.837248322147651,10|15|25|30|50|51.7947|60|1000
0.837248322147651,10|15|25|35|40|50|60|1000
0.837248322147651,10|21.5443|25|35|40|50|60|1000
0.837248322147651,10|22|25|26.827|35|50|60|1000
0.837248322147651,10|22|25|30|35|50|51.7947|1000
0.8371284755512943,10|26.827|30|51.7947|1000
0.8371284755512943,10|13.895|26.827|30|51.7947|1000
0.8371284755512943,10|15|26.827|30|51.7947|1000
0.8371284755512943,10|21.5443|25|40|50|1000
0.8371284755512943,10|21.5443|30|50|51.7947|1000
0.8371284755512943,10|26.827|30|40|51.7947|1000
0.8371284755512943,10|13.895|15|26.827|30|51.7947|1000
0.8371284755512943,10|13.895|21.5443|25|40|50|1000
0.8371284755512943,10|13.895|21.5443|30|50|51.7947|1000
0.8371284755512943,10|13.895|26.827|30|40|51.7947|1000
0.8371284755512943,10|15|21.5443|25|40|50|1000
0.8371284755512943,10|15|21.5443|30|50|51.7947|1000
0.8371284755512943,10|15|25|35|50|60|1000
0.8371284755512943,10|15|26.827|30|40|51.7947|1000
0.8371284755512943,10|20|21.5443|25|40|50|1000
0.8371284755512943,10|20|22|25|40|50|1000
0.8371284755512943,10|21.5443|22|25|40|50|1000
0.8371284755512943,10|21.5443|25|35|50|60|1000
0.8371284755512943,10|21.5443|26.827|30|50|51.7947|1000
0.8371284755512943,10|21.5443|30|40|50|51.7947|1000
0.8371284755512943,10|25|30|35|50|51.7947|1000
0.8371284755512943,10|13.895|15|21.5443|25|40|50|1000
0.8371284755512943,10|13.895|15|21.5443|30|50|51.7947|1000
0.8371284755512943,10|13.895|15|25|35|50|60|1000
0.8371284755512943,10|13.895|15|26.827|30|40|51.7947|1000
0.8371284755512943,10|13.895|20|21.5443|25|40|50|1000
0.8371284755512943,10|13.895|20|22|25|40|50|1000
0.8371284755512943,10|13.895|21.5443|22|25|40|50|1000
0.8371284755512943,10|13.895|21.5443|25|35|50|60|1000
0.8371284755512943,10|13.895|21.5443|26.827|30|50|51.7947|1000
0.8371284755512943,10|13.895|21.5443|30|40|50|51.7947|1000
0.8371284755512943,10|13.895|25|30|35|50|51.7947|1000
0.8371284755512943,10|15|20|21.5443|25|40|50|1000
0.8371284755512943,10|15|20|22|25|40|50|1000
0.8371284755512943,10|15|21.5443|22|25|40|50|1000
0.8371284755512943,10|15|21.5443|25|35|50|60|1000
0.8371284755512943,10|15|21.5443|26.827|30|50|51.7947|1000
0.8371284755512943,10|15|21.5443|30|40|50|51.7947|1000
0.8371284755512943,10|15|25|26.827|35|50|60|1000
0.8371284755512943,10|15|25|30|35|50|51.7947|1000
0.8371284755512943,10|20|21.5443|22|25|40|50|1000
0.8371284755512943,10|20|21.5443|25|35|50|60|1000
0.8371284755512943,10|20|21.5443|26.827|30|50|51.7947|1000
0.8371284755512943,10|20|22|25|35|50|60|1000
0.8371284755512943,10|21.5443|22|25|35|50|60|1000
0.8371284755512943,10|21.5443|25|26.827|35|50|60|1000
0.8371284755512943,10|21.5443|25|30|35|50|51.7947|1000
0.8371284755512943,10|21.5443|26.827|30|40|50|51.7947|1000
0.8371284755512943,10|25|26.827|30|35|50|51.7947|1000
0.8371284755512943,10|25|30|35|40|50|51.7947|1000
0.8370086289549377,10|30|51.7947|1000
0.8370086289549377,10|13.895|30|51.7947|1000
0.8370086289549377,10|15|30|51.7947|1000
0.8370086289549377,10|30|40|51.7947|1000
0.8370086289549377,10|13.895|15|30|51.7947|1000
0.8370086289549377,10|13.895|30|40|51.7947|1000
0.8370086289549377,10|15|30|40|51.7947|1000
0.8370086289549377,10|13.895|15|30|40|51.7947|1000
0.8370086289549377,10|15|25|40|50|51.7947|60|1000
0.836888782358581,10|20|25|30|50|51.7947|1000
0.836888782358581,10|20|25|35|40|50|1000
0.836888782358581,10|13.895|20|25|35|40|50|1000
0.836888782358581,10|15|20|25|30|50|51.7947|1000
0.836888782358581,10|15|20|25|35|40|50|1000
0.836888782358581,10|20|25|26.827|35|40|50|1000
0.836888782358581,10|20|25|30|40|50|51.7947|1000
0.836888782358581,10|22|25|26.827|40|50|60|1000
0.8367689357622243,10|22|25|50|1000
0.8367689357622243,10|13.895|22|25|50|1000
0.8367689357622243,10|15|22|25|50|1000
0.8367689357622243,10|20|25|35|50|1000
0.8367689357622243,10|13.895|15|22|25|50|1000
0.8367689357622243,10|13.895|20|25|35|50|1000
0.8367689357622243,10|15|20|25|35|50|1000
0.8367689357622243,10|20|25|26.827|35|50|1000
0.8367689357622243,10|22|25|30|50|51.7947|1000
0.8367689357622243,10|22|25|35|40|50|1000
0.8367689357622243,10|13.895|15|20|25|35|50|1000
0.8367689357622243,10|13.895|20|25|26.827|35|50|1000
0.8367689357622243,10|13.895|22|25|30|50|51.7947|1000
0.8367689357622243,10|13.895|22|25|35|40|50|1000
0.8367689357622243,10|15|20|25|26.827|35|50|1000
0.8367689357622243,10|15|22|25|30|50|51.7947|1000
0.8367689357622243,10|15|22|25|35|40|50|1000
0.8367689357622243,10|15|25|26.827|40|50|60|1000
0.8367689357622243,10|21.5443|25|26.827|40|50|60|1000
0.8367689357622243,10|22|25|26.827|30|50|51.7947|1000
0.8367689357622243,10|22|25|26.827|35|40|50|1000
0.8367689357622243,10|22|25|30|40|50|51.7947|1000
0.8366490891658677,10|21.5443|25|50|1000
0.8366490891658677,10|13.895|21.5443|25|50|1000
0.8366490891658677,10|15|21.5443|25|50|1000
0.8366490891658677,10|21.5443|22|25|50|1000
0.8366490891658677,10|22|25|35|50|1000
0.8366490891658677,10|25|35|40|50|1000
0.8366490891658677,10|13.895|15|21.5443|25|50|1000
0.8366490891658677,10|13.895|21.5443|22|25|50|1000
0.8366490891658677,10|13.895|22|25|35|50|1000
0.8366490891658677,10|13.895|25|35|40|50|1000
0.8366490891658677,10|15|21.5443|22|25|50|1000
0.8366490891658677,10|15|22|25|35|50|1000
0.8366490891658677,10|15|25|35|40|50|1000
0.8366490891658677,10|20|25|40|50|51.7947|1000
0.8366490891658677,10|21.5443|25|30|50|51.7947|1000
0.8366490891658677,10|21.5443|25|35|40|50|1000
0.8366490891658677,10|22|25|26.827|35|50|1000
0.8366490891658677,10|25|26.827|35|40|50|1000
0.8366490891658677,10|13.895|15|21.5443|22|25|50|1000
0.8366490891658677,10|13.895|15|22|25|35|50|1000
0.8366490891658677,10|13.895|15|25|35|40|50|1000
0.8366490891658677,10|13.895|21.5443|25|30|50|51.7947|1000
0.8366490891658677,10|13.895|21.5443|25|35|40|50|1000
0.8366490891658677,10|13.895|22|25|26.827|35|50|1000
0.8366490891658677,10|13.895|25|26.827|35|40|50|1000
0.8366490891658677,10|15|20|25|40|50|51.7947|1000
0.8366490891658677,10|15|21.5443|25|30|50|51.7947|1000
0.8366490891658677,10|15|21.5443|25|35|40|50|1000
0.8366490891658677,10|15|22|25|26.827|35|50|1000
0.8366490891658677,10|15|25|26.827|35|40|50|1000
0.8366490891658677,10|20|21.5443|25|30|50|51.7947|1000
0.8366490891658677,10|20|21.5443|25|35|40|50|1000
0.8366490891658677,10|20|22|25|30|50|51.7947|1000
0.8366490891658677,10|20|22|25|35|40|50|1000
0.8366490891658677,10|20|25|35|50|51.7947|60|1000
0.8366490891658677,10|21.5443|22|25|30|50|51.7947|1000
0.8366490891658677,10|21.5443|22|25|35|40|50|1000
0.8366490891658677,10|21.5443|25|26.827|30|50|51.7947|1000
0.8366490891658677,10|21.5443|25|26.827|35|40|50|1000
0.8366490891658677,10|21.5443|25|30|40|50|51.7947|1000
0.836529242569511,10|25|35|50|1000
0.836529242569511,10|13.895|25|35|50|1000
0.836529242569511,10|15|25|35|50|1000
0.836529242569511,10|20|21.5443|25|50|1000
0.836529242569511,10|20|22|25|50|1000
0.836529242569511,10|21.5443|25|35|50|1000
0.836529242569511,10|25|26.827|35|50|1000
0.836529242569511,10|13.895|15|25|35|50|1000
0.836529242569511,10|13.895|20|21.5443|25|50|1000
0.836529242569511,10|13.895|20|22|25|50|1000
0.836529242569511,10|13.895|21.5443|25|35|50|1000
0.836529242569511,10|13.895|25|26.827|35|50|1000
0.836529242569511,10|15|20|21.5443|25|50|1000
0.836529242569511,10|15|20|22|25|50|1000
0.836529242569511,10|15|21.5443|25|35|50|1000
0.836529242569511,10|15|25|26.827|35|50|1000
0.836529242569511,10|20|21.5443|22|25|50|1000
0.836529242569511,10|20|21.5443|25|35|50|1000
0.836529242569511,10|20|22|25|35|50|1000
0.836529242569511,10|21.5443|22|25|35|50|1000
0.836529242569511,10|21.5443|25|26.827|35|50|1000
0.836529242569511,10|22|25|26.827|50|60|1000
0.836529242569511,10|22|25|40|50|51.7947|1000
0.836529242569511,10|13.895|15|20|21.5443|25|50|1000
0.836529242569511,10|13.895|15|20|22|25|50|1000
0.836529242569511,10|13.895|15|21.5443|25|35|50|1000
0.836529242569511,10|13.895|15|25|26.827|35|50|1000
0.836529242569511,10|13.895|20|21.5443|22|25|50|1000
0.836529242569511,10|13.895|20|21.5443|25|35|50|1000
0.836529242569511,10|13.895|20|22|25|35|50|1000
0.836529242569511,10|13.895|21.5443|22|25|35|50|1000
0.836529242569511,10|13.895|21.5443|25|26.827|35|50|1000
0.836529242569511,10|13.895|22|25|26.827|50|60|1000
0.836529242569511,10|13.895|22|25|40|50|51.7947|1000
0.836529242569511,10|15|20|21.5443|22|25|50|1000
0.836529242569511,10|15|20|21.5443|25|35|50|1000
0.836529242569511,10|15|20|22|25|35|50|1000
0.836529242569511,10|15|21.5443|22|25|35|50|1000
0.836529242569511,10|15|21.5443|25|26.827|35|50|1000
0.836529242569511,10|15|22|25|26.827|50|60|1000
0.836529242569511,10|15|22|25|40|50|51.7947|1000
0.836529242569511,10|20|21.5443|22|25|35|50|1000
0.836529242569511,10|20|21.5443|25|26.827|35|50|1000
0.836529242569511,10|20|22|25|26.827|35|50|1000
0.836529242569511,10|21.5443|22|25|26.827|35|50|1000
0.836529242569511,10|22|25|35|50|51.7947|60|1000
0.8364093959731543,10|15|25|26.827|50|60|1000
0.8364093959731543,10|21.5443|25|26.827|50|60|1000
0.8364093959731543,10|21.5443|25|40|50|51.7947|1000
0.8364093959731543,10|26.827|30|35|50|51.7947|1000
0.8364093959731543,10|13.895|15|25|26.827|50|60|1000
0.8364093959731543,10|13.895|21.5443|25|26.827|50|60|1000
0.8364093959731543,10|13.895|21.5443|25|40|50|51.7947|1000
0.8364093959731543,10|13.895|26.827|30|35|50|51.7947|1000
0.8364093959731543,10|15|21.5443|25|26.827|50|60|1000
0.8364093959731543,10|15|21.5443|25|40|50|51.7947|1000
0.8364093959731543,10|15|25|35|50|51.7947|60|1000
0.8364093959731543,10|15|26.827|30|35|50|51.7947|1000
0.8364093959731543,10|20|21.5443|25|40|50|51.7947|1000
0.8364093959731543,10|20|22|25|40|50|51.7947|1000
0.8364093959731543,10|21.5443|22|25|26.827|50|60|1000
0.8364093959731543,10|21.5443|22|25|40|50|51.7947|1000
0.8364093959731543,10|21.5443|25|35|50|51.7947|60|1000
0.8364093959731543,10|26.827|30|35|40|50|51.7947|1000
0.8362895493767977,10|22|25|26.827|40|50|1000
0.8362895493767977,10|13.895|22|25|26.827|40|50|1000
0.8362895493767977,10|15|22|25|26.827|40|50|1000
0.836169702780441,10|13.895|35|40|51.7947|1000
0.836169702780441,10|15|35|40|51.7947|1000
0.836169702780441,10|30|35|50|51.7947|1000
0.836169702780441,10|13.895|15|35|40|51.7947|1000
0.836169702780441,10|13.895|30|35|50|51.7947|1000
0.836169702780441,10|15|30|35|50|51.7947|1000
0.836169702780441,10|21.5443|25|26.827|40|50|1000
0.836169702780441,10|30|35|40|50|51.7947|1000
0.836169702780441,10|13.895|15|30|35|50|51.7947|1000
0.836169702780441,10|13.895|21.5443|25|26.827|40|50|1000
0.836169702780441,10|13.895|30|35|40|50|51.7947|1000
0.836169702780441,10|15|21.5443|25|26.827|40|50|1000
0.836169702780441,10|15|30|35|40|50|51.7947|1000
0.836169702780441,10|20|21.5443|25|26.827|40|50|1000
0.836169702780441,10|20|22|25|26.827|40|50|1000
0.836169702780441,10|20|25|35|40|50|51.7947|1000
0.836169702780441,10|21.5443|22|25|26.827|40|50|1000
0.8360498561840843,10|20|25|50|51.7947|1000
0.8360498561840843,10|22|25|50|51.7947|1000
0.8360498561840843,10|26.827|30|50|51.7947|1000
0.8360498561840843,10|13.895|22|25|50|51.7947|1000
0.8360498561840843,10|13.895|26.827|30|50|51.7947|1000
0.8360498561840843,10|15|20|25|50|51.7947|1000
0.8360498561840843,10|15|22|25|50|51.7947|1000
0.8360498561840843,10|15|26.827|30|50|51.7947|1000
0.8360498561840843,10|20|25|35|50|51.7947|1000
0.8360498561840843,10|26.827|30|40|50|51.7947|1000
0.8360498561840843,10|13.895|15|20|25|50|51.7947|1000
0.8360498561840843,10|13.895|15|22|25|50|51.7947|1000
0.8360498561840843,10|13.895|15|26.827|30|50|51.7947|1000
0.8360498561840843,10|13.895|20|25|35|50|51.7947|1000
0.8360498561840843,10|13.895|26.827|30|40|50|51.7947|1000
0.8360498561840843,10|15|20|25|35|50|51.7947|1000
0.8360498561840843,10|15|26.827|30|40|50|51.7947|1000
0.8360498561840843,10|20|25|26.827|35|50|51.7947|1000
0.8360498561840843,10|22|25|35|40|50|51.7947|1000
0.8359300095877277,10|30|50|51.7947|1000
0.8359300095877277,10|13.895|30|50|51.7947|1000
0.8359300095877277,10|15|30|50|51.7947|1000
0.8359300095877277,10|21.5443|25|50|51.7947|1000
0.8359300095877277,10|22|25|26.827|50|1000
0.8359300095877277,10|30|40|50|51.7947|1000
0.8359300095877277,10|13.895|15|30|50|51.7947|1000
0.8359300095877277,10|13.895|21.5443|25|50|51.7947|1000
0.8359300095877277,10|13.895|22|25|26.827|50|1000
0.8359300095877277,10|13.895|30|40|50|51.7947|1000
0.8359300095877277,10|15|21.5443|25|50|51.7947|1000
0.8359300095877277,10|15|22|25|26.827|50|1000
0.8359300095877277,10|15|30|40|50|51.7947|1000
0.8359300095877277,10|21.5443|22|25|50|51.7947|1000
0.8359300095877277,10|22|25|35|50|51.7947|1000
0.8359300095877277,10|25|35|40|50|51.7947|1000
0.8359300095877277,10|13.895|15|21.5443|25|50|51.7947|1000
0.8359300095877277,10|13.895|15|22|25|26.827|50|1000
0.8359300095877277,10|13.895|15|30|40|50|51.7947|1000
0.8359300095877277,10|13.895|21.5443|22|25|50|51.7947|1000
0.8359300095877277,10|13.895|22|25|35|50|51.7947|1000
0.8359300095877277,10|13.895|25|35|40|50|51.7947|1000
0.8359300095877277,10|15|21.5443|22|25|50|51.7947|1000
0.8359300095877277,10|15|22|25|35|50|51.7947|1000
0.8359300095877277,10|15|25|35|40|50|51.7947|1000
0.8359300095877277,10|21.5443|25|35|40|50|51.7947|1000
0.8359300095877277,10|22|25|26.827|35|50|51.7947|1000
0.8359300095877277,10|25|26.827|35|40|50|51.7947|1000
0.835810162991371,10|21.5443|25|26.827|50|1000
0.835810162991371,10|25|35|50|51.7947|1000
0.835810162991371,10|13.895|21.5443|25|26.827|50|1000
0.835810162991371,10|13.895|25|35|50|51.7947|1000
0.835810162991371,10|15|21.5443|25|26.827|50|1000
0.835810162991371,10|15|25|35|50|51.7947|1000
0.835810162991371,10|15|25|50|51.7947|60|1000
0.835810162991371,10|20|21.5443|25|50|51.7947|1000
0.835810162991371,10|20|22|25|50|51.7947|1000
0.835810162991371,10|21.5443|22|25|26.827|50|1000
0.835810162991371,10|21.5443|25|35|50|51.7947|1000
0.835810162991371,10|25|26.827|35|50|51.7947|1000
0.835810162991371,10|13.895|15|21.5443|25|26.827|50|1000
0.835810162991371,10|13.895|15|25|35|50|51.7947|1000
0.835810162991371,10|13.895|15|25|50|51.7947|60|1000
0.835810162991371,10|13.895|20|21.5443|25|50|51.7947|1000
0.835810162991371,10|13.895|20|22|25|50|51.7947|1000
0.835810162991371,10|13.895|21.5443|22|25|26.827|50|1000
0.835810162991371,10|13.895|21.5443|25|35|50|51.7947|1000
0.835810162991371,10|13.895|25|26.827|35|50|51.7947|1000
0.835810162991371,10|15|20|21.5443|25|50|51.7947|1000
0.835810162991371,10|15|20|22|25|50|51.7947|1000
0.835810162991371,10|15|21.5443|22|25|26.827|50|1000
0.835810162991371,10|15|21.5443|25|35|50|51.7947|1000
0.835810162991371,10|15|25|26.827|35|50|51.7947|1000
0.835810162991371,10|20|21.5443|22|25|50|51.7947|1000
0.835810162991371,10|20|21.5443|25|35|50|51.7947|1000
0.835810162991371,10|20|22|25|35|50|51.7947|1000
0.835810162991371,10|21.5443|22|25|35|50|51.7947|1000
0.835810162991371,10|21.5443|25|26.827|35|50|51.7947|1000
0.835810162991371,10|22|25|26.827|50|51.7947|60|1000
0.8356903163950143,10|13.895|25|26.827|50|51.7947|60|1000
0.8356903163950143,10|15|25|26.827|50|51.7947|60|1000
0.8355704697986577,10|20|21.5443|25|26.827|50|1000
0.8355704697986577,10|20|22|25|26.827|50|1000
0.8355704697986577,10|13.895|20|21.5443|25|26.827|50|1000
0.8355704697986577,10|13.895|20|22|25|26.827|50|1000
0.8355704697986577,10|15|20|21.5443|25|26.827|50|1000
0.8355704697986577,10|15|20|22|25|26.827|50|1000
0.8355704697986577,10|20|21.5443|22|25|26.827|50|1000
0.8355704697986577,10|22|25|26.827|40|50|51.7947|1000
0.835450623202301,10|21.5443|25|26.827|40|50|51.7947|1000
0.8352109300095877,10|22|25|26.827|50|51.7947|1000
0.8352109300095877,10|13.895|22|25|26.827|50|51.7947|1000
0.8352109300095877,10|15|22|25|26.827|50|51.7947|1000
0.835091083413231,3.72759|22|40|51.7947|220
0.835091083413231,10|21.5443|25|26.827|50|51.7947|1000
0.835091083413231,10|13.895|21.5443|25|26.827|50|51.7947|1000
0.835091083413231,10|15|21.5443|25|26.827|50|51.7947|1000
0.835091083413231,10|21.5443|22|25|26.827|50|51.7947|1000
0.8349712368168744,3.72759|15|20|30|35|51.7947|220
0.8349712368168744,3.72759|4.64159|15|20|30|35|50|220
0.8349712368168744,3.72759|15|20|30|35|40|51.7947|220
0.8348513902205177,3.72759|15|20|22|30|35|51.7947|220
0.8348513902205177,10|20|21.5443|25|26.827|50|51.7947|1000
0.8348513902205177,10|20|22|25|26.827|50|51.7947|1000
0.834731543624161,10|21.5443|35|51.7947|1000
0.834731543624161,10|13.895|21.5443|35|51.7947|1000
0.834731543624161,10|15|21.5443|35|51.7947|1000
0.834731543624161,10|20|21.5443|35|51.7947|1000
0.834731543624161,10|13.895|15|21.5443|35|51.7947|1000
0.834731543624161,10|13.895|20|21.5443|35|51.7947|1000
0.834731543624161,10|15|20|21.5443|35|51.7947|1000
0.834731543624161,10|13.895|15|20|21.5443|35|51.7947|1000
0.8346116970278044,3.72759|22|51.7947|220
0.8346116970278044,10|21.5443|26.827|35|51.7947|1000
0.8346116970278044,10|13.895|21.5443|26.827|35|51.7947|1000
0.8346116970278044,10|15|21.5443|26.827|35|51.7947|1000
0.8346116970278044,10|13.895|15|21.5443|26.827|35|51.7947|1000
0.8344918504314478,3.72759|15|20|30|35|50|51.7947|220
0.8342521572387345,3.72759|15|20|30|51.7947|220
0.8342521572387345,3.72759|4.64159|15|20|30|50|220
0.8342521572387345,3.72759|15|20|30|40|51.7947|220
0.8342521572387345,3.72759|4.64159|15|20|30|40|50|220
0.8342521572387345,4.64159|15|20|22|30|35|50|220
0.8341323106423778,3.72759|15|20|35|40|51.7947|220
0.8341323106423778,3.72759|5|15|20|30|35|50|220
0.8340124640460211,3.72759|15|20|35|51.7947|220
0.8340124640460211,3.72759|15|20|25|40|51.7947|220
0.8340124640460211,3.72759|15|20|22|35|40|51.7947|220
0.8340124640460211,3.72759|15|20|25|26.827|30|51.7947|220
0.8340124640460211,3.72759|15|20|25|26.827|40|51.7947|220
0.8340124640460211,5|15|20|22|30|35|50|220
0.8338926174496645,22|30|35|1000
0.8338926174496645,3.72759|15|20|22|35|51.7947|220
0.8338926174496645,3.72759|15|20|25|30|51.7947|220
0.8338926174496645,3.72759|15|20|26.827|30|51.7947|220
0.8338926174496645,3.72759|15|20|26.827|40|51.7947|220
0.8338926174496645,3.72759|4.64159|15|20|25|30|50|220
0.8338926174496645,3.72759|4.64159|15|20|26.827|30|50|220
0.8338926174496645,3.72759|15|20|21.5443|26.827|30|51.7947|220
0.8338926174496645,3.72759|15|20|21.5443|30|35|51.7947|220
0.8338926174496645,3.72759|15|20|22|25|30|51.7947|220
0.8338926174496645,3.72759|15|20|22|25|40|51.7947|220
0.8338926174496645,3.72759|15|20|22|26.827|30|51.7947|220
0.8338926174496645,3.72759|15|20|22|26.827|40|51.7947|220
0.8338926174496645,3.72759|15|20|25|26.827|35|51.7947|220
0.8338926174496645,3.72759|15|20|25|30|35|51.7947|220
0.8338926174496645,3.72759|15|20|25|30|40|51.7947|220
0.8338926174496645,3.72759|15|20|26.827|30|35|51.7947|220
0.8338926174496645,3.72759|15|20|26.827|30|40|51.7947|220
0.8338926174496645,3.72759|15|20|26.827|35|40|51.7947|220
0.8337727708533078,3.72759|15|20|26.827|35|51.7947|220
0.8337727708533078,3.72759|15|20|30|50|51.7947|220
0.8337727708533078,3.72759|15|20|21.5443|25|30|51.7947|220
0.8337727708533078,3.72759|15|20|21.5443|25|40|51.7947|220
0.8337727708533078,3.72759|15|20|21.5443|26.827|40|51.7947|220
0.8337727708533078,3.72759|15|20|22|26.827|35|51.7947|220
0.8337727708533078,3.72759|15|20|30|40|50|51.7947|220
0.8336529242569511,3.72759|4.64159|5|15|20|30|50|220
0.8336529242569511,3.72759|15|20|21.5443|26.827|35|51.7947|220
0.8336529242569511,3.72759|15|20|25|35|40|51.7947|220
0.8335330776605945,3.72759|15|20|21.5443|30|51.7947|220
0.8335330776605945,3.72759|15|20|22|30|51.7947|220
0.8335330776605945,3.72759|15|20|25|35|51.7947|220
0.8335330776605945,3.72759|4.64159|15|20|21.5443|30|50|220
0.8335330776605945,3.72759|15|20|21.5443|22|30|51.7947|220
0.8335330776605945,3.72759|15|20|21.5443|30|40|51.7947|220
0.8335330776605945,3.72759|15|20|22|30|40|51.7947|220
0.8334132310642378,3.72759|15|20|25|51.7947|220
0.8334132310642378,3.72759|5|15|20|30|50|220
0.8334132310642378,3.72759|15|20|25|26.827|51.7947|220
0.8334132310642378,3.72759|15|20|30|35|50|220
0.8334132310642378,3.72759|5|15|20|30|40|50|220
0.8334132310642378,3.72759|15|20|22|25|26.827|51.7947|220
0.8334132310642378,3.72759|15|20|22|25|35|51.7947|220
0.8334132310642378,3.72759|15|20|25|30|50|51.7947|220
0.8334132310642378,3.72759|15|20|26.827|30|50|51.7947|220
0.8334132310642378,3.72759|15|20|30|35|40|50|220
0.8334132310642378,4.64159|15|20|25|26.827|30|50|220
0.8332933844678811,3.72759|15|20|26.827|51.7947|220
0.8332933844678811,3.72759|15|20|22|25|51.7947|220
0.8332933844678811,3.72759|15|20|22|26.827|51.7947|220
0.8332933844678811,4.64159|15|20|25|30|50|220
0.8332933844678811,4.64159|15|20|26.827|30|50|220
0.8332933844678811,10|13.895|35|40|50|51.7947|1000
0.8332933844678811,10|15|35|40|50|51.7947|1000
0.8332933844678811,3.72759|15|20|21.5443|25|35|51.7947|220
0.8332933844678811,3.72759|15|20|22|30|35|50|220
0.8332933844678811,4.64159|15|20|21.5443|26.827|30|50|220
0.8332933844678811,4.64159|15|20|21.5443|30|35|50|220
0.8332933844678811,4.64159|15|20|22|25|30|50|220
0.8332933844678811,4.64159|15|20|22|26.827|30|50|220
0.8332933844678811,4.64159|15|20|25|30|35|50|220
0.8332933844678811,4.64159|15|20|25|30|40|50|220
0.8332933844678811,4.64159|15|20|26.827|30|35|50|220
0.8332933844678811,4.64159|15|20|26.827|30|40|50|220
0.8332933844678811,10|13.895|15|35|40|50|51.7947|1000
0.8331735378715245,3.72759|15|20|21.5443|25|51.7947|220
0.8331735378715245,3.72759|15|20|21.5443|26.827|51.7947|220
0.8331735378715245,3.72759|15|20|21.5443|22|25|51.7947|220
0.8331735378715245,3.72759|15|20|21.5443|22|26.827|51.7947|220
0.8331735378715245,4.64159|15|20|21.5443|25|30|50|220
0.8331735378715245,5|15|20|25|26.827|30|50|220
0.8330536912751678,3.72759|20|40|51.7947|220
0.8330536912751678,5|15|20|25|30|50|220
0.8330536912751678,5|15|20|26.827|30|50|220
0.8330536912751678,3.72759|4.64159|15|20|35|40|50|220
0.8330536912751678,3.72759|5|15|20|25|30|50|220
0.8330536912751678,3.72759|5|15|20|26.827|30|50|220
0.8330536912751678,3.72759|15|20|21.5443|30|50|51.7947|220
0.8330536912751678,3.72759|15|20|21.5443|35|40|51.7947|220
0.8330536912751678,3.72759|15|20|22|30|50|51.7947|220
0.8330536912751678,4.64159|5|15|20|25|30|50|220
0.8330536912751678,4.64159|5|15|20|26.827|30|50|220
0.8330536912751678,5|15|20|21.5443|26.827|30|50|220
0.8330536912751678,5|15|20|21.5443|30|35|50|220
0.8330536912751678,5|15|20|22|25|30|50|220
0.8330536912751678,5|15|20|22|26.827|30|50|220
0.8330536912751678,5|15|20|25|30|35|50|220
0.8330536912751678,5|15|20|25|30|40|50|220
0.8330536912751678,5|15|20|26.827|30|35|50|220
0.8330536912751678,5|15|20|26.827|30|40|50|220
0.8329338446788112,3.72759|20|21.5443|40|51.7947|220
0.8329338446788112,3.72759|21.5443|22|40|51.7947|220
0.8329338446788112,3.72759|4.64159|15|20|35|50|220
0.8329338446788112,3.72759|15|20|21.5443|35|51.7947|220
0.8329338446788112,3.72759|20|21.5443|22|40|51.7947|220
0.8329338446788112,4.64159|15|20|21.5443|30|50|220
0.8329338446788112,4.64159|15|20|22|30|50|220
0.8329338446788112,3.72759|15|20|21.5443|22|35|51.7947|220
0.8329338446788112,4.64159|15|20|21.5443|22|30|50|220
0.8329338446788112,4.64159|15|20|21.5443|30|40|50|220
0.8329338446788112,4.64159|15|20|22|30|40|50|220
0.8329338446788112,5|15|20|21.5443|25|30|50|220
0.8328139980824545,21.5443|22|30|35|1000
0.8328139980824545,3.72759|20|22|40|51.7947|220
0.8326941514860978,10|20|35|51.7947|1000
0.8326941514860978,3.72759|15|20|30|50|220
0.8326941514860978,10|13.895|20|35|51.7947|1000
0.8326941514860978,10|15|20|35|51.7947|1000
0.8326941514860978,3.72759|15|20|30|40|50|220
0.8326941514860978,5|15|20|21.5443|30|50|220
0.8326941514860978,5|15|20|22|30|50|220
0.8326941514860978,10|13.895|15|20|35|51.7947|1000
0.8326941514860978,3.72759|5|15|20|21.5443|30|50|220
0.8326941514860978,3.72759|5|15|20|22|30|50|220
0.8326941514860978,4.64159|5|15|20|21.5443|30|50|220
0.8326941514860978,4.64159|5|15|20|22|30|50|220
0.8326941514860978,5|15|20|21.5443|22|30|50|220
0.8326941514860978,5|15|20|21.5443|30|40|50|220
0.8326941514860978,5|15|20|22|30|40|50|220
0.8325743048897412,22|30|1000
0.8325743048897412,10|21.5443|35|50|1000
0.8325743048897412,10|13.895|21.5443|35|50|1000
0.8325743048897412,10|15|21.5443|35|50|1000
0.8325743048897412,10|20|21.5443|35|50|1000
0.8325743048897412,10|13.895|15|21.5443|35|50|1000
0.8325743048897412,10|13.895|20|21.5443|35|50|1000
0.8325743048897412,10|15|20|21.5443|35|50|1000
0.8325743048897412,3.72759|15|20|35|40|50|51.7947|220
0.8325743048897412,10|13.895|15|20|21.5443|35|50|1000
0.8324544582933845,3.72759|20|51.7947|220
0.8324544582933845,21.5443|22|30|1000
0.8324544582933845,3.72759|21.5443|22|51.7947|220
0.8324544582933845,3.72759|15|20|35|50|51.7947|220
0.8324544582933845,3.72759|15|20|25|26.827|30|50|220
0.8323346116970278,3.72759|20|21.5443|51.7947|220
0.8323346116970278,3.72759|20|21.5443|22|51.7947|220
0.8323346116970278,10|21.5443|26.827|35|50|1000
0.8323346116970278,3.72759|15|20|25|30|50|220
0.8323346116970278,3.72759|15|20|26.827|30|50|220
0.8323346116970278,10|13.895|21.5443|26.827|35|50|1000
0.8323346116970278,10|15|21.5443|26.827|35|50|1000
0.8323346116970278,10|20|21.5443|26.827|35|50|1000
0.8323346116970278,3.72759|4.64159|5|15|20|35|50|220
0.8323346116970278,3.72759|15|20|21.5443|26.827|30|50|220
0.8323346116970278,3.72759|15|20|21.5443|30|35|50|220
0.8323346116970278,3.72759|15|20|22|26.827|30|50|220
0.8323346116970278,3.72759|15|20|22|35|50|51.7947|220
0.8323346116970278,3.72759|15|20|25|30|35|50|220
0.8323346116970278,3.72759|15|20|25|30|40|50|220
0.8323346116970278,3.72759|15|20|26.827|30|35|50|220
0.8323346116970278,3.72759|15|20|26.827|30|40|50|220
0.8323346116970278,4.64159|15|20|22|35|40|50|220
0.8323346116970278,10|13.895|15|21.5443|26.827|35|50|1000
0.8323346116970278,10|13.895|20|21.5443|26.827|35|50|1000
0.8323346116970278,10|15|20|21.5443|26.827|35|50|1000
0.8322147651006712,3.72759|20|22|51.7947|220
0.8322147651006712,4.64159|15|20|22|35|50|220
0.8322147651006712,3.72759|5|15|20|35|40|50|220
0.8322147651006712,3.72759|15|20|21.5443|25|30|50|220
0.8320949185043145,3.72759|4.64159|15|20|40|50|220
0.8320949185043145,3.72759|5|15|20|35|50|220
0.8320949185043145,3.72759|4.64159|15|20|21.5443|40|50|220
0.8320949185043145,5|15|20|22|35|40|50|220
0.8319750719079578,3.72759|15|20|21.5443|30|50|220
0.8319750719079578,3.72759|15|20|22|30|50|220
0.8319750719079578,5|15|20|22|35|50|220
0.8319750719079578,3.72759|4.64159|15|20|25|40|50|220
0.8319750719079578,3.72759|4.64159|15|20|26.827|40|50|220
0.8319750719079578,3.72759|5|15|20|22|35|50|220
0.8319750719079578,3.72759|15|20|21.5443|22|30|50|220
0.8319750719079578,3.72759|15|20|21.5443|30|40|50|220
0.8319750719079578,3.72759|15|20|22|30|40|50|220
0.8319750719079578,4.64159|5|15|20|22|35|50|220
0.8318552253116012,10|21.5443|35|50|51.7947|1000
0.8318552253116012,10|13.895|21.5443|35|50|51.7947|1000
0.8318552253116012,10|15|21.5443|35|50|51.7947|1000
0.8318552253116012,10|20|21.5443|35|50|51.7947|1000
0.8318552253116012,3.72759|4.64159|15|20|21.5443|35|50|220
0.8318552253116012,3.72759|4.64159|15|20|25|35|50|220
0.8318552253116012,3.72759|4.64159|15|20|26.827|35|50|220
0.8318552253116012,10|13.895|15|21.5443|35|50|51.7947|1000
0.8318552253116012,10|13.895|20|21.5443|35|50|51.7947|1000
0.8318552253116012,10|15|20|21.5443|35|50|51.7947|1000
0.8317353787152445,10|21.5443|26.827|50|1000
0.8317353787152445,10|13.895|21.5443|26.827|50|1000
0.8317353787152445,10|15|21.5443|26.827|50|1000
0.8317353787152445,10|13.895|15|21.5443|26.827|50|1000
0.8316155321188878,3.72759|15|22|40|51.7947|220
0.8316155321188878,3.72759|15|20|40|50|51.7947|220
0.8316155321188878,10|21.5443|26.827|35|50|51.7947|1000
0.8316155321188878,3.72759|4.64159|15|25|26.827|30|50|220
0.8316155321188878,3.72759|15|20|21.5443|40|50|51.7947|220
0.8316155321188878,10|13.895|21.5443|26.827|35|50|51.7947|1000
0.8316155321188878,10|15|21.5443|26.827|35|50|51.7947|1000
0.8316155321188878,10|20|21.5443|26.827|35|50|51.7947|1000
0.8314956855225312,3.72759|4.64159|15|20|50|220
0.8314956855225312,10|20|21.5443|26.827|50|1000
0.8314956855225312,3.72759|4.64159|15|20|21.5443|50|220
0.8314956855225312,3.72759|4.64159|15|25|30|50|220
0.8314956855225312,3.72759|15|20|35|40|50|220
0.8314956855225312,3.72759|15|20|40|51.7947|60|220
0.8314956855225312,4.64159|15|20|21.5443|40|50|220
0.8314956855225312,10|13.895|20|21.5443|26.827|50|1000
0.8314956855225312,10|15|20|21.5443|26.827|50|1000
0.8314956855225312,3.72759|4.64159|5|15|20|40|50|220
0.8314956855225312,3.72759|4.64159|15|20|25|26.827|50|220
0.8314956855225312,3.72759|4.64159|15|25|30|35|50|220
0.8314956855225312,3.72759|4.64159|15|25|30|40|50|220
0.8314956855225312,3.72759|15|20|22|40|50|51.7947|220
0.8314956855225312,3.72759|15|20|25|40|50|51.7947|220
0.8314956855225312,3.72759|15|20|26.827|40|50|51.7947|220
0.8314956855225312,4.64159|15|20|21.5443|22|40|50|220
0.8314956855225312,4.64159|15|20|25|26.827|40|50|220
0.8314956855225312,10|13.895|15|20|21.5443|26.827|50|1000
0.8313758389261745,3.72759|15|20|35|50|220
0.8313758389261745,3.72759|4.64159|15|20|25|50|220
0.8313758389261745,3.72759|4.64159|15|20|26.827|50|220
0.8313758389261745,4.64159|15|20|22|40|50|220
0.8313758389261745,4.64159|15|20|25|40|50|220
0.8313758389261745,4.64159|15|20|26.827|40|50|220
0.8313758389261745,7.19686|20|22|25|40|51.7947|220
0.8313758389261745,3.72759|4.64159|15|20|21.5443|26.827|50|220
0.8313758389261745,3.72759|15|20|21.5443|35|50|51.7947|220
0.8313758389261745,3.72759|15|20|21.5443|40|51.7947|60|220
0.8313758389261745,3.72759|15|20|22|35|40|50|220
0.8313758389261745,3.72759|15|20|25|35|50|51.7947|220
0.8313758389261745,3.72759|15|20|26.827|35|50|51.7947|220
0.8313758389261745,4.64159|15|20|21.5443|26.827|40|50|220
0.8313758389261745,4.64159|15|20|21.5443|35|40|50|220
0.8313758389261745,4.64159|15|20|22|25|40|50|220
0.8313758389261745,4.64159|15|20|22|26.827|40|50|220
0.8313758389261745,4.64159|15|20|25|26.827|35|50|220
0.8313758389261745,4.64159|15|20|25|35|40|50|220
0.8313758389261745,4.64159|15|20|26.827|35|40|50|220
0.8313758389261745,7.19686|10|22|25|35|51.7947|60|220
0.8313758389261745,7.19686|20|21.5443|25|26.827|30|51.7947|220
0.8313758389261745,7.19686|20|21.5443|25|26.827|40|51.7947|220
0.8313758389261745,7.19686|20|22|25|26.827|30|51.7947|220
0.8313758389261745,7.19686|20|22|25|26.827|40|51.7947|220
0.8312559923298178,3.72759|5|15|20|40|50|220
0.8312559923298178,3.72759|15|20|22|35|50|220
0.8312559923298178,4.64159|15|20|21.5443|35|50|220
0.8312559923298178,4.64159|15|20|25|35|50|220
0.8312559923298178,4.64159|15|20|26.827|35|50|220
0.8312559923298178,5|15|20|21.5443|40|50|220
0.8312559923298178,7.19686|20|21.5443|25|40|51.7947|220
0.8312559923298178,7.19686|20|22|25|30|51.7947|220
0.8312559923298178,3.72759|4.64159|15|20|21.5443|25|50|220
0.8312559923298178,3.72759|5|15|20|21.5443|40|50|220
0.8312559923298178,3.72759|15|20|22|40|51.7947|60|220
0.8312559923298178,4.64159|5|15|20|21.5443|40|50|220
0.8312559923298178,4.64159|15|20|21.5443|22|35|50|220
0.8312559923298178,4.64159|15|20|21.5443|25|40|50|220
0.8312559923298178,4.64159|15|20|21.5443|26.827|35|50|220
0.8312559923298178,4.64159|15|20|22|25|35|50|220
0.8312559923298178,4.64159|15|20|22|26.827|35|50|220
0.8312559923298178,5|15|20|21.5443|22|40|50|220
0.8312559923298178,5|15|20|25|26.827|40|50|220
0.8312559923298178,7.19686|20|21.5443|22|25|40|51.7947|220
0.8312559923298178,7.19686|20|21.5443|25|26.827|35|51.7947|220
0.8312559923298178,7.19686|20|22|25|26.827|35|51.7947|220
0.8312559923298178,7.19686|20|22|25|30|35|51.7947|220
0.8312559923298178,7.19686|20|22|25|30|40|51.7947|220
0.8311361457334612,3.72759|15|22|51.7947|220
0.8311361457334612,10|13.895|35|51.7947|1000
0.8311361457334612,10|15|35|51.7947|1000
0.8311361457334612,10|13.895|15|35|51.7947|1000
0.8311361457334612,5|15|20|22|40|50|220
0.8311361457334612,5|15|20|25|40|50|220
0.8311361457334612,5|15|20|26.827|40|50|220
0.8311361457334612,7.19686|20|21.5443|25|30|51.7947|220
0.8311361457334612,3.72759|5|15|20|22|40|50|220
0.8311361457334612,3.72759|5|15|20|25|40|50|220
0.8311361457334612,3.72759|5|15|20|26.827|40|50|220
0.8311361457334612,4.64159|5|15|20|22|40|50|220
0.8311361457334612,4.64159|5|15|20|25|40|50|220
0.8311361457334612,4.64159|5|15|20|26.827|40|50|220
0.8311361457334612,4.64159|15|20|21.5443|25|35|50|220
0.8311361457334612,5|15|20|21.5443|26.827|40|50|220
0.8311361457334612,5|15|20|21.5443|35|40|50|220
0.8311361457334612,5|15|20|22|25|40|50|220
0.8311361457334612,5|15|20|22|26.827|40|50|220
0.8311361457334612,5|15|20|25|26.827|35|50|220
0.8311361457334612,5|15|20|25|35|40|50|220
0.8311361457334612,5|15|20|26.827|35|40|50|220
0.8311361457334612,7.19686|20|21.5443|22|25|30|51.7947|220
0.8311361457334612,7.19686|20|21.5443|25|30|35|51.7947|220
0.8311361457334612,7.19686|20|21.5443|25|30|40|51.7947|220
0.8310162991371045,3.72759|15|20|50|51.7947|220
0.8310162991371045,10|21.5443|26.827|50|51.7947|1000
0.8310162991371045,3.72759|15|20|21.5443|50|51.7947|220
0.8310162991371045,4.64159|15|25|26.827|30|50|220
0.8310162991371045,5|15|20|21.5443|35|50|220
0.8310162991371045,5|15|20|25|35|50|220
0.8310162991371045,5|15|20|26.827|35|50|220
0.8310162991371045,10|13.895|21.5443|26.827|50|51.7947|1000
0.8310162991371045,10|15|21.5443|26.827|50|51.7947|1000
0.8310162991371045,3.72759|5|15|20|21.5443|35|50|220
0.8310162991371045,3.72759|5|15|20|25|35|50|220
0.8310162991371045,3.72759|5|15|20|26.827|35|50|220
0.8310162991371045,3.72759|15|20|21.5443|22|50|51.7947|220
0.8310162991371045,3.72759|15|20|25|26.827|50|51.7947|220
0.8310162991371045,4.64159|5|15|20|21.5443|35|50|220
0.8310162991371045,4.64159|5|15|20|25|35|50|220
0.8310162991371045,4.64159|5|15|20|26.827|35|50|220
0.8310162991371045,4.64159|15|25|26.827|30|40|50|220
0.8310162991371045,5|15|20|21.5443|22|35|50|220
0.8310162991371045,5|15|20|21.5443|25|40|50|220
0.8310162991371045,5|15|20|21.5443|26.827|35|50|220
0.8310162991371045,5|15|20|22|25|35|50|220
0.8310162991371045,5|15|20|22|26.827|35|50|220
0.8310162991371045,7.19686|20|22|25|35|40|51.7947|220
0.8310162991371045,10|13.895|15|21.5443|26.827|50|51.7947|1000
0.8308964525407478,3.72759|15|20|40|51.7947|220
0.8308964525407478,3.72759|15|20|51.7947|60|220
0.8308964525407478,4.64159|15|20|21.5443|50|220
0.8308964525407478,4.64159|15|25|30|50|220
0.8308964525407478,3.72759|4.64159|5|15|20|50|220
0.8308964525407478,3.72759|4.64159|15|30|35|50|220
0.8308964525407478,3.72759|15|20|22|50|51.7947|220
0.8308964525407478,3.72759|15|20|25|50|51.7947|220
0.8308964525407478,3.72759|15|20|26.827|50|51.7947|220
0.8308964525407478,4.64159|15|20|21.5443|22|50|220
0.8308964525407478,4.64159|15|20|25|26.827|50|220
0.8308964525407478,4.64159|15|25|30|35|50|220
0.8308964525407478,4.64159|15|25|30|40|50|220
0.8308964525407478,7.19686|20|22|25|35|51.7947|220
0.8308964525407478,3.72759|4.64159|5|15|20|21.5443|50|220
0.8308964525407478,3.72759|4.64159|5|15|25|30|50|220
0.8308964525407478,3.72759|4.64159|15|30|35|40|50|220
0.8308964525407478,3.72759|15|20|21.5443|26.827|50|51.7947|220
0.8308964525407478,3.72759|15|20|22|25|50|51.7947|220
0.8308964525407478,3.72759|15|20|22|26.827|50|51.7947|220
0.8308964525407478,4.64159|15|20|21.5443|25|26.827|50|220
0.8308964525407478,4.64159|15|20|22|25|26.827|50|220
0.8308964525407478,4.64159|15|25|30|35|40|50|220
0.8308964525407478,5|15|20|21.5443|25|35|50|220
0.8308964525407478,7.19686|10|22|25|26.827|35|51.7947|220
0.8308964525407478,7.19686|10|22|25|35|40|51.7947|220
0.8308964525407478,7.19686|20|21.5443|25|35|40|51.7947|220
0.8307766059443912,4.64159|15|20|22|50|220
0.8307766059443912,4.64159|15|20|25|50|220
0.8307766059443912,4.64159|15|20|26.827|50|220
0.8307766059443912,7.19686|20|22|25|51.7947|220
0.8307766059443912,3.72759|15|20|21.5443|40|51.7947|220
0.8307766059443912,3.72759|15|20|21.5443|51.7947|60|220
0.8307766059443912,4.64159|15|20|21.5443|26.827|50|220
0.8307766059443912,4.64159|15|20|22|25|50|220
0.8307766059443912,4.64159|15|20|22|26.827|50|220
0.8307766059443912,5|15|25|26.827|30|50|220
0.8307766059443912,7.19686|10|22|25|35|51.7947|220
0.8307766059443912,7.19686|20|21.5443|25|26.827|51.7947|220
0.8307766059443912,7.19686|20|21.5443|25|35|51.7947|220
0.8307766059443912,7.19686|20|22|25|26.827|51.7947|220
0.8307766059443912,3.72759|4.64159|5|15|20|25|50|220
0.8307766059443912,3.72759|4.64159|5|15|20|26.827|50|220
0.8307766059443912,3.72759|15|20|21.5443|22|40|51.7947|220
0.8307766059443912,3.72759|15|20|21.5443|22|51.7947|60|220
0.8307766059443912,3.72759|15|20|21.5443|25|50|51.7947|220
0.8307766059443912,4.64159|5|15|25|26.827|30|50|220
0.8307766059443912,4.64159|15|20|21.5443|22|26.827|50|220
0.8307766059443912,5|15|25|26.827|30|35|50|220
0.8307766059443912,5|15|25|26.827|30|40|50|220
0.8307766059443912,7.19686|10|13.895|22|25|35|51.7947|220
0.8307766059443912,7.19686|10|15|22|25|35|51.7947|220
0.8307766059443912,7.19686|20|21.5443|22|25|26.827|51.7947|220
0.8307766059443912,7.19686|20|21.5443|22|25|35|51.7947|220
0.8306567593480345,3.72759|5|15|20|50|220
0.8306567593480345,5|15|20|21.5443|50|220
0.8306567593480345,5|15|25|30|50|220
0.8306567593480345,7.19686|20|21.5443|25|51.7947|220
0.8306567593480345,3.72759|5|15|20|21.5443|50|220
0.8306567593480345,3.72759|15|20|22|40|51.7947|220
0.8306567593480345,3.72759|15|20|22|51.7947|60|220
0.8306567593480345,4.64159|5|15|20|21.5443|50|220
0.8306567593480345,4.64159|5|15|25|30|50|220
0.8306567593480345,4.64159|15|20|21.5443|25|50|220
0.8306567593480345,5|15|20|21.5443|22|50|220
0.8306567593480345,5|15|20|25|26.827|50|220
0.8306567593480345,5|15|25|30|35|50|220
0.8306567593480345,5|15|25|30|40|50|220
0.8306567593480345,7.19686|20|21.5443|22|25|51.7947|220
0.8306567593480345,3.72759|5|15|20|21.5443|22|50|220
0.8306567593480345,3.72759|5|15|20|25|26.827|50|220
0.8306567593480345,4.64159|5|15|20|21.5443|22|50|220
0.8306567593480345,4.64159|5|15|20|25|26.827|50|220
0.8306567593480345,4.64159|5|15|25|30|35|50|220
0.8306567593480345,4.64159|5|15|25|30|40|50|220
0.8306567593480345,4.64159|15|20|21.5443|22|25|50|220
0.8306567593480345,5|15|20|21.5443|25|26.827|50|220
0.8306567593480345,5|15|20|22|25|26.827|50|220
0.8306567593480345,5|15|25|30|35|40|50|220
0.8306567593480345,7.19686|15|20|25|40|51.7947|60|220
0.8305369127516778,10|20|35|50|1000
0.8305369127516778,3.72759|4.64159|15|30|50|220
0.8305369127516778,3.72759|15|20|40|50|220
0.8305369127516778,5|15|20|22|50|220
0.8305369127516778,5|15|20|25|50|220
0.8305369127516778,5|15|20|26.827|50|220
0.8305369127516778,10|13.895|20|35|50|1000
0.8305369127516778,10|15|20|35|50|1000
0.8305369127516778,3.72759|4.64159|15|30|40|50|220
0.8305369127516778,3.72759|5|15|20|22|50|220
0.8305369127516778,3.72759|5|15|20|25|50|220
0.8305369127516778,3.72759|5|15|20|26.827|50|220
0.8305369127516778,3.72759|15|20|21.5443|40|50|220
0.8305369127516778,4.64159|5|15|20|22|50|220
0.8305369127516778,4.64159|5|15|20|25|50|220
0.8305369127516778,4.64159|5|15|20|26.827|50|220
0.8305369127516778,5|15|20|21.5443|26.827|50|220
0.8305369127516778,5|15|20|22|25|50|220
0.8305369127516778,5|15|20|22|26.827|50|220
0.8305369127516778,7.19686|10|22|25|40|51.7947|220
0.8305369127516778,10|13.895|15|20|35|50|1000
0.8305369127516778,3.72759|5|15|20|21.5443|26.827|50|220
0.8305369127516778,3.72759|5|15|20|22|26.827|50|220
0.8305369127516778,3.72759|15|20|21.5443|22|40|50|220
0.8305369127516778,3.72759|15|20|25|26.827|40|50|220
0.8305369127516778,4.64159|5|15|20|21.5443|26.827|50|220
0.8305369127516778,4.64159|5|15|20|22|25|50|220
0.8305369127516778,4.64159|5|15|20|22|26.827|50|220
0.8305369127516778,5|15|20|21.5443|22|26.827|50|220
0.8305369127516778,7.19686|10|13.895|22|25|40|51.7947|220
0.8305369127516778,7.19686|10|15|22|25|40|51.7947|220
0.8305369127516778,7.19686|10|22|25|26.827|40|51.7947|220
0.8305369127516778,7.19686|15|20|25|30|51.7947|60|220
0.8304170661553212,3.72759|15|20|22|40|50|220
0.8304170661553212,3.72759|15|20|25|40|50|220
0.8304170661553212,3.72759|15|20|26.827|40|50|220
0.8304170661553212,5|15|20|21.5443|25|50|220
0.8304170661553212,3.72759|5|15|20|21.5443|25|50|220
0.8304170661553212,3.72759|15|20|21.5443|26.827|40|50|220
0.8304170661553212,3.72759|15|20|21.5443|35|40|50|220
0.8304170661553212,3.72759|15|20|22|26.827|40|50|220
0.8304170661553212,3.72759|15|20|25|26.827|35|50|220
0.8304170661553212,3.72759|15|20|25|35|40|50|220
0.8304170661553212,3.72759|15|20|26.827|35|40|50|220
0.8304170661553212,4.64159|5|15|20|21.5443|25|50|220
0.8304170661553212,5|15|20|21.5443|22|25|50|220
0.8302972195589645,3.72759|15|20|51.7947|220
0.8302972195589645,4.64159|15|30|35|50|220
0.8302972195589645,3.72759|15|20|21.5443|35|50|220
0.8302972195589645,3.72759|15|20|25|35|50|220
0.8302972195589645,3.72759|15|20|26.827|35|50|220
0.8302972195589645,4.64159|15|30|35|40|50|220
0.8302972195589645,3.72759|4.64159|5|15|30|35|50|220
0.8302972195589645,3.72759|15|20|21.5443|22|35|50|220
0.8302972195589645,3.72759|15|20|21.5443|25|40|50|220
0.8302972195589645,3.72759|15|20|21.5443|26.827|35|50|220
0.8302972195589645,3.72759|15|20|22|25|35|50|220
0.8302972195589645,3.72759|15|20|22|26.827|35|50|220
0.8302972195589645,7.19686|10|22|25|30|50|60|220
0.8301773729626079,3.72759|15|20|21.5443|51.7947|220
0.8301773729626079,10|20|26.827|35|50|1000
0.8301773729626079,3.72759|15|20|21.5443|22|51.7947|220
0.8301773729626079,7.19686|10|22|25|26.827|51.7947|220
0.8301773729626079,10|15|20|26.827|35|50|1000
0.8301773729626079,3.72759|15|20|21.5443|25|35|50|220
0.8301773729626079,7.19686|10|13.895|22|25|26.827|51.7947|220
0.8301773729626079,7.19686|10|15|22|25|26.827|51.7947|220
0.8301773729626079,7.19686|10|22|25|30|35|50|220
0.8301773729626079,7.19686|10|22|25|30|35|51.7947|220
0.8301773729626079,7.19686|15|20|25|35|51.7947|60|220
0.8301773729626079,7.19686|20|22|25|30|50|51.7947|220
0.8300575263662512,3.72759|13.895|22|40|51.7947|220
0.8300575263662512,3.72759|15|20|22|51.7947|220
0.8300575263662512,7.19686|10|22|25|51.7947|220
0.8300575263662512,3.72759|13.895|15|22|40|51.7947|220
0.8300575263662512,4.64159|5|15|30|35|50|220
0.8300575263662512,7.19686|10|13.895|22|25|51.7947|220
0.8300575263662512,7.19686|10|15|22|25|51.7947|220
0.8300575263662512,7.19686|15|20|25|40|51.7947|220
0.8300575263662512,4.64159|5|15|30|35|40|50|220
0.8300575263662512,7.19686|10|13.895|15|22|25|51.7947|220
0.8300575263662512,7.19686|15|20|22|25|40|51.7947|220
0.8300575263662512,7.19686|15|20|25|26.827|30|51.7947|220
0.8300575263662512,7.19686|15|20|25|26.827|40|51.7947|220
0.8300575263662512,7.19686|20|21.5443|25|30|50|51.7947|220
0.8299376797698945,3.72759|15|20|50|220
0.8299376797698945,4.64159|15|30|50|220
0.8299376797698945,3.72759|15|20|21.5443|50|220
0.8299376797698945,4.64159|15|30|40|50|220
0.8299376797698945,3.72759|4.64159|5|15|30|50|220
0.8299376797698945,3.72759|15|20|21.5443|22|50|220
0.8299376797698945,3.72759|15|20|25|26.827|50|220
0.8299376797698945,7.19686|15|20|25|30|51.7947|220
0.8299376797698945,3.72759|4.64159|5|15|30|40|50|220
0.8299376797698945,3.72759|15|20|21.5443|25|26.827|50|220
0.8299376797698945,7.19686|15|20|21.5443|25|40|51.7947|220
0.8299376797698945,7.19686|15|20|22|25|30|51.7947|220
0.8299376797698945,7.19686|15|20|25|26.827|35|51.7947|220
0.8299376797698945,7.19686|15|20|25|30|35|51.7947|220
0.8299376797698945,7.19686|15|20|25|30|40|51.7947|220
0.8298178331735379,3.72759|15|20|22|50|220
0.8298178331735379,3.72759|15|20|25|50|220
0.8298178331735379,3.72759|15|20|26.827|50|220
0.8298178331735379,10|20|35|50|51.7947|1000
0.8298178331735379,3.72759|15|20|21.5443|26.827|50|220
0.8298178331735379,3.72759|15|20|22|26.827|50|220
0.8298178331735379,10|13.895|20|35|50|51.7947|1000
0.8298178331735379,10|15|20|35|50|51.7947|1000
0.8298178331735379,3.72759|15|20|21.5443|22|26.827|50|220
0.8298178331735379,7.19686|13.895|20|25|35|51.7947|60|220
0.8298178331735379,7.19686|15|20|21.5443|25|30|51.7947|220
0.8298178331735379,10|13.895|15|20|35|50|51.7947|1000
0.8296979865771812,3.72759|5|15|30|50|220
0.8296979865771812,3.72759|13.895|25|30|51.7947|220
0.8296979865771812,4.64159|5|15|30|50|220
0.8296979865771812,5|15|20|40|51.7947|220
0.8296979865771812,3.72759|5|15|20|40|51.7947|220
0.8296979865771812,3.72759|5|15|30|40|50|220
0.8296979865771812,3.72759|13.895|15|25|30|51.7947|220
0.8296979865771812,3.72759|13.895|25|30|35|51.7947|220
0.8296979865771812,3.72759|13.895|25|30|40|51.7947|220
0.8296979865771812,3.72759|15|20|21.5443|25|50|220
0.8296979865771812,4.64159|5|15|30|40|50|220
0.8296979865771812,7.19686|10|22|25|30|50|220
0.8296979865771812,7.19686|10|22|25|30|51.7947|220
0.8296979865771812,3.72759|4.64159|15|25|26.827|40|50|220
0.8296979865771812,3.72759|13.895|15|25|30|35|51.7947|220
0.8296979865771812,3.72759|13.895|15|25|30|40|51.7947|220
0.8296979865771812,3.72759|13.895|25|30|35|40|51.7947|220
0.8296979865771812,7.19686|10|13.895|22|25|30|50|220
0.8296979865771812,7.19686|10|13.895|22|25|30|51.7947|220
0.8296979865771812,7.19686|10|15|22|25|30|50|220
0.8296979865771812,7.19686|10|15|22|25|30|51.7947|220
0.8296979865771812,7.19686|10|22|25|26.827|30|50|220
0.8296979865771812,7.19686|10|22|25|26.827|30|51.7947|220
0.8296979865771812,7.19686|10|22|25|30|40|50|220
0.8296979865771812,7.19686|10|22|25|30|40|51.7947|220
0.8296979865771812,7.19686|15|20|25|35|40|51.7947|220
0.8295781399808245,3.72759|13.895|22|51.7947|220
0.8295781399808245,3.72759|13.895|15|22|51.7947|220
0.8295781399808245,3.72759|4.64159|15|25|40|50|220
0.8295781399808245,5|15|20|21.5443|40|51.7947|220
0.8295781399808245,7.19686|10|22|25|40|50|220
0.8295781399808245,7.19686|15|20|25|35|51.7947|220
0.8295781399808245,3.72759|4.64159|15|25|26.827|35|50|220
0.8295781399808245,3.72759|4.64159|15|25|35|40|50|220
0.8295781399808245,3.72759|5|15|20|21.5443|40|51.7947|220
0.8295781399808245,5|15|20|21.5443|22|40|51.7947|220
0.8295781399808245,7.19686|10|13.895|22|25|40|50|220
0.8295781399808245,7.19686|10|15|22|25|40|50|220
0.8295781399808245,7.19686|10|22|25|35|50|60|220
0.8295781399808245,7.19686|15|20|22|25|35|51.7947|220
0.8294582933844679,7.19686|15|20|25|51.7947|220
0.8294582933844679,3.72759|4.64159|15|25|35|50|220
0.8294582933844679,3.72759|15|21.5443|22|40|51.7947|220
0.8294582933844679,5|15|20|22|40|51.7947|220
0.8294582933844679,7.19686|15|20|22|25|51.7947|220
0.8294582933844679,7.19686|15|20|25|26.827|51.7947|220
0.8294582933844679,3.72759|5|15|20|22|40|51.7947|220
0.8294582933844679,7.19686|15|20|21.5443|25|26.827|51.7947|220
0.8294582933844679,7.19686|15|20|21.5443|25|35|51.7947|220
0.8294582933844679,7.19686|15|20|22|25|26.827|51.7947|220
0.8294582933844679,3.72759|4.64159|15|20|30|50|220|1000
0.8293384467881112,3.72759|4.64159|15|25|26.827|50|220
0.8293384467881112,7.19686|13.895|20|25|40|51.7947|220
0.8293384467881112,7.19686|15|20|21.5443|25|51.7947|220
0.8293384467881112,7.19686|20|25|26.827|30|50|220
0.8293384467881112,3.72759|13.895|25|26.827|30|50|51.7947|220
0.8293384467881112,7.19686|13.895|15|20|25|40|51.7947|220
0.8293384467881112,7.19686|13.895|20|22|25|40|51.7947|220
0.8293384467881112,7.19686|13.895|20|25|35|40|51.7947|220
0.8293384467881112,7.19686|15|20|21.5443|22|25|51.7947|220
0.8293384467881112,7.19686|20|21.5443|25|26.827|30|50|220
0.8293384467881112,7.19686|20|22|25|26.827|30|50|220
0.8293384467881112,7.19686|20|25|26.827|30|35|50|220
0.8293384467881112,7.19686|20|25|26.827|30|40|50|220
0.8292186001917545,3.72759|4.64159|15|25|50|220
0.8292186001917545,7.19686|20|25|30|50|220
0.8292186001917545,3.72759|13.895|25|30|50|51.7947|220
0.8292186001917545,7.19686|13.895|20|25|35|51.7947|220
0.8292186001917545,7.19686|20|22|25|30|50|220
0.8292186001917545,7.19686|20|25|30|35|50|220
0.8292186001917545,7.19686|20|25|30|40|50|220
0.8292186001917545,3.72759|13.895|15|25|30|50|51.7947|220
0.8292186001917545,3.72759|13.895|25|30|35|50|51.7947|220
0.8292186001917545,3.72759|13.895|25|30|40|50|51.7947|220
0.8292186001917545,7.19686|13.895|15|20|25|35|51.7947|220
0.8292186001917545,7.19686|13.895|20|21.5443|25|40|51.7947|220
0.8292186001917545,7.19686|13.895|20|22|25|35|51.7947|220
0.8292186001917545,7.19686|20|22|25|30|35|50|220
0.8292186001917545,7.19686|20|22|25|30|40|50|220
0.8292186001917545,7.19686|20|25|30|35|40|50|220
0.8290987535953979,5|15|20|51.7947|220
0.8290987535953979,3.72759|5|15|20|51.7947|220
0.8290987535953979,3.72759|13.895|30|35|51.7947|220
0.8290987535953979,7.19686|10|22|25|50|220
0.8290987535953979,3.72759|13.895|15|30|35|51.7947|220
0.8290987535953979,3.72759|13.895|30|35|40|51.7947|220
0.8290987535953979,4.64159|15|25|26.827|40|50|220
0.8290987535953979,7.19686|10|13.895|22|25|50|220
0.8290987535953979,7.19686|10|15|22|25|50|220
0.8290987535953979,7.19686|20|21.5443|25|30|50|220
0.8290987535953979,3.72759|13.895|15|30|35|40|51.7947|220
0.8290987535953979,4.64159|15|25|26.827|35|40|50|220
0.8290987535953979,7.19686|10|13.895|15|22|25|50|220
0.8290987535953979,7.19686|10|21.5443|25|35|51.7947|60|220
0.8290987535953979,7.19686|10|22|25|35|40|50|220
0.8290987535953979,7.19686|13.895|20|21.5443|25|35|51.7947|220
0.8290987535953979,7.19686|20|21.5443|22|25|30|50|220
0.8290987535953979,7.19686|20|21.5443|25|30|35|50|220
0.8290987535953979,7.19686|20|21.5443|25|30|40|50|220
0.8289789069990412,3.72759|15|30|50|220
0.8289789069990412,10|13.895|35|50|1000
0.8289789069990412,10|15|35|50|1000
0.8289789069990412,3.72759|15|21.5443|22|51.7947|220
0.8289789069990412,3.72759|15|30|40|50|220
0.8289789069990412,4.64159|15|25|40|50|220
0.8289789069990412,5|15|20|21.5443|51.7947|220
0.8289789069990412,10|13.895|15|35|50|1000
0.8289789069990412,3.72759|5|15|20|21.5443|51.7947|220
0.8289789069990412,4.64159|15|25|26.827|35|50|220
0.8289789069990412,4.64159|15|25|35|40|50|220
0.8289789069990412,5|15|20|21.5443|22|51.7947|220
0.8289789069990412,7.19686|10|22|25|35|50|220
0.8289789069990412,3.72759|4.64159|5|15|25|40|50|220
0.8289789069990412,3.72759|5|15|20|21.5443|22|51.7947|220
0.8289789069990412,7.19686|10|13.895|22|25|35|50|220
0.8289789069990412,7.19686|10|15|22|25|35|50|220
0.8289789069990412,7.19686|10|20|25|35|51.7947|60|220
0.8289789069990412,7.19686|10|22|25|26.827|35|50|220
0.8289789069990412,7.19686|15|21.5443|25|26.827|30|51.7947|220
0.8289789069990412,7.19686|15|21.5443|25|26.827|40|51.7947|220
0.8288590604026845,4.64159|15|25|35|50|220
0.8288590604026845,5|15|20|22|51.7947|220
0.8288590604026845,3.72759|5|15|20|22|51.7947|220
0.8288590604026845,5|15|25|26.827|40|50|220
0.8288590604026845,7.19686|15|21.5443|25|40|51.7947|220
0.8288590604026845,3.72759|4.64159|5|15|25|35|50|220
0.8288590604026845,4.64159|5|15|25|26.827|40|50|220
0.8288590604026845,5|15|25|26.827|35|40|50|220
0.8288590604026845,7.19686|10|22|25|26.827|50|60|220
0.8288590604026845,7.19686|15|20|25|30|50|51.7947|220
0.8288590604026845,7.19686|15|21.5443|22|25|40|51.7947|220
0.8288590604026845,7.19686|15|21.5443|25|26.827|35|51.7947|220
0.8287392138063279,3.72759|13.895|30|51.7947|220
0.8287392138063279,3.72759|13.895|15|30|51.7947|220
0.8287392138063279,3.72759|13.895|30|40|51.7947|220
0.8287392138063279,4.64159|15|25|26.827|50|220
0.8287392138063279,5|15|25|40|50|220
0.8287392138063279,7.19686|13.895|20|25|51.7947|220
0.8287392138063279,3.72759|13.895|15|30|40|51.7947|220
0.8287392138063279,4.64159|5|15|25|40|50|220
0.8287392138063279,5|15|25|26.827|35|50|220
0.8287392138063279,5|15|25|35|40|50|220
0.8287392138063279,7.19686|13.895|15|20|25|51.7947|220
0.8287392138063279,7.19686|13.895|20|22|25|51.7947|220
0.8287392138063279,7.19686|15|21.5443|25|30|51.7947|220
0.8287392138063279,3.72759|4.64159|5|15|25|26.827|50|220
0.8287392138063279,3.72759|5|15|25|26.827|35|50|220
0.8287392138063279,4.64159|5|15|25|26.827|35|50|220
0.8287392138063279,4.64159|5|15|25|35|40|50|220
0.8287392138063279,7.19686|13.895|15|20|22|25|51.7947|220
0.8287392138063279,7.19686|13.895|20|25|26.827|30|51.7947|220
0.8287392138063279,7.19686|13.895|20|25|26.827|40|51.7947|220
0.8287392138063279,7.19686|15|21.5443|22|25|30|51.7947|220
0.8287392138063279,7.19686|15|21.5443|25|30|35|51.7947|220
0.8287392138063279,7.19686|15|21.5443|25|30|40|51.7947|220
0.8286193672099712,3.72759|13.895|35|51.7947|220
0.8286193672099712,4.64159|15|25|50|220
0.8286193672099712,3.72759|13.895|15|35|51.7947|220
0.8286193672099712,3.72759|13.895|26.827|30|51.7947|220
0.8286193672099712,5|15|25|35|50|220
0.8286193672099712,3.72759|4.64159|5|15|25|50|220
0.8286193672099712,3.72759|4.64159|15|35|40|50|220
0.8286193672099712,3.72759|5|15|25|35|50|220
0.8286193672099712,3.72759|13.895|15|26.827|30|51.7947|220
0.8286193672099712,3.72759|13.895|26.827|30|35|51.7947|220
0.8286193672099712,3.72759|13.895|26.827|30|40|51.7947|220
0.8286193672099712,3.72759|13.895|30|35|50|51.7947|220
0.8286193672099712,4.64159|5|15|25|35|50|220
0.8286193672099712,7.19686|13.895|20|21.5443|25|51.7947|220
0.8286193672099712,7.19686|13.895|20|25|30|51.7947|220
0.8286193672099712,7.19686|15|21.5443|25|26.827|51.7947|220
0.8286193672099712,3.72759|13.895|15|26.827|30|35|51.7947|220
0.8286193672099712,3.72759|13.895|15|26.827|30|40|51.7947|220
0.8286193672099712,3.72759|13.895|15|30|35|50|51.7947|220
0.8286193672099712,3.72759|13.895|26.827|30|35|40|51.7947|220
0.8286193672099712,3.72759|13.895|30|35|40|50|51.7947|220
0.8286193672099712,7.19686|10|21.5443|25|26.827|35|51.7947|220
0.8286193672099712,7.19686|10|21.5443|25|35|40|51.7947|220
0.8286193672099712,7.19686|10|22|25|26.827|40|50|220
0.8286193672099712,7.19686|10|22|25|30|50|51.7947|220
0.8286193672099712,7.19686|13.895|15|20|21.5443|25|51.7947|220
0.8286193672099712,7.19686|13.895|15|20|25|30|51.7947|220
0.8286193672099712,7.19686|13.895|20|21.5443|22|25|51.7947|220
0.8286193672099712,7.19686|13.895|20|22|25|30|51.7947|220
0.8286193672099712,7.19686|13.895|20|25|26.827|35|51.7947|220
0.8286193672099712,7.19686|13.895|20|25|30|35|51.7947|220
0.8286193672099712,7.19686|13.895|20|25|30|40|51.7947|220
0.8286193672099712,7.19686|15|21.5443|22|25|26.827|51.7947|220
0.8286193672099712,3.72759|5|15|20|30|50|220|1000
0.8284995206136145,3.72759|4.64159|15|35|50|220
0.8284995206136145,5|15|25|26.827|50|220
0.8284995206136145,3.72759|5|15|25|26.827|50|220
0.8284995206136145,4.64159|5|15|25|26.827|50|220
0.8284995206136145,7.19686|10|21.5443|25|35|51.7947|220
0.8284995206136145,3.72759|4.64159|15|20|21.5443|40|51.7947|220
0.8284995206136145,7.19686|10|13.895|21.5443|25|35|51.7947|220
0.8284995206136145,7.19686|10|15|21.5443|25|35|51.7947|220
0.8284995206136145,7.19686|10|20|25|26.827|35|51.7947|220
0.8284995206136145,7.19686|10|20|25|35|40|51.7947|220
0.8284995206136145,7.19686|10|21.5443|22|25|35|51.7947|220
0.8284995206136145,7.19686|10|21.5443|25|26.827|51.7947|60|220
0.8284995206136145,7.19686|10|22|25|40|50|51.7947|220
0.8284995206136145,7.19686|13.895|20|21.5443|25|30|51.7947|220
0.8284995206136145,7.19686|15|21.5443|25|35|40|51.7947|220
0.8284995206136145,4.64159|15|20|25|30|50|220|1000
0.8283796740172579,5|15|25|50|220
0.8283796740172579,3.72759|5|15|25|50|220
0.8283796740172579,4.64159|5|15|25|50|220
0.8283796740172579,7.19686|15|21.5443|25|51.7947|220
0.8283796740172579,7.19686|10|20|25|35|51.7947|220
0.8283796740172579,7.19686|15|21.5443|22|25|51.7947|220
0.8283796740172579,7.19686|15|21.5443|25|35|51.7947|220
0.8283796740172579,7.19686|10|13.895|20|25|35|51.7947|220
0.8283796740172579,7.19686|10|15|20|25|35|51.7947|220
0.8283796740172579,7.19686|10|20|21.5443|25|35|51.7947|220
0.8283796740172579,7.19686|10|20|22|25|35|51.7947|220
0.8283796740172579,7.19686|15|21.5443|22|25|35|51.7947|220
0.8283796740172579,10|13.895|22|25|35|51.7947|60|220
0.8282598274209012,3.72759|13.895|30|50|51.7947|220
0.8282598274209012,3.72759|20|40|51.7947|220|1000
0.8282598274209012,10|13.895|35|50|51.7947|1000
0.8282598274209012,10|15|35|50|51.7947|1000
0.8282598274209012,3.72759|13.895|15|30|50|51.7947|220
0.8282598274209012,3.72759|13.895|25|26.827|30|50|220
0.8282598274209012,3.72759|13.895|30|40|50|51.7947|220
0.8282598274209012,7.19686|10|21.5443|25|40|51.7947|220
0.8282598274209012,7.19686|10|22|25|26.827|50|220
0.8282598274209012,10|13.895|15|35|50|51.7947|1000
0.8282598274209012,3.72759|13.895|15|25|26.827|30|50|220
0.8282598274209012,3.72759|13.895|15|30|40|50|51.7947|220
0.8282598274209012,3.72759|13.895|25|26.827|30|35|50|220
0.8282598274209012,3.72759|13.895|25|26.827|30|40|50|220
0.8282598274209012,7.19686|10|13.895|21.5443|25|40|51.7947|220
0.8282598274209012,7.19686|10|13.895|22|25|26.827|50|220
0.8282598274209012,7.19686|10|15|21.5443|25|40|51.7947|220
0.8282598274209012,7.19686|10|15|22|25|26.827|50|220
0.8282598274209012,7.19686|10|21.5443|22|25|40|51.7947|220
0.8282598274209012,7.19686|10|21.5443|25|26.827|40|51.7947|220
0.8282598274209012,7.19686|20|22|25|40|50|51.7947|220
0.8282598274209012,5|15|20|25|30|50|220|1000
0.8281399808245445,3.72759|13.895|25|30|50|220
0.8281399808245445,3.72759|13.895|15|25|30|50|220
0.8281399808245445,3.72759|13.895|25|30|35|50|220
0.8281399808245445,3.72759|13.895|25|30|40|50|220
0.8281399808245445,3.72759|13.895|26.827|30|50|51.7947|220
0.8281399808245445,7.19686|10|20|25|40|51.7947|220
0.8281399808245445,7.19686|13.895|20|25|26.827|51.7947|220
0.8281399808245445,7.19686|13.895|21.5443|25|40|51.7947|220
0.8281399808245445,3.72759|20|21.5443|40|51.7947|220|1000
0.8281399808245445,3.72759|21.5443|22|40|51.7947|220|1000
0.8281399808245445,10|13.895|26.827|35|50|51.7947|1000
0.8281399808245445,3.72759|13.895|15|25|30|35|50|220
0.8281399808245445,3.72759|13.895|15|25|30|40|50|220
0.8281399808245445,3.72759|13.895|15|26.827|30|50|51.7947|220
0.8281399808245445,3.72759|13.895|25|30|35|40|50|220
0.8281399808245445,3.72759|13.895|26.827|30|35|50|51.7947|220
0.8281399808245445,3.72759|13.895|26.827|30|40|50|51.7947|220
0.8281399808245445,7.19686|10|13.895|20|25|40|51.7947|220
0.8281399808245445,7.19686|10|15|20|25|40|51.7947|220
0.8281399808245445,7.19686|10|20|21.5443|25|40|51.7947|220
0.8281399808245445,7.19686|10|20|22|25|40|51.7947|220
0.8281399808245445,7.19686|10|20|25|26.827|40|51.7947|220
0.8281399808245445,7.19686|10|20|25|26.827|51.7947|60|220
0.8281399808245445,7.19686|10|25|26.827|35|51.7947|60|220
0.8281399808245445,7.19686|13.895|15|20|25|26.827|51.7947|220
0.8281399808245445,7.19686|13.895|15|21.5443|25|40|51.7947|220
0.8281399808245445,7.19686|13.895|20|21.5443|25|26.827|51.7947|220
0.8281399808245445,7.19686|13.895|20|22|25|26.827|51.7947|220
0.8281399808245445,7.19686|13.895|21.5443|22|25|40|51.7947|220
0.8281399808245445,7.19686|13.895|21.5443|25|35|40|51.7947|220
0.8281399808245445,7.19686|20|21.5443|25|40|50|51.7947|220
0.8281399808245445,7.19686|20|22|25|35|50|51.7947|220
0.8281399808245445,3.72759|4.64159|15|20|35|50|220|1000
0.8281399808245445,3.72759|20|21.5443|22|40|51.7947|220|1000
0.8281399808245445,4.64159|15|20|21.5443|30|50|220|1000
0.8281399808245445,4.64159|15|20|22|30|50|220|1000
0.8281399808245445,10|13.895|15|26.827|35|50|51.7947|1000
0.8280201342281879,4.64159|15|35|40|50|220
0.8280201342281879,7.19686|10|22|25|50|51.7947|220
0.8280201342281879,7.19686|10|25|35|51.7947|60|220
0.8280201342281879,7.19686|13.895|21.5443|25|35|51.7947|220
0.8280201342281879,3.72759|20|22|40|51.7947|220|1000
0.8280201342281879,3.72759|4.64159|5|15|35|40|50|220
0.8280201342281879,7.19686|10|13.895|22|25|50|51.7947|220
0.8280201342281879,7.19686|10|13.895|25|35|51.7947|60|220
0.8280201342281879,7.19686|10|15|22|25|50|51.7947|220
0.8280201342281879,7.19686|10|15|25|35|51.7947|60|220
0.8280201342281879,7.19686|10|21.5443|25|30|51.7947|60|220
0.8280201342281879,7.19686|13.895|15|21.5443|25|35|51.7947|220
0.8280201342281879,7.19686|13.895|21.5443|22|25|35|51.7947|220
0.8280201342281879,7.19686|15|20|25|26.827|30|50|220
0.8280201342281879,7.19686|20|21.5443|25|35|50|51.7947|220
0.8279002876318312,4.64159|15|35|50|220
0.8279002876318312,3.72759|13.895|21.5443|40|51.7947|220
0.8279002876318312,3.72759|4.64159|5|15|35|50|220
0.8279002876318312,3.72759|4.64159|15|20|21.5443|51.7947|220
0.8279002876318312,3.72759|13.895|15|21.5443|40|51.7947|220
0.8279002876318312,3.72759|13.895|21.5443|22|40|51.7947|220
0.8279002876318312,4.64159|15|20|21.5443|40|51.7947|220
0.8279002876318312,7.19686|10|21.5443|25|26.827|51.7947|220
0.8279002876318312,7.19686|15|20|25|30|50|220
0.8279002876318312,3.72759|15|20|30|50|220|1000
0.8279002876318312,3.72759|4.64159|15|20|21.5443|22|51.7947|220
0.8279002876318312,3.72759|13.895|15|21.5443|22|40|51.7947|220
0.8279002876318312,4.64159|15|20|21.5443|22|40|51.7947|220
0.8279002876318312,7.19686|10|13.895|21.5443|25|26.827|51.7947|220
0.8279002876318312,7.19686|10|15|21.5443|25|26.827|51.7947|220
0.8279002876318312,7.19686|10|20|25|30|51.7947|60|220
0.8279002876318312,7.19686|10|21.5443|22|25|26.827|51.7947|220
0.8279002876318312,7.19686|10|21.5443|25|30|35|51.7947|220
0.8279002876318312,7.19686|10|22|25|35|50|51.7947|220
0.8279002876318312,7.19686|15|20|22|25|30|50|220
0.8279002876318312,7.19686|15|20|25|30|35|50|220
0.8279002876318312,7.19686|15|20|25|30|40|50|220
0.8279002876318312,10|13.895|22|25|35|40|51.7947|220
0.8279002876318312,3.72759|15|20|30|40|50|220|1000
0.8279002876318312,5|15|20|21.5443|30|50|220|1000
0.8279002876318312,5|15|20|22|30|50|220|1000
0.8277804410354745,3.72759|13.895|20|40|51.7947|220
0.8277804410354745,5|15|35|40|50|220
0.8277804410354745,7.19686|10|21.5443|25|51.7947|220
0.8277804410354745,3.72759|5|15|35|40|50|220
0.8277804410354745,3.72759|13.895|15|20|40|51.7947|220
0.8277804410354745,3.72759|13.895|20|21.5443|40|51.7947|220
0.8277804410354745,4.64159|5|15|35|40|50|220
0.8277804410354745,7.19686|10|13.895|21.5443|25|51.7947|220
0.8277804410354745,7.19686|10|15|21.5443|25|51.7947|220
0.8277804410354745,7.19686|10|21.5443|22|25|51.7947|220
0.8277804410354745,7.19686|10|22|30|35|50|220
0.8277804410354745,10|13.895|22|25|35|51.7947|220
0.8277804410354745,3.72759|13.895|15|20|21.5443|40|51.7947|220
0.8277804410354745,3.72759|13.895|20|21.5443|22|40|51.7947|220
0.8277804410354745,7.19686|10|13.895|15|21.5443|25|51.7947|220
0.8277804410354745,7.19686|10|13.895|21.5443|22|25|51.7947|220
0.8277804410354745,7.19686|10|13.895|22|30|35|50|220
0.8277804410354745,7.19686|10|15|21.5443|22|25|51.7947|220
0.8277804410354745,7.19686|10|15|22|30|35|50|220
0.8277804410354745,7.19686|10|20|25|30|35|51.7947|220
0.8277804410354745,7.19686|10|22|30|35|40|50|220
0.8277804410354745,7.19686|15|20|21.5443|25|30|50|220
0.8277804410354745,7.19686|20|21.5443|25|26.827|50|51.7947|220
0.8277804410354745,7.19686|20|22|25|26.827|50|51.7947|220
0.8277804410354745,10|22|25|30|35|50|60|220
0.8277804410354745,10|22|25|30|35|51.7947|60|220
0.8276605944391179,5|15|35|50|220
0.8276605944391179,3.72759|20|51.7947|220|1000
0.8276605944391179,3.72759|5|15|35|50|220
0.8276605944391179,4.64159|5|15|35|50|220
0.8276605944391179,3.72759|21.5443|22|51.7947|220|1000
0.8276605944391179,3.72759|13.895|20|22|40|51.7947|220
0.8276605944391179,7.19686|20|22|25|50|51.7947|220
0.8276605944391179,3.72759|13.895|15|20|22|40|51.7947|220
0.8276605944391179,4.64159|5|15|20|21.5443|40|51.7947|220
0.8276605944391179,7.19686|10|25|26.827|35|40|51.7947|220
0.8276605944391179,7.19686|15|21.5443|25|30|50|51.7947|220
0.8276605944391179,7.19686|20|21.5443|26.827|30|50|51.7947|220
0.8276605944391179,7.19686|20|22|26.827|30|50|51.7947|220
0.8275407478427612,3.72759|13.895|30|35|50|220
0.8275407478427612,7.19686|10|20|25|51.7947|220
0.8275407478427612,3.72759|20|21.5443|51.7947|220|1000
0.8275407478427612,3.72759|13.895|15|30|35|50|220
0.8275407478427612,3.72759|13.895|30|35|40|50|220
0.8275407478427612,7.19686|10|13.895|20|25|51.7947|220
0.8275407478427612,7.19686|10|15|20|25|51.7947|220
0.8275407478427612,7.19686|10|20|21.5443|25|51.7947|220
0.8275407478427612,7.19686|10|20|22|25|51.7947|220
0.8275407478427612,7.19686|10|20|25|26.827|51.7947|220
0.8275407478427612,7.19686|10|25|26.827|35|51.7947|220
0.8275407478427612,7.19686|10|25|35|40|51.7947|220
0.8275407478427612,7.19686|20|21.5443|25|50|51.7947|220
0.8275407478427612,10|13.895|22|25|40|51.7947|220
0.8275407478427612,3.72759|20|21.5443|22|51.7947|220|1000
0.8275407478427612,3.72759|13.895|15|30|35|40|50|220
0.8275407478427612,7.19686|10|13.895|15|20|25|51.7947|220
0.8275407478427612,7.19686|10|13.895|20|21.5443|25|51.7947|220
0.8275407478427612,7.19686|10|13.895|20|22|25|51.7947|220
0.8275407478427612,7.19686|10|13.895|20|25|26.827|51.7947|220
0.8275407478427612,7.19686|10|13.895|25|26.827|35|51.7947|220
0.8275407478427612,7.19686|10|13.895|25|35|40|51.7947|220
0.8275407478427612,7.19686|10|15|20|21.5443|25|51.7947|220
0.8275407478427612,7.19686|10|15|20|22|25|51.7947|220
0.8275407478427612,7.19686|10|15|20|25|26.827|51.7947|220
0.8275407478427612,7.19686|10|15|25|26.827|35|51.7947|220
0.8275407478427612,7.19686|10|15|25|35|40|51.7947|220
0.8275407478427612,7.19686|10|20|21.5443|22|25|51.7947|220
0.8275407478427612,7.19686|10|20|21.5443|25|26.827|51.7947|220
0.8275407478427612,7.19686|10|20|22|25|26.827|51.7947|220
0.8275407478427612,7.19686|10|22|26.827|30|35|50|220
0.8275407478427612,7.19686|13.895|20|25|30|50|51.7947|220
0.8275407478427612,7.19686|13.895|21.5443|25|26.827|35|51.7947|220
0.8275407478427612,7.19686|20|21.5443|22|25|50|51.7947|220
0.8275407478427612,3.72759|15|20|25|30|50|220|1000
0.8275407478427612,3.72759|15|20|26.827|30|50|220|1000
0.8274209012464045,3.72759|13.895|21.5443|51.7947|220
0.8274209012464045,3.72759|13.895|15|21.5443|51.7947|220
0.8274209012464045,3.72759|13.895|21.5443|22|51.7947|220
0.8274209012464045,7.19686|10|25|35|51.7947|220
0.8274209012464045,3.72759|20|22|51.7947|220|1000
0.8274209012464045,3.72759|5|15|26.827|35|50|220
0.8274209012464045,3.72759|13.895|15|21.5443|22|51.7947|220
0.8274209012464045,7.19686|10|13.895|25|35|51.7947|220
0.8274209012464045,7.19686|10|15|25|35|51.7947|220
0.8274209012464045,7.19686|10|21.5443|25|30|51.7947|220
0.8274209012464045,7.19686|20|25|26.827|40|50|220
0.8274209012464045,3.72759|13.895|25|26.827|40|50|51.7947|220
0.8274209012464045,7.19686|10|13.895|15|25|35|51.7947|220
0.8274209012464045,7.19686|10|13.895|21.5443|25|30|51.7947|220
0.8274209012464045,7.19686|10|15|21.5443|25|30|51.7947|220
0.8274209012464045,7.19686|10|21.5443|22|25|30|51.7947|220
0.8274209012464045,7.19686|10|21.5443|25|26.827|30|51.7947|220
0.8274209012464045,7.19686|10|21.5443|25|30|40|51.7947|220
0.8274209012464045,7.19686|10|25|30|35|50|60|220
0.8274209012464045,7.19686|20|21.5443|25|26.827|40|50|220
0.8274209012464045,7.19686|20|22|25|26.827|40|50|220
0.8274209012464045,7.19686|20|25|26.827|35|40|50|220
0.8274209012464045,4.64159|15|20|22|35|50|220|1000
0.8273010546500479,4.64159|15|20|21.5443|51.7947|220
0.8273010546500479,7.19686|20|25|40|50|220
0.8273010546500479,3.72759|13.895|25|40|50|51.7947|220
0.8273010546500479,4.64159|15|20|21.5443|22|51.7947|220
0.8273010546500479,7.19686|10|20|25|30|51.7947|220
0.8273010546500479,7.19686|20|22|25|40|50|220
0.8273010546500479,7.19686|20|25|26.827|35|50|220
0.8273010546500479,7.19686|20|25|35|40|50|220
0.8273010546500479,10|22|25|30|50|60|220
0.8273010546500479,3.72759|4.64159|5|15|20|21.5443|51.7947|220
0.8273010546500479,3.72759|13.895|15|25|40|50|51.7947|220
0.8273010546500479,3.72759|13.895|25|26.827|35|50|51.7947|220
0.8273010546500479,3.72759|13.895|25|35|40|50|51.7947|220
0.8273010546500479,7.19686|10|13.895|20|25|30|51.7947|220
0.8273010546500479,7.19686|10|15|20|25|30|51.7947|220
0.8273010546500479,7.19686|10|20|21.5443|25|30|51.7947|220
0.8273010546500479,7.19686|10|20|22|25|30|51.7947|220
0.8273010546500479,7.19686|10|20|25|26.827|30|51.7947|220
0.8273010546500479,7.19686|10|20|25|30|40|51.7947|220
0.8273010546500479,7.19686|15|20|22|26.827|35|51.7947|220
0.8273010546500479,7.19686|20|21.5443|25|26.827|35|50|220
0.8273010546500479,7.19686|20|22|25|26.827|35|50|220
0.8273010546500479,7.19686|20|22|25|35|40|50|220
0.8273010546500479,10|13.895|22|25|30|50|60|220
0.8273010546500479,10|15|22|25|30|50|60|220
0.8273010546500479,10|22|25|30|40|50|60|220
0.8273010546500479,3.72759|4.64159|15|20|40|50|220|1000
0.8273010546500479,3.72759|5|15|20|35|50|220|1000
0.8271812080536913,3.72759|13.895|20|51.7947|220
0.8271812080536913,3.72759|13.895|30|50|220
0.8271812080536913,3.72759|13.895|15|20|51.7947|220
0.8271812080536913,3.72759|13.895|15|30|50|220
0.8271812080536913,3.72759|13.895|20|21.5443|51.7947|220
0.8271812080536913,3.72759|13.895|30|40|50|220
0.8271812080536913,7.19686|10|25|40|51.7947|220
0.8271812080536913,7.19686|20|25|35|50|220
0.8271812080536913,3.72759|13.895|15|20|21.5443|51.7947|220
0.8271812080536913,3.72759|13.895|15|30|40|50|220
0.8271812080536913,3.72759|13.895|20|21.5443|22|51.7947|220
0.8271812080536913,3.72759|13.895|25|35|50|51.7947|220
0.8271812080536913,7.19686|10|13.895|25|40|51.7947|220
0.8271812080536913,7.19686|10|15|25|40|51.7947|220
0.8271812080536913,7.19686|10|25|26.827|40|51.7947|220
0.8271812080536913,7.19686|20|21.5443|25|40|50|220
0.8271812080536913,7.19686|20|22|25|35|50|220
0.8271812080536913,3.72759|13.895|15|20|21.5443|22|51.7947|220
0.8271812080536913,3.72759|13.895|15|25|35|50|51.7947|220
0.8271812080536913,7.19686|10|13.895|15|25|40|51.7947|220
0.8271812080536913,7.19686|10|13.895|25|26.827|40|51.7947|220
0.8271812080536913,7.19686|10|15|25|26.827|40|51.7947|220
0.8271812080536913,7.19686|10|22|25|26.827|50|51.7947|220
0.8271812080536913,7.19686|20|21.5443|22|25|40|50|220
0.8271812080536913,7.19686|20|21.5443|25|35|40|50|220
0.8271812080536913,10|13.895|22|25|30|35|51.7947|220
0.8271812080536913,5|15|20|22|35|50|220|1000
0.8270613614573347,3.72759|13.895|20|22|51.7947|220
0.8270613614573347,10|13.895|22|25|51.7947|220
0.8270613614573347,3.72759|13.895|15|20|22|51.7947|220
0.8270613614573347,3.72759|13.895|25|26.827|50|51.7947|220
0.8270613614573347,3.72759|13.895|26.827|30|35|50|220
0.8270613614573347,4.64159|5|15|20|21.5443|51.7947|220
0.8270613614573347,7.19686|20|21.5443|25|35|50|220
0.8270613614573347,3.72759|13.895|15|25|26.827|50|51.7947|220
0.8270613614573347,3.72759|13.895|15|26.827|30|35|50|220
0.8270613614573347,3.72759|13.895|26.827|30|35|40|50|220
0.8270613614573347,4.64159|5|15|20|21.5443|22|51.7947|220
0.8270613614573347,7.19686|20|21.5443|22|25|35|50|220
0.826941514860978,3.72759|15|35|50|220
0.826941514860978,3.72759|13.895|25|50|51.7947|220
0.826941514860978,3.72759|13.895|15|25|50|51.7947|220
0.826941514860978,7.19686|10|25|30|50|60|220
0.826941514860978,7.19686|10|13.895|25|30|50|60|220
0.826941514860978,7.19686|10|15|25|30|50|60|220
0.826941514860978,7.19686|10|25|26.827|30|50|60|220
0.826941514860978,7.19686|10|25|30|40|50|60|220
0.826941514860978,7.19686|15|20|25|40|50|51.7947|220
0.826941514860978,7.19686|15|20|25|50|51.7947|60|220
0.826941514860978,7.19686|15|21.5443|25|26.827|30|50|220
0.8268216682646213,7.19686|10|25|26.827|51.7947|220
0.8268216682646213,7.19686|20|25|26.827|50|220
0.8268216682646213,7.19686|10|13.895|25|26.827|51.7947|220
0.8268216682646213,7.19686|10|15|25|26.827|51.7947|220
0.8268216682646213,7.19686|10|25|30|35|50|220
0.8268216682646213,7.19686|10|25|30|35|51.7947|220
0.8268216682646213,7.19686|10|25|40|50|60|220
0.8268216682646213,7.19686|20|21.5443|25|26.827|50|220
0.8268216682646213,7.19686|20|22|25|26.827|50|220
0.8268216682646213,7.19686|10|13.895|15|25|26.827|51.7947|220
0.8268216682646213,7.19686|10|13.895|25|30|35|50|220
0.8268216682646213,7.19686|10|13.895|25|30|35|51.7947|220
0.8268216682646213,7.19686|10|13.895|25|40|50|60|220
0.8268216682646213,7.19686|10|15|25|30|35|50|220
0.8268216682646213,7.19686|10|15|25|30|35|51.7947|220
0.8268216682646213,7.19686|10|15|25|40|50|60|220
0.8268216682646213,7.19686|10|20|35|40|51.7947|60|220
0.8268216682646213,7.19686|10|25|26.827|30|35|50|220
0.8268216682646213,7.19686|10|25|26.827|30|35|51.7947|220
0.8268216682646213,7.19686|10|25|30|35|40|50|220
0.8268216682646213,7.19686|10|25|30|35|40|51.7947|220
0.8268216682646213,7.19686|15|20|25|35|50|51.7947|220
0.8268216682646213,7.19686|20|21.5443|22|25|26.827|50|220
0.8267018216682647,7.19686|20|25|50|220
0.8267018216682647,3.72759|15|26.827|35|50|220
0.8267018216682647,7.19686|20|22|25|50|220
0.8267018216682647,7.19686|10|22|35|40|50|220
0.8267018216682647,7.19686|15|21.5443|25|30|50|220
0.8267018216682647,10|13.895|22|25|30|51.7947|220
0.8267018216682647,3.72759|4.64159|15|20|50|220|1000
0.8267018216682647,7.19686|10|13.895|22|35|40|50|220
0.8267018216682647,7.19686|10|15|22|35|40|50|220
0.8267018216682647,7.19686|10|21.5443|22|35|51.7947|60|220
0.8267018216682647,7.19686|13.895|20|25|26.827|30|50|220
0.8267018216682647,7.19686|15|21.5443|22|25|30|50|220
0.8267018216682647,7.19686|15|21.5443|25|30|35|50|220
0.8267018216682647,7.19686|15|21.5443|25|30|40|50|220
0.8267018216682647,10|13.895|15|22|25|30|51.7947|220
0.8267018216682647,10|13.895|22|25|26.827|30|51.7947|220
0.8267018216682647,10|13.895|22|25|30|40|51.7947|220
0.8267018216682647,10|22|25|35|40|50|60|220
0.8267018216682647,3.72759|4.64159|15|20|21.5443|50|220|1000
0.8267018216682647,3.72759|15|20|40|51.7947|60|220|1000
0.8267018216682647,4.64159|15|20|21.5443|40|50|220|1000
0.826581975071908,7.19686|10|22|35|50|220
0.826581975071908,7.19686|10|25|51.7947|60|220
0.826581975071908,7.19686|20|21.5443|25|50|220
0.826581975071908,7.19686|10|13.895|22|35|50|220
0.826581975071908,7.19686|10|13.895|25|51.7947|60|220
0.826581975071908,7.19686|10|15|22|35|50|220
0.826581975071908,7.19686|10|15|25|51.7947|60|220
0.826581975071908,7.19686|13.895|20|25|30|50|220
0.826581975071908,7.19686|20|21.5443|22|25|50|220
0.826581975071908,10|22|25|35|50|60|220
0.826581975071908,3.72759|15|20|35|50|220|1000
0.826581975071908,7.19686|10|13.895|15|22|35|50|220
0.826581975071908,7.19686|10|13.895|15|25|51.7947|60|220
0.826581975071908,7.19686|10|20|22|35|51.7947|60|220
0.826581975071908,7.19686|13.895|15|20|25|30|50|220
0.826581975071908,7.19686|13.895|20|22|25|30|50|220
0.826581975071908,7.19686|13.895|20|25|30|35|50|220
0.826581975071908,7.19686|13.895|20|25|30|40|50|220
0.826581975071908,10|13.895|22|25|35|50|60|220
0.826581975071908,3.72759|4.64159|15|20|25|50|220|1000
0.826581975071908,3.72759|4.64159|15|20|26.827|50|220|1000
0.826581975071908,4.64159|15|20|22|40|50|220|1000
0.826581975071908,4.64159|15|20|25|40|50|220|1000
0.8264621284755513,7.19686|10|22|26.827|35|40|50|220
0.8264621284755513,7.19686|13.895|20|21.5443|25|30|50|220
0.8264621284755513,7.19686|15|20|25|26.827|50|51.7947|220
0.8264621284755513,7.19686|15|20|25|35|50|60|220
0.8264621284755513,3.72759|5|15|20|40|50|220|1000
0.8264621284755513,3.72759|15|20|22|35|50|220|1000
0.8264621284755513,4.64159|15|20|21.5443|35|50|220|1000
0.8264621284755513,4.64159|15|20|25|35|50|220|1000
0.8264621284755513,5|15|20|21.5443|40|50|220|1000
0.8263422818791947,7.19686|10|25|30|50|220
0.8263422818791947,7.19686|10|25|30|51.7947|220
0.8263422818791947,3.72759|13.895|25|26.827|40|50|220
0.8263422818791947,3.72759|13.895|35|40|50|51.7947|220
0.8263422818791947,7.19686|10|13.895|25|30|50|220
0.8263422818791947,7.19686|10|13.895|25|30|51.7947|220
0.8263422818791947,7.19686|10|15|25|30|50|220
0.8263422818791947,7.19686|10|15|25|30|51.7947|220
0.8263422818791947,7.19686|10|22|26.827|35|50|220
0.8263422818791947,7.19686|10|25|26.827|30|50|220
0.8263422818791947,7.19686|10|25|26.827|30|51.7947|220
0.8263422818791947,7.19686|10|25|30|40|50|220
0.8263422818791947,7.19686|10|25|30|40|51.7947|220
0.8263422818791947,7.19686|15|20|25|50|51.7947|220
0.8263422818791947,3.72759|13.895|15|25|26.827|40|50|220
0.8263422818791947,3.72759|13.895|15|35|40|50|51.7947|220
0.8263422818791947,3.72759|13.895|25|26.827|35|40|50|220
0.8263422818791947,7.19686|10|13.895|15|25|30|50|220
0.8263422818791947,7.19686|10|13.895|15|25|30|51.7947|220
0.8263422818791947,7.19686|10|13.895|22|26.827|35|50|220
0.8263422818791947,7.19686|10|13.895|25|26.827|30|50|220
0.8263422818791947,7.19686|10|13.895|25|26.827|30|51.7947|220
0.8263422818791947,7.19686|10|13.895|25|30|40|50|220
0.8263422818791947,7.19686|10|13.895|25|30|40|51.7947|220
0.8263422818791947,7.19686|10|15|22|26.827|35|50|220
0.8263422818791947,7.19686|10|15|25|26.827|30|50|220
0.8263422818791947,7.19686|10|15|25|26.827|30|51.7947|220
0.8263422818791947,7.19686|10|15|25|30|40|50|220
0.8263422818791947,7.19686|10|15|25|30|40|51.7947|220
0.8263422818791947,7.19686|10|21.5443|25|30|50|51.7947|220
0.8263422818791947,7.19686|10|25|26.827|30|40|50|220
0.8263422818791947,7.19686|10|25|26.827|30|40|51.7947|220
0.8263422818791947,7.19686|10|25|35|40|50|60|220
0.8263422818791947,7.19686|13.895|21.5443|25|30|50|51.7947|220
0.8263422818791947,7.19686|15|20|22|25|50|51.7947|220
0.8263422818791947,7.19686|15|20|26.827|30|50|51.7947|220
0.8263422818791947,5|15|20|22|40|50|220|1000
0.8263422818791947,5|15|20|25|40|50|220|1000
0.826222435282838,3.72759|13.895|25|40|50|220
0.826222435282838,3.72759|13.895|35|50|51.7947|220
0.826222435282838,7.19686|10|25|40|50|220
0.826222435282838,3.72759|13.895|15|25|40|50|220
0.826222435282838,3.72759|13.895|15|35|50|51.7947|220
0.826222435282838,3.72759|13.895|25|26.827|35|50|220
0.826222435282838,3.72759|13.895|25|35|40|50|220
0.826222435282838,7.19686|10|13.895|25|40|50|220
0.826222435282838,7.19686|10|15|25|40|50|220
0.826222435282838,7.19686|10|20|35|40|51.7947|220
0.826222435282838,7.19686|10|21.5443|35|40|51.7947|220
0.826222435282838,7.19686|10|25|35|50|60|220
0.826222435282838,3.72759|13.895|15|25|26.827|35|50|220
0.826222435282838,3.72759|13.895|15|25|35|40|50|220
0.826222435282838,7.19686|10|13.895|15|25|40|50|220
0.826222435282838,7.19686|10|13.895|20|35|40|51.7947|220
0.826222435282838,7.19686|10|13.895|21.5443|35|40|51.7947|220
0.826222435282838,7.19686|10|13.895|25|35|50|60|220
0.826222435282838,7.19686|10|15|20|35|40|51.7947|220
0.826222435282838,7.19686|10|15|21.5443|35|40|51.7947|220
0.826222435282838,7.19686|10|15|25|35|50|60|220
0.826222435282838,7.19686|10|20|25|30|50|51.7947|220
0.826222435282838,7.19686|10|21.5443|22|35|40|51.7947|220
0.826222435282838,7.19686|10|25|26.827|35|50|60|220
0.826222435282838,7.19686|15|20|21.5443|25|50|51.7947|220
0.826222435282838,10|22|25|30|50|51.7947|60|220
0.826222435282838,5|15|20|21.5443|35|50|220|1000
0.826222435282838,5|15|20|25|35|50|220|1000
0.826222435282838,5|15|20|26.827|35|50|220|1000
0.8261025886864813,3.72759|13.895|25|35|50|220
0.8261025886864813,3.72759|13.895|15|25|35|50|220
0.8261025886864813,3.72759|13.895|26.827|40|50|51.7947|220
0.8261025886864813,7.19686|10|21.5443|22|35|51.7947|220
0.8261025886864813,3.72759|15|20|40|51.7947|220|1000
0.8261025886864813,4.64159|15|20|21.5443|50|220|1000
0.8261025886864813,3.72759|13.895|15|26.827|40|50|51.7947|220
0.8261025886864813,3.72759|13.895|26.827|35|40|50|51.7947|220
0.8261025886864813,7.19686|10|13.895|21.5443|22|35|51.7947|220
0.8261025886864813,7.19686|10|15|21.5443|22|35|51.7947|220
0.8261025886864813,7.19686|10|20|21.5443|35|40|51.7947|220
0.8261025886864813,7.19686|10|20|22|35|40|51.7947|220
0.8261025886864813,7.19686|10|20|30|35|50|60|220
0.8261025886864813,7.19686|10|20|30|35|51.7947|60|220
0.8261025886864813,7.19686|10|21.5443|26.827|35|40|51.7947|220
0.8261025886864813,7.19686|10|21.5443|30|35|50|60|220
0.8261025886864813,7.19686|15|20|25|26.827|40|50|220
0.8261025886864813,10|13.895|21.5443|25|35|51.7947|60|220
0.8261025886864813,10|20|25|26.827|35|51.7947|60|220
0.8261025886864813,10|20|25|35|40|51.7947|60|220
0.8261025886864813,3.72759|4.64159|5|15|20|50|220|1000
0.8261025886864813,4.64159|15|20|21.5443|22|50|220|1000
0.8261025886864813,4.64159|15|20|25|26.827|50|220|1000
0.8259827420901247,7.19686|10|25|51.7947|220
0.8259827420901247,3.72759|13.895|25|26.827|50|220
0.8259827420901247,7.19686|10|13.895|25|51.7947|220
0.8259827420901247,7.19686|10|15|25|51.7947|220
0.8259827420901247,3.72759|13.895|15|25|26.827|50|220
0.8259827420901247,3.72759|13.895|26.827|35|50|51.7947|220
0.8259827420901247,7.19686|10|13.895|15|25|51.7947|220
0.8259827420901247,7.19686|10|20|22|35|51.7947|220
0.8259827420901247,7.19686|15|20|25|40|50|220
0.8259827420901247,10|20|25|35|51.7947|60|220
0.8259827420901247,4.64159|15|20|22|50|220|1000
0.8259827420901247,4.64159|15|20|25|50|220|1000
0.8259827420901247,3.72759|13.895|15|26.827|35|50|51.7947|220
0.8259827420901247,7.19686|10|13.895|20|22|35|51.7947|220
0.8259827420901247,7.19686|10|15|20|22|35|51.7947|220
0.8259827420901247,7.19686|10|20|21.5443|22|35|51.7947|220
0.8259827420901247,7.19686|10|20|26.827|35|40|51.7947|220
0.8259827420901247,7.19686|10|21.5443|22|26.827|35|51.7947|220
0.8259827420901247,7.19686|15|20|22|25|40|50|220
0.8259827420901247,7.19686|15|20|25|26.827|35|50|220
0.8259827420901247,7.19686|15|20|25|35|40|50|220
0.8259827420901247,10|13.895|20|25|35|51.7947|60|220
0.8259827420901247,10|15|20|25|35|51.7947|60|220
0.8259827420901247,3.72759|15|20|21.5443|40|51.7947|220|1000
0.8259827420901247,4.64159|15|20|21.5443|26.827|50|220|1000
0.8259827420901247,4.64159|15|20|22|25|50|220|1000
0.8259827420901247,4.64159|15|20|22|26.827|50|220|1000
0.825862895493768,3.72759|13.895|25|50|220
0.825862895493768,3.72759|13.895|15|25|50|220
0.825862895493768,7.19686|15|20|25|35|50|220
0.825862895493768,3.72759|5|15|20|50|220|1000
0.825862895493768,5|15|20|21.5443|50|220|1000
0.825862895493768,7.19686|10|20|22|26.827|35|51.7947|220
0.825862895493768,7.19686|10|25|26.827|40|50|60|220
0.825862895493768,7.19686|15|20|21.5443|25|40|50|220
0.825862895493768,7.19686|15|20|22|25|35|50|220
0.825862895493768,10|13.895|22|25|26.827|50|60|220
0.825862895493768,3.72759|5|15|20|21.5443|50|220|1000
0.825862895493768,3.72759|15|20|22|40|51.7947|220|1000
0.825862895493768,4.64159|5|15|20|21.5443|50|220|1000
0.825862895493768,4.64159|15|20|21.5443|25|50|220|1000
0.825862895493768,5|15|20|21.5443|22|50|220|1000
0.825862895493768,5|15|20|25|26.827|50|220|1000
0.8257430488974113,3.72759|13.895|26.827|50|51.7947|220
0.8257430488974113,7.19686|10|20|40|51.7947|220
0.8257430488974113,7.19686|10|21.5443|40|51.7947|220
0.8257430488974113,7.19686|10|22|26.827|50|220
0.8257430488974113,7.19686|15|20|40|51.7947|220
0.8257430488974113,3.72759|13.895|15|26.827|50|51.7947|220
0.8257430488974113,7.19686|10|13.895|20|40|51.7947|220
0.8257430488974113,7.19686|10|13.895|21.5443|40|51.7947|220
0.8257430488974113,7.19686|10|13.895|22|26.827|50|220
0.8257430488974113,7.19686|10|15|20|40|51.7947|220
0.8257430488974113,7.19686|10|15|22|26.827|50|220
0.8257430488974113,7.19686|10|21.5443|22|40|51.7947|220
0.8257430488974113,7.19686|10|21.5443|25|50|51.7947|220
0.8257430488974113,7.19686|10|21.5443|26.827|40|51.7947|220
0.8257430488974113,7.19686|10|25|35|40|50|220
0.8257430488974113,3.72759|15|20|40|50|220|1000
0.8257430488974113,5|15|20|22|50|220|1000
0.8257430488974113,5|15|20|25|50|220|1000
0.8257430488974113,7.19686|10|13.895|15|20|40|51.7947|220
0.8257430488974113,7.19686|10|13.895|15|21.5443|40|51.7947|220
0.8257430488974113,7.19686|10|13.895|15|22|26.827|50|220
0.8257430488974113,7.19686|10|13.895|21.5443|22|40|51.7947|220
0.8257430488974113,7.19686|10|13.895|21.5443|25|50|51.7947|220
0.8257430488974113,7.19686|10|13.895|21.5443|26.827|40|51.7947|220
0.8257430488974113,7.19686|10|13.895|25|35|40|50|220
0.8257430488974113,7.19686|10|15|21.5443|22|40|51.7947|220
0.8257430488974113,7.19686|10|15|21.5443|25|50|51.7947|220
0.8257430488974113,7.19686|10|15|21.5443|26.827|40|51.7947|220
0.8257430488974113,7.19686|10|15|25|35|40|50|220
0.8257430488974113,7.19686|10|21.5443|22|25|50|51.7947|220
0.8257430488974113,7.19686|10|21.5443|22|26.827|40|51.7947|220
0.8257430488974113,7.19686|10|25|26.827|35|40|50|220
0.8257430488974113,7.19686|10|25|30|35|50|51.7947|220
0.8257430488974113,7.19686|15|20|21.5443|25|35|50|220
0.8257430488974113,7.19686|15|21.5443|25|40|50|51.7947|220
0.8257430488974113,7.19686|20|21.5443|26.827|40|50|51.7947|220
0.8257430488974113,7.19686|20|22|26.827|40|50|51.7947|220
0.8257430488974113,10|20|25|26.827|40|51.7947|60|220
0.8257430488974113,3.72759|5|15|20|22|50|220|1000
0.8257430488974113,3.72759|5|15|20|25|50|220|1000
0.8257430488974113,3.72759|5|15|20|26.827|50|220|1000
0.8257430488974113,3.72759|15|20|21.5443|40|50|220|1000
0.8257430488974113,4.64159|5|15|20|22|50|220|1000
0.8257430488974113,4.64159|5|15|20|25|50|220|1000
0.8257430488974113,5|15|20|21.5443|26.827|50|220|1000
0.8257430488974113,5|15|20|22|25|50|220|1000
0.8257430488974113,5|15|20|22|26.827|50|220|1000
0.8256232023010547,7.19686|10|25|35|50|220
0.8256232023010547,7.19686|10|25|50|60|220
0.8256232023010547,7.19686|10|13.895|25|35|50|220
0.8256232023010547,7.19686|10|13.895|25|50|60|220
0.8256232023010547,7.19686|10|15|25|35|50|220
0.8256232023010547,7.19686|10|15|25|50|60|220
0.8256232023010547,7.19686|10|20|21.5443|40|51.7947|220
0.8256232023010547,7.19686|10|20|22|40|51.7947|220
0.8256232023010547,7.19686|10|20|26.827|40|51.7947|220
0.8256232023010547,7.19686|10|25|26.827|35|50|220
0.8256232023010547,7.19686|15|20|21.5443|40|51.7947|220
0.8256232023010547,7.19686|10|13.895|15|25|35|50|220
0.8256232023010547,7.19686|10|13.895|15|25|50|60|220
0.8256232023010547,7.19686|10|13.895|20|21.5443|40|51.7947|220
0.8256232023010547,7.19686|10|13.895|20|22|40|51.7947|220
0.8256232023010547,7.19686|10|13.895|20|26.827|40|51.7947|220
0.8256232023010547,7.19686|10|13.895|25|26.827|35|50|220
0.8256232023010547,7.19686|10|15|20|21.5443|40|51.7947|220
0.8256232023010547,7.19686|10|15|20|22|40|51.7947|220
0.8256232023010547,7.19686|10|15|20|26.827|40|51.7947|220
0.8256232023010547,7.19686|10|15|25|26.827|35|50|220
0.8256232023010547,7.19686|10|20|21.5443|22|40|51.7947|220
0.8256232023010547,7.19686|10|20|21.5443|26.827|40|51.7947|220
0.8256232023010547,7.19686|10|20|22|26.827|40|51.7947|220
0.8256232023010547,7.19686|13.895|20|25|40|50|51.7947|220
0.8256232023010547,7.19686|15|20|21.5443|22|40|51.7947|220
0.8256232023010547,7.19686|15|21.5443|25|26.827|50|51.7947|220
0.8256232023010547,7.19686|15|21.5443|25|35|50|51.7947|220
0.8256232023010547,7.19686|20|22|26.827|35|50|51.7947|220
0.8256232023010547,10|13.895|21.5443|25|35|40|51.7947|220
0.8256232023010547,10|13.895|22|25|30|50|51.7947|220
0.8256232023010547,10|20|25|26.827|35|40|51.7947|220
0.8256232023010547,3.72759|15|20|22|40|50|220|1000
0.8256232023010547,3.72759|15|20|25|40|50|220|1000
0.8256232023010547,3.72759|15|20|26.827|40|50|220|1000
0.8256232023010547,5|15|20|21.5443|25|50|220|1000
0.825503355704698,3.72759|15|20|51.7947|220|1000
0.825503355704698,7.19686|10|20|25|50|51.7947|220
0.825503355704698,7.19686|10|20|30|35|50|220
0.825503355704698,7.19686|10|20|30|35|51.7947|220
0.825503355704698,7.19686|10|20|30|50|60|220
0.825503355704698,7.19686|10|21.5443|30|35|50|220
0.825503355704698,7.19686|10|21.5443|30|35|51.7947|220
0.825503355704698,7.19686|10|21.5443|30|50|60|220
0.825503355704698,7.19686|10|22|35|50|51.7947|220
0.825503355704698,7.19686|10|25|26.827|50|60|220
0.825503355704698,7.19686|15|20|22|40|51.7947|220
0.825503355704698,7.19686|15|20|25|26.827|50|220
0.825503355704698,10|13.895|21.5443|25|35|51.7947|220
0.825503355704698,10|20|25|26.827|35|51.7947|220
0.825503355704698,10|20|25|35|40|51.7947|220
0.825503355704698,7.19686|10|13.895|20|25|50|51.7947|220
0.825503355704698,7.19686|10|13.895|20|30|35|50|220
0.825503355704698,7.19686|10|13.895|20|30|35|51.7947|220
0.825503355704698,7.19686|10|13.895|21.5443|30|35|50|220
0.825503355704698,7.19686|10|13.895|21.5443|30|35|51.7947|220
0.825503355704698,7.19686|10|13.895|21.5443|30|50|60|220
0.825503355704698,7.19686|10|13.895|22|35|50|51.7947|220
0.825503355704698,7.19686|10|13.895|25|26.827|50|60|220
0.825503355704698,7.19686|10|15|20|25|50|51.7947|220
0.825503355704698,7.19686|10|15|20|30|35|50|220
0.825503355704698,7.19686|10|15|20|30|35|51.7947|220
0.825503355704698,7.19686|10|15|20|30|50|60|220
0.825503355704698,7.19686|10|15|21.5443|30|35|50|220
0.825503355704698,7.19686|10|15|21.5443|30|35|51.7947|220
0.825503355704698,7.19686|10|15|21.5443|30|50|60|220
0.825503355704698,7.19686|10|15|22|35|50|51.7947|220
0.825503355704698,7.19686|10|15|25|26.827|50|60|220
0.825503355704698,7.19686|10|20|21.5443|25|50|51.7947|220
0.825503355704698,7.19686|10|20|22|25|50|51.7947|220
0.825503355704698,7.19686|10|20|30|35|40|50|220
0.825503355704698,7.19686|10|20|30|35|40|51.7947|220
0.825503355704698,7.19686|10|20|30|40|50|60|220
0.825503355704698,7.19686|10|21.5443|22|30|35|50|220
0.825503355704698,7.19686|10|21.5443|22|30|35|51.7947|220
0.825503355704698,7.19686|10|21.5443|22|30|50|60|220
0.825503355704698,7.19686|10|21.5443|26.827|30|50|60|220
0.825503355704698,7.19686|10|21.5443|30|35|40|50|220
0.825503355704698,7.19686|10|21.5443|30|35|40|51.7947|220
0.825503355704698,7.19686|10|21.5443|30|40|50|60|220
0.825503355704698,7.19686|13.895|20|25|35|50|51.7947|220
0.825503355704698,7.19686|15|20|21.5443|25|26.827|50|220
0.825503355704698,7.19686|15|20|22|25|26.827|50|220
0.825503355704698,10|13.895|20|25|26.827|35|51.7947|220
0.825503355704698,10|13.895|20|25|35|40|51.7947|220
0.825503355704698,10|13.895|21.5443|22|25|35|51.7947|220
0.825503355704698,10|13.895|21.5443|25|26.827|51.7947|60|220
0.825503355704698,10|13.895|22|25|40|50|51.7947|220
0.825503355704698,10|15|20|25|26.827|35|51.7947|220
0.825503355704698,10|15|20|25|35|40|51.7947|220
0.825503355704698,10|21.5443|25|30|35|50|60|220
0.825503355704698,10|21.5443|25|30|35|51.7947|60|220
0.825503355704698,3.72759|15|20|21.5443|35|50|220|1000
0.825503355704698,3.72759|15|20|25|35|50|220|1000
0.825503355704698,3.72759|15|20|26.827|35|50|220|1000
0.8253835091083414,10|22|35|51.7947|220
0.8253835091083414,7.19686|15|20|25|50|220
0.8253835091083414,10|13.895|22|35|51.7947|220
0.8253835091083414,10|20|25|35|51.7947|220
0.8253835091083414,7.19686|10|20|40|50|60|220
0.8253835091083414,7.19686|10|21.5443|22|26.827|51.7947|220
0.8253835091083414,7.19686|15|20|22|25|50|220
0.8253835091083414,10|13.895|20|25|35|51.7947|220
0.8253835091083414,10|15|20|25|35|51.7947|220
0.8253835091083414,3.72759|15|20|21.5443|51.7947|220|1000
0.8253835091083414,7.19686|10|13.895|20|40|50|60|220
0.8253835091083414,7.19686|10|13.895|21.5443|22|26.827|51.7947|220
0.8253835091083414,7.19686|10|15|20|40|50|60|220
0.8253835091083414,7.19686|10|15|21.5443|22|26.827|51.7947|220
0.8253835091083414,7.19686|10|20|21.5443|30|35|50|220
0.8253835091083414,7.19686|10|20|21.5443|30|35|51.7947|220
0.8253835091083414,7.19686|10|20|21.5443|30|50|60|220
0.8253835091083414,7.19686|10|20|22|30|35|50|220
0.8253835091083414,7.19686|10|20|22|30|35|51.7947|220
0.8253835091083414,7.19686|10|20|22|30|50|60|220
0.8253835091083414,7.19686|10|20|26.827|30|50|60|220
0.8253835091083414,10|13.895|15|20|25|35|51.7947|220
0.8253835091083414,10|13.895|20|21.5443|25|35|51.7947|220
0.8253835091083414,10|13.895|20|22|25|35|51.7947|220
0.8253835091083414,10|20|25|30|35|50|60|220
0.8253835091083414,10|20|25|30|35|51.7947|60|220
0.8253835091083414,3.72759|15|20|21.5443|22|51.7947|220|1000
0.8252636625119847,3.72759|13.895|35|40|50|220
0.8252636625119847,7.19686|10|21.5443|22|51.7947|220
0.8252636625119847,3.72759|13.895|15|35|40|50|220
0.8252636625119847,7.19686|10|13.895|21.5443|22|51.7947|220
0.8252636625119847,7.19686|10|15|21.5443|22|51.7947|220
0.8252636625119847,7.19686|10|25|26.827|40|50|220
0.8252636625119847,7.19686|10|25|30|50|51.7947|220
0.8252636625119847,7.19686|15|20|21.5443|25|50|220
0.8252636625119847,7.19686|15|21.5443|25|50|51.7947|220
0.8252636625119847,10|13.895|21.5443|25|40|51.7947|220
0.8252636625119847,3.72759|15|20|22|51.7947|220|1000
0.8252636625119847,7.19686|10|13.895|15|21.5443|22|51.7947|220
0.8252636625119847,7.19686|10|13.895|25|26.827|40|50|220
0.8252636625119847,7.19686|10|13.895|25|30|50|51.7947|220
0.8252636625119847,7.19686|10|15|25|26.827|40|50|220
0.8252636625119847,7.19686|10|15|25|30|50|51.7947|220
0.8252636625119847,7.19686|10|21.5443|26.827|30|35|50|220
0.8252636625119847,7.19686|10|21.5443|26.827|30|35|51.7947|220
0.8252636625119847,7.19686|10|22|26.827|35|50|51.7947|220
0.8252636625119847,7.19686|10|25|26.827|30|50|51.7947|220
0.8252636625119847,7.19686|10|25|30|40|50|51.7947|220
0.8252636625119847,7.19686|15|20|21.5443|22|25|50|220
0.8252636625119847,7.19686|15|21.5443|22|25|50|51.7947|220
0.8252636625119847,10|13.895|21.5443|22|25|40|51.7947|220
0.825143815915628,3.72759|13.895|35|50|220
0.825143815915628,3.72759|13.895|15|35|50|220
0.825143815915628,10|20|25|40|51.7947|220
0.825143815915628,3.72759|15|20|50|220|1000
0.825143815915628,7.19686|10|25|40|50|51.7947|220
0.825143815915628,10|13.895|20|25|40|51.7947|220
0.825143815915628,10|15|20|25|40|51.7947|220
0.825143815915628,10|20|25|26.827|40|51.7947|220
0.825143815915628,10|20|25|26.827|51.7947|60|220
0.825143815915628,10|25|26.827|35|51.7947|60|220
0.825143815915628,10|25|35|40|51.7947|60|220
0.825143815915628,3.72759|15|20|21.5443|50|220|1000
0.825143815915628,7.19686|10|13.895|25|40|50|51.7947|220
0.825143815915628,7.19686|10|15|25|40|50|51.7947|220
0.825143815915628,7.19686|10|20|26.827|30|35|50|220
0.825143815915628,7.19686|10|20|26.827|30|35|51.7947|220
0.825143815915628,7.19686|10|25|35|50|51.7947|60|220
0.825143815915628,7.19686|13.895|20|25|26.827|50|51.7947|220
0.825143815915628,10|13.895|15|20|25|40|51.7947|220
0.825143815915628,10|13.895|20|21.5443|25|40|51.7947|220
0.825143815915628,10|13.895|20|22|25|40|51.7947|220
0.825143815915628,10|13.895|20|25|26.827|40|51.7947|220
0.825143815915628,10|13.895|20|25|26.827|51.7947|60|220
0.825143815915628,10|13.895|25|26.827|35|51.7947|60|220
0.825143815915628,10|13.895|25|35|40|51.7947|60|220
0.825143815915628,10|15|20|25|26.827|40|51.7947|220
0.825143815915628,10|15|20|25|26.827|51.7947|60|220
0.825143815915628,10|15|25|26.827|35|51.7947|60|220
0.825143815915628,10|15|25|35|40|51.7947|60|220
0.825143815915628,3.72759|15|20|21.5443|22|50|220|1000
0.8250239693192714,7.19686|10|25|50|220
0.8250239693192714,7.19686|10|13.895|25|50|220
0.8250239693192714,7.19686|10|15|25|50|220
0.8250239693192714,7.19686|10|20|22|51.7947|220
0.8250239693192714,10|25|35|51.7947|60|220
0.8250239693192714,3.72759|13.895|26.827|35|40|50|220
0.8250239693192714,7.19686|10|13.895|15|25|50|220
0.8250239693192714,7.19686|10|13.895|20|22|51.7947|220
0.8250239693192714,7.19686|10|15|20|22|51.7947|220
0.8250239693192714,7.19686|10|20|21.5443|22|51.7947|220
0.8250239693192714,7.19686|10|20|22|26.827|51.7947|220
0.8250239693192714,7.19686|13.895|20|25|50|51.7947|220
0.8250239693192714,7.19686|15|20|21.5443|22|51.7947|220
0.8250239693192714,10|13.895|22|25|50|51.7947|220
0.8250239693192714,10|13.895|25|35|51.7947|60|220
0.8250239693192714,10|15|25|35|51.7947|60|220
0.8250239693192714,10|21.5443|25|30|50|60|220
0.8250239693192714,10|21.5443|25|30|51.7947|60|220
0.8250239693192714,3.72759|15|20|26.827|50|220|1000
0.8250239693192714,3.72759|13.895|15|26.827|35|40|50|220
0.8250239693192714,7.19686|10|13.895|15|20|22|51.7947|220
0.8250239693192714,7.19686|10|13.895|20|21.5443|22|51.7947|220
0.8250239693192714,7.19686|10|13.895|20|22|26.827|51.7947|220
0.8250239693192714,7.19686|10|15|20|21.5443|22|51.7947|220
0.8250239693192714,7.19686|10|15|20|22|26.827|51.7947|220
0.8250239693192714,7.19686|10|20|21.5443|22|26.827|51.7947|220
0.8250239693192714,7.19686|10|20|35|40|50|60|220
0.8250239693192714,7.19686|10|21.5443|35|40|50|60|220
0.8250239693192714,7.19686|13.895|15|20|25|50|51.7947|220
0.8250239693192714,7.19686|13.895|20|22|25|50|51.7947|220
0.8250239693192714,7.19686|15|21.5443|25|26.827|40|50|220
0.8250239693192714,10|13.895|15|25|35|51.7947|60|220
0.8250239693192714,10|13.895|21.5443|25|30|50|60|220
0.8250239693192714,10|13.895|21.5443|25|30|51.7947|60|220
0.8250239693192714,10|15|21.5443|25|30|50|60|220
0.8250239693192714,10|15|21.5443|25|30|51.7947|60|220
0.8250239693192714,10|21.5443|22|25|30|50|60|220
0.8250239693192714,10|21.5443|22|25|30|51.7947|60|220
0.8250239693192714,10|21.5443|25|30|40|50|60|220
0.8250239693192714,10|21.5443|25|30|40|51.7947|60|220
0.8250239693192714,3.72759|15|20|21.5443|26.827|50|220|1000
0.8250239693192714,3.72759|15|20|22|26.827|50|220|1000
0.8249041227229147,3.72759|13.895|26.827|35|50|220
0.8249041227229147,7.19686|10|20|30|50|220
0.8249041227229147,7.19686|10|20|30|51.7947|220
0.8249041227229147,7.19686|10|21.5443|30|50|220
0.8249041227229147,7.19686|10|21.5443|30|51.7947|220
0.8249041227229147,7.19686|10|25|26.827|50|220
0.8249041227229147,7.19686|15|20|22|51.7947|220
0.8249041227229147,3.72759|13.895|15|26.827|35|50|220
0.8249041227229147,7.19686|10|13.895|20|30|50|220
0.8249041227229147,7.19686|10|13.895|20|30|51.7947|220
0.8249041227229147,7.19686|10|13.895|21.5443|30|50|220
0.8249041227229147,7.19686|10|13.895|21.5443|30|51.7947|220
0.8249041227229147,7.19686|10|13.895|25|26.827|50|220
0.8249041227229147,7.19686|10|15|20|30|50|220
0.8249041227229147,7.19686|10|15|20|30|51.7947|220
0.8249041227229147,7.19686|10|15|21.5443|30|50|220
0.8249041227229147,7.19686|10|15|21.5443|30|51.7947|220
0.8249041227229147,7.19686|10|15|25|26.827|50|220
0.8249041227229147,7.19686|10|20|30|40|50|220
0.8249041227229147,7.19686|10|20|30|40|51.7947|220
0.8249041227229147,7.19686|10|21.5443|22|30|50|220
0.8249041227229147,7.19686|10|21.5443|22|30|51.7947|220
0.8249041227229147,7.19686|10|21.5443|26.827|30|50|220
0.8249041227229147,7.19686|10|21.5443|26.827|30|51.7947|220
0.8249041227229147,7.19686|10|21.5443|30|40|50|220
0.8249041227229147,7.19686|10|21.5443|30|40|51.7947|220
0.8249041227229147,10|20|25|30|50|60|220
0.8249041227229147,10|20|25|30|51.7947|60|220
0.8249041227229147,5|15|20|40|51.7947|220|1000
0.8249041227229147,7.19686|10|13.895|15|20|30|50|220
0.8249041227229147,7.19686|10|13.895|15|20|30|51.7947|220
0.8249041227229147,7.19686|10|13.895|15|21.5443|30|50|220
0.8249041227229147,7.19686|10|13.895|15|21.5443|30|51.7947|220
0.8249041227229147,7.19686|10|13.895|15|25|26.827|50|220
0.8249041227229147,7.19686|10|13.895|20|30|40|50|220
0.8249041227229147,7.19686|10|13.895|20|30|40|51.7947|220
0.8249041227229147,7.19686|10|13.895|21.5443|22|30|50|220
0.8249041227229147,7.19686|10|13.895|21.5443|22|30|51.7947|220
0.8249041227229147,7.19686|10|13.895|21.5443|26.827|30|50|220
0.8249041227229147,7.19686|10|13.895|21.5443|26.827|30|51.7947|220
0.8249041227229147,7.19686|10|13.895|21.5443|30|40|50|220
0.8249041227229147,7.19686|10|13.895|21.5443|30|40|51.7947|220
0.8249041227229147,7.19686|10|15|20|30|40|50|220
0.8249041227229147,7.19686|10|15|20|30|40|51.7947|220
0.8249041227229147,7.19686|10|15|21.5443|22|30|50|220
0.8249041227229147,7.19686|10|15|21.5443|22|30|51.7947|220
0.8249041227229147,7.19686|10|15|21.5443|26.827|30|50|220
0.8249041227229147,7.19686|10|15|21.5443|26.827|30|51.7947|220
0.8249041227229147,7.19686|10|15|21.5443|30|40|50|220
0.8249041227229147,7.19686|10|15|21.5443|30|40|51.7947|220
0.8249041227229147,7.19686|10|15|35|40|51.7947|150|220
0.8249041227229147,7.19686|10|21.5443|22|26.827|30|50|220
0.8249041227229147,7.19686|10|21.5443|22|26.827|30|51.7947|220
0.8249041227229147,7.19686|10|21.5443|22|30|40|50|220
0.8249041227229147,7.19686|10|21.5443|22|30|40|51.7947|220
0.8249041227229147,7.19686|10|21.5443|22|35|50|60|220
0.8249041227229147,7.19686|10|21.5443|26.827|30|40|50|220
0.8249041227229147,7.19686|10|21.5443|26.827|30|40|51.7947|220
0.8249041227229147,7.19686|13.895|20|21.5443|25|50|51.7947|220
0.8249041227229147,7.19686|15|21.5443|25|26.827|35|50|220
0.8249041227229147,10|13.895|20|25|30|50|60|220
0.8249041227229147,10|13.895|20|25|30|51.7947|60|220
0.8249041227229147,10|13.895|21.5443|25|30|35|51.7947|220
0.8249041227229147,10|13.895|22|25|35|50|51.7947|220
0.8249041227229147,10|15|20|25|30|50|60|220
0.8249041227229147,10|15|20|25|30|51.7947|60|220
0.8249041227229147,10|20|25|26.827|30|50|60|220
0.8249041227229147,10|20|25|26.827|30|51.7947|60|220
0.8249041227229147,10|20|25|30|40|50|60|220
0.8249041227229147,10|20|25|30|40|51.7947|60|220
0.8249041227229147,3.72759|5|15|20|40|51.7947|220|1000
0.824784276126558,7.19686|10|20|40|50|220
0.824784276126558,7.19686|10|21.5443|40|50|220
0.824784276126558,10|13.895|21.5443|25|51.7947|220
0.824784276126558,10|25|40|51.7947|60|220
0.824784276126558,7.19686|10|13.895|20|40|50|220
0.824784276126558,7.19686|10|13.895|21.5443|40|50|220
0.824784276126558,7.19686|10|15|20|40|50|220
0.824784276126558,7.19686|10|15|21.5443|40|50|220
0.824784276126558,7.19686|10|20|21.5443|30|50|220
0.824784276126558,7.19686|10|20|21.5443|30|51.7947|220
0.824784276126558,7.19686|10|20|22|30|50|220
0.824784276126558,7.19686|10|20|22|30|51.7947|220
0.824784276126558,7.19686|10|20|26.827|30|50|220
0.824784276126558,7.19686|10|20|26.827|30|51.7947|220
0.824784276126558,7.19686|10|21.5443|22|40|50|220
0.824784276126558,7.19686|15|21.5443|25|40|50|220
0.824784276126558,10|13.895|21.5443|22|25|51.7947|220
0.824784276126558,10|13.895|25|40|51.7947|60|220
0.824784276126558,10|15|25|40|51.7947|60|220
0.824784276126558,10|20|25|30|35|50|220
0.824784276126558,10|20|25|30|35|51.7947|220
0.824784276126558,7.19686|10|13.895|15|20|40|50|220
0.824784276126558,7.19686|10|13.895|15|21.5443|40|50|220
0.824784276126558,7.19686|10|13.895|20|21.5443|30|50|220
0.824784276126558,7.19686|10|13.895|20|21.5443|30|51.7947|220
0.824784276126558,7.19686|10|13.895|20|22|30|50|220
0.824784276126558,7.19686|10|13.895|20|22|30|51.7947|220
0.824784276126558,7.19686|10|13.895|20|26.827|30|50|220
0.824784276126558,7.19686|10|13.895|20|26.827|30|51.7947|220
0.824784276126558,7.19686|10|13.895|21.5443|22|40|50|220
0.824784276126558,7.19686|10|15|20|21.5443|30|50|220
0.824784276126558,7.19686|10|15|20|21.5443|30|51.7947|220
0.824784276126558,7.19686|10|15|20|22|30|50|220
0.824784276126558,7.19686|10|15|20|22|30|51.7947|220
0.824784276126558,7.19686|10|15|20|26.827|30|50|220
0.824784276126558,7.19686|10|15|20|26.827|30|51.7947|220
0.824784276126558,7.19686|10|15|21.5443|22|40|50|220
0.824784276126558,7.19686|10|20|21.5443|22|30|50|220
0.824784276126558,7.19686|10|20|21.5443|22|30|51.7947|220
0.824784276126558,7.19686|10|20|21.5443|26.827|30|50|220
0.824784276126558,7.19686|10|20|21.5443|26.827|30|51.7947|220
0.824784276126558,7.19686|10|20|21.5443|30|40|50|220
0.824784276126558,7.19686|10|20|21.5443|30|40|51.7947|220
0.824784276126558,7.19686|10|20|22|26.827|30|50|220
0.824784276126558,7.19686|10|20|22|26.827|30|51.7947|220
0.824784276126558,7.19686|10|20|22|30|40|50|220
0.824784276126558,7.19686|10|20|22|30|40|51.7947|220
0.824784276126558,7.19686|10|20|22|35|50|60|220
0.824784276126558,7.19686|10|20|26.827|30|40|50|220
0.824784276126558,7.19686|10|20|26.827|30|40|51.7947|220
0.824784276126558,7.19686|13.895|20|25|26.827|40|50|220
0.824784276126558,7.19686|15|21.5443|22|25|40|50|220
0.824784276126558,7.19686|15|21.5443|25|35|40|50|220
0.824784276126558,10|13.895|15|25|40|51.7947|60|220
0.824784276126558,10|13.895|20|25|30|35|50|220
0.824784276126558,10|13.895|20|25|30|35|51.7947|220
0.824784276126558,10|15|20|25|30|35|50|220
0.824784276126558,10|15|20|25|30|35|51.7947|220
0.824784276126558,10|20|25|26.827|30|35|50|220
0.824784276126558,10|20|25|26.827|30|35|51.7947|220
0.824784276126558,10|20|25|30|35|40|50|220
0.824784276126558,10|20|25|30|35|40|51.7947|220
0.824784276126558,5|15|20|21.5443|40|51.7947|220|1000
0.824784276126558,7.19686|15|20|25|35|51.7947|220|1000
0.8246644295302014,7.19686|10|20|21.5443|40|50|220
0.8246644295302014,7.19686|10|20|22|40|50|220
0.8246644295302014,7.19686|13.895|20|25|40|50|220
0.8246644295302014,7.19686|15|21.5443|25|26.827|50|220
0.8246644295302014,7.19686|15|21.5443|25|35|50|220
0.8246644295302014,10|25|26.827|35|40|51.7947|220
0.8246644295302014,7.19686|10|13.895|20|21.5443|40|50|220
0.8246644295302014,7.19686|10|13.895|20|22|40|50|220
0.8246644295302014,7.19686|10|15|20|21.5443|40|50|220
0.8246644295302014,7.19686|10|15|20|22|40|50|220
0.8246644295302014,7.19686|10|20|21.5443|22|40|50|220
0.8246644295302014,7.19686|10|25|35|40|50|51.7947|220
0.8246644295302014,7.19686|13.895|15|20|25|40|50|220
0.8246644295302014,7.19686|13.895|20|22|25|40|50|220
0.8246644295302014,7.19686|13.895|20|25|26.827|35|50|220
0.8246644295302014,7.19686|13.895|20|25|35|40|50|220
0.8246644295302014,7.19686|15|21.5443|22|25|26.827|50|220
0.8246644295302014,7.19686|15|21.5443|22|25|35|50|220
0.8246644295302014,10|13.895|25|26.827|35|40|51.7947|220
0.8246644295302014,10|15|25|26.827|35|40|51.7947|220
0.8246644295302014,3.72759|15|21.5443|22|40|51.7947|220|1000
0.8246644295302014,5|15|20|22|40|51.7947|220|1000
0.8245445829338447,10|20|25|51.7947|220
0.8245445829338447,10|13.895|20|25|51.7947|220
0.8245445829338447,10|15|20|25|51.7947|220
0.8245445829338447,10|20|25|26.827|51.7947|220
0.8245445829338447,10|25|26.827|35|51.7947|220
0.8245445829338447,10|25|35|40|51.7947|220
0.8245445829338447,7.19686|10|13.895|40|51.7947|150|220
0.8245445829338447,7.19686|10|15|40|51.7947|150|220
0.8245445829338447,7.19686|10|25|35|50|51.7947|220
0.8245445829338447,7.19686|10|25|50|51.7947|60|220
0.8245445829338447,7.19686|13.895|20|25|35|50|220
0.8245445829338447,10|13.895|15|20|25|51.7947|220
0.8245445829338447,10|13.895|20|21.5443|25|51.7947|220
0.8245445829338447,10|13.895|20|22|25|51.7947|220
0.8245445829338447,10|13.895|20|25|26.827|51.7947|220
0.8245445829338447,10|13.895|25|26.827|35|51.7947|220
0.8245445829338447,10|13.895|25|35|40|51.7947|220
0.8245445829338447,10|15|20|25|26.827|51.7947|220
0.8245445829338447,10|15|25|26.827|35|51.7947|220
0.8245445829338447,10|15|25|35|40|51.7947|220
0.8245445829338447,7.19686|10|13.895|15|40|51.7947|150|220
0.8245445829338447,7.19686|10|13.895|25|35|50|51.7947|220
0.8245445829338447,7.19686|10|13.895|25|50|51.7947|60|220
0.8245445829338447,7.19686|10|15|25|35|50|51.7947|220
0.8245445829338447,7.19686|10|15|25|50|51.7947|60|220
0.8245445829338447,7.19686|10|20|25|26.827|50|51.7947|220
0.8245445829338447,7.19686|10|25|26.827|35|50|51.7947|220
0.8245445829338447,7.19686|13.895|15|20|25|35|50|220
0.8245445829338447,7.19686|13.895|20|21.5443|25|40|50|220
0.8245445829338447,7.19686|13.895|20|22|25|35|50|220
0.8245445829338447,10|13.895|15|20|25|26.827|51.7947|220
0.8245445829338447,10|13.895|15|25|26.827|35|51.7947|220
0.8245445829338447,10|13.895|15|25|35|40|51.7947|220
0.8245445829338447,10|13.895|20|21.5443|22|25|51.7947|220
0.8245445829338447,10|13.895|20|21.5443|25|26.827|51.7947|220
0.8245445829338447,10|13.895|20|22|25|26.827|51.7947|220
0.824424736337488,10|25|35|51.7947|220
0.824424736337488,10|13.895|25|35|51.7947|220
0.824424736337488,10|15|25|35|51.7947|220
0.824424736337488,7.19686|10|13.895|40|51.7947|70|220
0.824424736337488,7.19686|10|20|35|40|50|220
0.824424736337488,7.19686|10|20|35|51.7947|60|220
0.824424736337488,7.19686|10|21.5443|35|40|50|220
0.824424736337488,7.19686|10|21.5443|35|51.7947|60|220
0.824424736337488,10|13.895|15|25|35|51.7947|220
0.824424736337488,10|13.895|21.5443|25|30|51.7947|220
0.824424736337488,10|25|30|35|50|60|220
0.824424736337488,10|25|30|35|51.7947|60|220
0.824424736337488,7.19686|10|13.895|15|40|51.7947|70|220
0.824424736337488,7.19686|10|13.895|20|35|40|50|220
0.824424736337488,7.19686|10|13.895|20|35|51.7947|60|220
0.824424736337488,7.19686|10|13.895|21.5443|35|40|50|220
0.824424736337488,7.19686|10|13.895|21.5443|35|51.7947|60|220
0.824424736337488,7.19686|10|15|20|35|40|50|220
0.824424736337488,7.19686|10|15|20|35|51.7947|60|220
0.824424736337488,7.19686|10|15|21.5443|35|40|50|220
0.824424736337488,7.19686|10|15|21.5443|35|51.7947|60|220
0.824424736337488,7.19686|10|20|30|35|50|51.7947|220
0.824424736337488,7.19686|10|21.5443|22|35|40|50|220
0.824424736337488,7.19686|10|21.5443|26.827|40|50|60|220
0.824424736337488,7.19686|10|21.5443|30|35|50|51.7947|220
0.824424736337488,7.19686|10|25|26.827|50|51.7947|60|220
0.824424736337488,7.19686|13.895|20|21.5443|25|35|50|220
0.824424736337488,7.19686|13.895|21.5443|25|40|50|51.7947|220
0.824424736337488,7.19686|15|20|26.827|40|50|51.7947|220
0.824424736337488,10|13.895|15|21.5443|25|30|51.7947|220
0.824424736337488,10|13.895|21.5443|22|25|30|51.7947|220
0.824424736337488,10|13.895|21.5443|25|26.827|30|51.7947|220
0.824424736337488,10|13.895|21.5443|25|30|40|51.7947|220
0.824424736337488,10|13.895|25|30|35|50|60|220
0.824424736337488,10|13.895|25|30|35|51.7947|60|220
0.824424736337488,10|15|25|30|35|50|60|220
0.824424736337488,10|15|25|30|35|51.7947|60|220
0.824424736337488,10|21.5443|25|35|40|50|60|220
0.824424736337488,10|25|26.827|30|35|50|60|220
0.824424736337488,10|25|26.827|30|35|51.7947|60|220
0.824424736337488,10|25|30|35|40|50|60|220
0.824424736337488,10|25|30|35|40|51.7947|60|220
0.8243048897411314,7.19686|10|21.5443|22|50|220
0.8243048897411314,7.19686|15|21.5443|25|50|220
0.8243048897411314,10|20|25|30|50|220
0.8243048897411314,10|20|25|30|51.7947|220
0.8243048897411314,5|15|20|51.7947|220|1000
0.8243048897411314,7.19686|10|13.895|21.5443|22|50|220
0.8243048897411314,7.19686|10|15|21.5443|22|50|220
0.8243048897411314,7.19686|10|21.5443|22|35|50|220
0.8243048897411314,7.19686|15|21.5443|22|25|50|220
0.8243048897411314,10|13.895|20|25|30|50|220
0.8243048897411314,10|13.895|20|25|30|51.7947|220
0.8243048897411314,10|15|20|25|30|50|220
0.8243048897411314,10|15|20|25|30|51.7947|220
0.8243048897411314,10|20|25|26.827|30|50|220
0.8243048897411314,10|20|25|26.827|30|51.7947|220
0.8243048897411314,10|20|25|30|40|50|220
0.8243048897411314,10|20|25|30|40|51.7947|220
0.8243048897411314,10|21.5443|25|35|50|60|220
0.8243048897411314,3.72759|5|15|20|51.7947|220|1000
0.8243048897411314,7.19686|10|13.895|15|21.5443|22|50|220
0.8243048897411314,7.19686|10|13.895|21.5443|22|35|50|220
0.8243048897411314,7.19686|10|15|21.5443|22|35|50|220
0.8243048897411314,7.19686|10|20|21.5443|35|40|50|220
0.8243048897411314,7.19686|10|20|21.5443|35|51.7947|60|220
0.8243048897411314,7.19686|10|20|22|35|40|50|220
0.8243048897411314,7.19686|10|20|26.827|40|50|60|220
0.8243048897411314,7.19686|13.895|21.5443|25|26.827|50|51.7947|220
0.8243048897411314,7.19686|13.895|21.5443|25|35|50|51.7947|220
0.8243048897411314,10|13.895|15|20|25|30|50|220
0.8243048897411314,10|13.895|15|20|25|30|51.7947|220
0.8243048897411314,10|13.895|20|21.5443|25|30|51.7947|220
0.8243048897411314,10|13.895|20|22|25|30|51.7947|220
0.8243048897411314,10|13.895|20|25|26.827|30|50|220
0.8243048897411314,10|13.895|20|25|26.827|30|51.7947|220
0.8243048897411314,10|13.895|20|25|30|40|50|220
0.8243048897411314,10|13.895|20|25|30|40|51.7947|220
0.8243048897411314,10|13.895|21.5443|25|35|50|60|220
0.8243048897411314,10|15|20|25|26.827|30|50|220
0.8243048897411314,10|15|20|25|26.827|30|51.7947|220
0.8243048897411314,10|15|20|25|30|40|50|220
0.8243048897411314,10|15|20|25|30|40|51.7947|220
0.8243048897411314,10|20|25|26.827|30|40|50|220
0.8243048897411314,10|20|25|26.827|30|40|51.7947|220
0.8243048897411314,10|20|25|35|40|50|60|220
0.8243048897411314,10|21.5443|22|25|35|50|60|220
0.8241850431447747,10|25|40|51.7947|220
0.8241850431447747,10|13.895|25|40|51.7947|220
0.8241850431447747,10|15|25|40|51.7947|220
0.8241850431447747,10|20|25|40|50|220
0.8241850431447747,10|22|35|50|60|220
0.8241850431447747,10|25|26.827|40|51.7947|220
0.8241850431447747,7.19686|10|20|22|35|50|220
0.8241850431447747,7.19686|13.895|20|25|26.827|50|220
0.8241850431447747,10|13.895|15|25|40|51.7947|220
0.8241850431447747,10|13.895|20|25|40|50|220
0.8241850431447747,10|13.895|22|35|50|60|220
0.8241850431447747,10|13.895|25|26.827|40|51.7947|220
0.8241850431447747,10|15|20|25|40|50|220
0.8241850431447747,10|15|22|35|50|60|220
0.8241850431447747,10|15|25|26.827|40|51.7947|220
0.8241850431447747,10|20|25|35|50|60|220
0.8241850431447747,3.72759|15|21.5443|22|51.7947|220|1000
0.8241850431447747,5|15|20|21.5443|51.7947|220|1000
0.8241850431447747,7.19686|10|13.895|20|22|35|50|220
0.8241850431447747,7.19686|10|15|20|22|35|50|220
0.8241850431447747,7.19686|10|20|21.5443|22|35|50|220
0.8241850431447747,7.19686|10|21.5443|26.827|35|40|50|220
0.8241850431447747,7.19686|10|25|26.827|40|50|51.7947|220
0.8241850431447747,7.19686|13.895|15|20|25|26.827|50|220
0.8241850431447747,7.19686|13.895|20|21.5443|25|26.827|50|220
0.8241850431447747,7.19686|13.895|20|22|25|26.827|50|220
0.8241850431447747,10|13.895|15|20|25|40|50|220
0.8241850431447747,10|13.895|15|22|35|50|60|220
0.8241850431447747,10|13.895|15|25|26.827|40|51.7947|220
0.8241850431447747,10|13.895|20|25|35|50|60|220
0.8241850431447747,10|15|20|25|35|50|60|220
0.8241850431447747,10|20|25|26.827|35|50|60|220
0.8241850431447747,3.72759|5|15|20|21.5443|51.7947|220|1000
0.8241850431447747,5|15|20|21.5443|22|51.7947|220|1000
0.8241850431447747,7.19686|10|22|25|35|50|220|1000
0.824065196548418,7.19686|10|20|22|50|220
0.824065196548418,7.19686|13.895|20|25|50|220
0.824065196548418,7.19686|10|13.895|20|22|50|220
0.824065196548418,7.19686|10|15|20|22|50|220
0.824065196548418,7.19686|10|20|21.5443|22|50|220
0.824065196548418,7.19686|13.895|15|20|25|50|220
0.824065196548418,7.19686|13.895|20|22|25|50|220
0.824065196548418,5|15|20|22|51.7947|220|1000
0.824065196548418,7.19686|10|13.895|15|20|22|50|220
0.824065196548418,7.19686|10|13.895|20|21.5443|22|50|220
0.824065196548418,7.19686|10|15|20|21.5443|22|50|220
0.824065196548418,7.19686|10|20|26.827|35|40|50|220
0.824065196548418,7.19686|10|21.5443|22|26.827|35|50|220
0.824065196548418,7.19686|10|21.5443|22|26.827|50|60|220
0.824065196548418,7.19686|13.895|15|20|22|25|50|220
0.824065196548418,3.72759|5|15|20|22|51.7947|220|1000
0.8239453499520614,7.19686|10|25|50|51.7947|220
0.8239453499520614,10|25|30|50|60|220
0.8239453499520614,7.19686|10|13.895|25|50|51.7947|220
0.8239453499520614,7.19686|10|15|25|50|51.7947|220
0.8239453499520614,7.19686|13.895|20|21.5443|25|50|220
0.8239453499520614,7.19686|13.895|21.5443|25|50|51.7947|220
0.8239453499520614,10|13.895|25|30|50|60|220
0.8239453499520614,10|15|25|30|50|60|220
0.8239453499520614,10|25|26.827|30|50|60|220
0.8239453499520614,10|25|30|40|50|60|220
0.8239453499520614,7.19686|10|13.895|15|25|50|51.7947|220
0.8239453499520614,7.19686|10|20|22|26.827|35|50|220
0.8239453499520614,7.19686|13.895|15|20|21.5443|25|50|220
0.8239453499520614,7.19686|13.895|15|21.5443|25|50|51.7947|220
0.8239453499520614,7.19686|13.895|20|21.5443|22|25|50|220
0.8239453499520614,7.19686|13.895|21.5443|22|25|50|51.7947|220
0.8239453499520614,10|13.895|15|25|30|50|60|220
0.8239453499520614,10|13.895|22|26.827|35|50|60|220
0.8239453499520614,10|13.895|25|26.827|30|50|60|220
0.8239453499520614,10|13.895|25|30|40|50|60|220
0.8239453499520614,10|15|25|26.827|30|50|60|220
0.8239453499520614,10|15|25|30|40|50|60|220
0.8239453499520614,10|21.5443|25|30|50|51.7947|60|220
0.8239453499520614,10|25|26.827|30|40|50|60|220
0.8238255033557047,10|25|26.827|51.7947|220
0.8238255033557047,3.72759|13.895|15|40|51.7947|220
0.8238255033557047,7.19686|10|20|35|51.7947|220
0.8238255033557047,7.19686|10|21.5443|35|51.7947|220
0.8238255033557047,10|13.895|25|26.827|51.7947|220
0.8238255033557047,10|15|25|26.827|51.7947|220
0.8238255033557047,10|25|30|35|50|220
0.8238255033557047,10|25|30|35|51.7947|220
0.8238255033557047,10|25|40|50|60|220
0.8238255033557047,7.19686|10|13.895|20|35|51.7947|220
0.8238255033557047,7.19686|10|13.895|21.5443|35|51.7947|220
0.8238255033557047,7.19686|10|15|20|35|51.7947|220
0.8238255033557047,7.19686|10|15|21.5443|35|51.7947|220
0.8238255033557047,7.19686|10|20|30|50|51.7947|220
0.8238255033557047,7.19686|10|21.5443|26.827|40|50|220
0.8238255033557047,7.19686|10|21.5443|30|50|51.7947|220
0.8238255033557047,7.19686|10|25|26.827|50|51.7947|220
0.8238255033557047,10|13.895|15|25|26.827|51.7947|220
0.8238255033557047,10|13.895|25|30|35|50|220
0.8238255033557047,10|13.895|25|30|35|51.7947|220
0.8238255033557047,10|13.895|25|40|50|60|220
0.8238255033557047,10|15|25|30|35|50|220
0.8238255033557047,10|15|25|30|35|51.7947|220
0.8238255033557047,10|15|25|40|50|60|220
0.8238255033557047,10|20|35|40|51.7947|60|220
0.8238255033557047,10|21.5443|35|40|51.7947|60|220
0.8238255033557047,10|25|26.827|30|35|50|220
0.8238255033557047,10|25|26.827|30|35|51.7947|220
0.8238255033557047,10|25|30|35|40|50|220
0.8238255033557047,10|25|30|35|40|51.7947|220
0.8238255033557047,7.19686|10|13.895|15|20|35|51.7947|220
0.8238255033557047,7.19686|10|13.895|15|21.5443|35|51.7947|220
0.8238255033557047,7.19686|10|13.895|20|30|50|51.7947|220
0.8238255033557047,7.19686|10|13.895|21.5443|26.827|40|50|220
0.8238255033557047,7.19686|10|13.895|21.5443|30|50|51.7947|220
0.8238255033557047,7.19686|10|13.895|25|26.827|50|51.7947|220
0.8238255033557047,7.19686|10|15|20|30|50|51.7947|220
0.8238255033557047,7.19686|10|15|21.5443|26.827|40|50|220
0.8238255033557047,7.19686|10|15|21.5443|30|50|51.7947|220
0.8238255033557047,7.19686|10|15|25|26.827|50|51.7947|220
0.8238255033557047,7.19686|10|20|30|40|50|51.7947|220
0.8238255033557047,7.19686|10|21.5443|22|26.827|40|50|220
0.8238255033557047,7.19686|10|21.5443|22|30|50|51.7947|220
0.8238255033557047,7.19686|10|21.5443|26.827|30|50|51.7947|220
0.8238255033557047,7.19686|10|21.5443|30|40|50|51.7947|220
0.8238255033557047,7.19686|15|20|22|26.827|50|51.7947|220
0.8238255033557047,10|13.895|15|25|30|35|50|220
0.8238255033557047,10|13.895|15|25|30|35|51.7947|220
0.8238255033557047,10|13.895|15|25|40|50|60|220
0.8238255033557047,10|13.895|20|35|40|51.7947|60|220
0.8238255033557047,10|13.895|21.5443|35|40|51.7947|60|220
0.8238255033557047,10|13.895|25|26.827|30|35|50|220
0.8238255033557047,10|13.895|25|26.827|30|35|51.7947|220
0.8238255033557047,10|13.895|25|30|35|40|50|220
0.8238255033557047,10|13.895|25|30|35|40|51.7947|220
0.8238255033557047,10|15|20|35|40|51.7947|60|220
0.8238255033557047,10|15|25|26.827|30|35|50|220
0.8238255033557047,10|15|25|26.827|30|35|51.7947|220
0.8238255033557047,10|15|25|30|35|40|50|220
0.8238255033557047,10|15|25|30|35|40|51.7947|220
0.8238255033557047,10|20|25|26.827|40|50|60|220
0.8238255033557047,10|20|25|30|50|51.7947|60|220
0.8238255033557047,10|21.5443|22|35|40|51.7947|60|220
0.8238255033557047,10|25|26.827|30|35|40|50|220
0.8238255033557047,10|25|26.827|30|35|40|51.7947|220
0.823705656759348,3.72759|13.895|40|51.7947|220
0.823705656759348,7.19686|10|20|21.5443|35|51.7947|220
0.823705656759348,7.19686|10|20|26.827|40|50|220
0.823705656759348,7.19686|10|20|40|50|51.7947|220
0.823705656759348,7.19686|10|21.5443|26.827|35|51.7947|220
0.823705656759348,7.19686|10|21.5443|40|50|51.7947|220
0.823705656759348,10|20|25|35|40|50|220
0.823705656759348,10|21.5443|22|35|51.7947|60|220
0.823705656759348,10|22|30|35|50|51.7947|220
0.823705656759348,7.19686|10|13.895|20|21.5443|35|51.7947|220
0.823705656759348,7.19686|10|13.895|20|26.827|40|50|220
0.823705656759348,7.19686|10|13.895|20|40|50|51.7947|220
0.823705656759348,7.19686|10|13.895|21.5443|26.827|35|51.7947|220
0.823705656759348,7.19686|10|13.895|21.5443|40|50|51.7947|220
0.823705656759348,7.19686|10|15|20|21.5443|35|51.7947|220
0.823705656759348,7.19686|10|15|20|26.827|40|50|220
0.823705656759348,7.19686|10|15|20|40|50|51.7947|220
0.823705656759348,7.19686|10|15|21.5443|26.827|35|51.7947|220
0.823705656759348,7.19686|10|20|21.5443|26.827|40|50|220
0.823705656759348,7.19686|10|20|21.5443|30|50|51.7947|220
0.823705656759348,7.19686|10|20|22|26.827|40|50|220
0.823705656759348,7.19686|10|20|22|26.827|50|60|220
0.823705656759348,7.19686|10|20|22|30|50|51.7947|220
0.823705656759348,7.19686|10|20|26.827|30|50|51.7947|220
0.823705656759348,7.19686|10|21.5443|22|40|50|51.7947|220
0.823705656759348,10|13.895|20|25|35|40|50|220
0.823705656759348,10|13.895|21.5443|22|35|51.7947|60|220
0.823705656759348,10|13.895|22|30|35|50|51.7947|220
0.823705656759348,10|15|20|25|35|40|50|220
0.823705656759348,10|15|21.5443|22|35|51.7947|60|220
0.823705656759348,10|20|25|26.827|35|40|50|220
0.823705656759348,10|20|25|30|35|50|51.7947|220
0.823705656759348,10|22|30|35|40|50|51.7947|220
0.823705656759348,7.19686|10|21.5443|25|35|51.7947|220|1000
0.8235858101629914,10|20|25|50|220
0.8235858101629914,10|25|51.7947|60|220
0.8235858101629914,10|13.895|20|25|50|220
0.8235858101629914,10|13.895|25|51.7947|60|220
0.8235858101629914,10|15|20|25|50|220
0.8235858101629914,10|15|25|51.7947|60|220
0.8235858101629914,10|20|25|35|50|220
0.8235858101629914,7.19686|10|20|26.827|35|51.7947|220
0.8235858101629914,10|13.895|15|20|25|50|220
0.8235858101629914,10|13.895|15|25|51.7947|60|220
0.8235858101629914,10|13.895|20|25|35|50|220
0.8235858101629914,10|15|20|25|35|50|220
0.8235858101629914,10|20|25|26.827|35|50|220
0.8235858101629914,7.19686|10|13.895|20|26.827|35|51.7947|220
0.8235858101629914,7.19686|10|15|20|26.827|35|51.7947|220
0.8235858101629914,7.19686|10|20|21.5443|26.827|35|51.7947|220
0.8235858101629914,7.19686|10|20|21.5443|40|50|51.7947|220
0.8235858101629914,7.19686|10|20|22|40|50|51.7947|220
0.8235858101629914,7.19686|10|26.827|35|40|50|70|220
0.8235858101629914,7.19686|13.895|21.5443|25|26.827|35|50|220
0.8235858101629914,10|13.895|15|20|25|35|50|220
0.8235858101629914,10|13.895|20|22|35|51.7947|60|220
0.8235858101629914,10|13.895|20|25|26.827|35|50|220
0.8235858101629914,10|13.895|21.5443|25|26.827|50|60|220
0.8235858101629914,10|15|20|22|35|51.7947|60|220
0.8235858101629914,10|15|20|25|26.827|35|50|220
0.8235858101629914,10|20|26.827|35|40|51.7947|60|220
0.8235858101629914,7.19686|10|20|25|35|51.7947|220|1000
0.8234659635666347,7.19686|10|21.5443|22|26.827|50|220
0.8234659635666347,7.19686|10|13.895|21.5443|22|26.827|50|220
0.8234659635666347,7.19686|10|15|21.5443|22|26.827|50|220
0.8234659635666347,7.19686|10|21.5443|25|40|51.7947|220|1000
0.823346116970278,10|25|30|50|220
0.823346116970278,10|25|30|51.7947|220
0.823346116970278,10|13.895|25|30|50|220
0.823346116970278,10|13.895|25|30|51.7947|220
0.823346116970278,10|15|25|30|50|220
0.823346116970278,10|15|25|30|51.7947|220
0.823346116970278,10|20|40|51.7947|60|220
0.823346116970278,10|25|26.827|30|50|220
0.823346116970278,10|25|26.827|30|51.7947|220
0.823346116970278,10|25|30|40|50|220
0.823346116970278,10|25|30|40|51.7947|220
0.823346116970278,7.19686|13.895|21.5443|25|35|50|220
0.823346116970278,10|13.895|15|25|30|50|220
0.823346116970278,10|13.895|15|25|30|51.7947|220
0.823346116970278,10|13.895|20|40|51.7947|60|220
0.823346116970278,10|13.895|25|26.827|30|50|220
0.823346116970278,10|13.895|25|26.827|30|51.7947|220
0.823346116970278,10|13.895|25|30|40|50|220
0.823346116970278,10|13.895|25|30|40|51.7947|220
0.823346116970278,10|15|20|40|51.7947|60|220
0.823346116970278,10|15|25|26.827|30|50|220
0.823346116970278,10|15|25|26.827|30|51.7947|220
0.823346116970278,10|15|25|30|40|50|220
0.823346116970278,10|15|25|30|40|51.7947|220
0.823346116970278,10|25|26.827|30|40|50|220
0.823346116970278,10|25|26.827|30|40|51.7947|220
0.823346116970278,10|25|35|40|50|60|220
0.823346116970278,7.19686|10|20|35|40|50|51.7947|220
0.823346116970278,7.19686|10|21.5443|35|40|50|51.7947|220
0.823346116970278,7.19686|13.895|15|21.5443|25|35|50|220
0.823346116970278,7.19686|13.895|21.5443|22|25|35|50|220
0.823346116970278,7.19686|15|20|22|26.827|35|50|220
0.823346116970278,7.19686|20|21.5443|26.827|35|50|51.7947|220
0.823346116970278,10|13.895|15|20|40|51.7947|60|220
0.823346116970278,10|13.895|15|25|26.827|30|50|220
0.823346116970278,10|13.895|15|25|26.827|30|51.7947|220
0.823346116970278,10|13.895|15|25|30|40|50|220
0.823346116970278,10|13.895|15|25|30|40|51.7947|220
0.823346116970278,10|13.895|21.5443|25|30|50|51.7947|220
0.823346116970278,10|13.895|25|26.827|30|40|50|220
0.823346116970278,10|13.895|25|26.827|30|40|51.7947|220
0.823346116970278,10|13.895|25|35|40|50|60|220
0.823346116970278,10|15|25|26.827|30|40|50|220
0.823346116970278,10|15|25|26.827|30|40|51.7947|220
0.823346116970278,10|15|25|35|40|50|60|220
0.823346116970278,10|25|26.827|35|40|50|60|220
0.823346116970278,10|25|30|35|50|51.7947|60|220
0.823346116970278,7.19686|10|20|25|40|51.7947|220|1000
0.8232262703739214,10|25|40|50|220
0.8232262703739214,10|13.895|25|40|50|220
0.8232262703739214,10|15|25|40|50|220
0.8232262703739214,10|20|35|40|51.7947|220
0.8232262703739214,10|25|35|50|60|220
0.8232262703739214,7.19686|10|15|35|40|51.7947|220
0.8232262703739214,7.19686|10|21.5443|22|50|51.7947|220
0.8232262703739214,10|13.895|15|25|40|50|220
0.8232262703739214,10|13.895|20|35|40|51.7947|220
0.8232262703739214,10|13.895|21.5443|35|40|51.7947|220
0.8232262703739214,10|13.895|25|35|50|60|220
0.8232262703739214,10|15|20|35|40|51.7947|220
0.8232262703739214,10|15|25|35|50|60|220
0.8232262703739214,10|20|25|26.827|40|50|220
0.8232262703739214,10|20|25|26.827|50|60|220
0.8232262703739214,10|20|25|30|50|51.7947|220
0.8232262703739214,10|21.5443|22|35|40|51.7947|220
0.8232262703739214,10|25|26.827|35|50|60|220
0.8232262703739214,10|35|40|51.7947|70|150|220
0.8232262703739214,7.19686|10|13.895|15|35|40|51.7947|220
0.8232262703739214,7.19686|10|13.895|21.5443|22|50|51.7947|220
0.8232262703739214,7.19686|10|15|21.5443|22|50|51.7947|220
0.8232262703739214,7.19686|10|21.5443|22|35|50|51.7947|220
0.8232262703739214,10|13.895|15|20|35|40|51.7947|220
0.8232262703739214,10|13.895|15|25|35|50|60|220
0.8232262703739214,10|13.895|20|25|26.827|40|50|220
0.8232262703739214,10|13.895|20|25|26.827|50|60|220
0.8232262703739214,10|13.895|20|25|30|50|51.7947|220
0.8232262703739214,10|13.895|21.5443|22|35|40|51.7947|220
0.8232262703739214,10|13.895|21.5443|25|40|50|51.7947|220
0.8232262703739214,10|13.895|25|26.827|35|50|60|220
0.8232262703739214,10|13.895|35|40|51.7947|70|150|220
0.8232262703739214,10|15|20|25|26.827|40|50|220
0.8232262703739214,10|15|20|25|26.827|50|60|220
0.8232262703739214,10|15|20|25|30|50|51.7947|220
0.8232262703739214,10|15|25|26.827|35|50|60|220
0.8232262703739214,10|15|35|40|51.7947|70|150|220
0.8232262703739214,10|20|25|26.827|30|50|51.7947|220
0.8232262703739214,10|20|25|30|40|50|51.7947|220
0.8232262703739214,7.19686|10|20|30|35|50|220|1000
0.8232262703739214,7.19686|10|20|30|35|51.7947|220|1000
0.8232262703739214,7.19686|10|21.5443|30|35|50|220|1000
0.8232262703739214,7.19686|10|21.5443|30|35|51.7947|220|1000
0.8231064237775647,7.19686|10|21.5443|26.827|51.7947|220
0.8231064237775647,10|21.5443|22|35|51.7947|220
0.8231064237775647,7.19686|10|13.895|21.5443|26.827|51.7947|220
0.8231064237775647,7.19686|10|15|21.5443|26.827|51.7947|220
0.8231064237775647,7.19686|10|20|22|26.827|50|220
0.8231064237775647,7.19686|10|26.827|30|35|50|220
0.8231064237775647,10|13.895|21.5443|22|35|51.7947|220
0.8231064237775647,10|20|25|40|50|51.7947|220
0.8231064237775647,10|20|30|35|50|60|220
0.8231064237775647,10|20|30|35|51.7947|60|220
0.8231064237775647,10|21.5443|30|35|50|60|220
0.8231064237775647,10|21.5443|30|35|51.7947|60|220
0.8231064237775647,3.72759|13.895|21.5443|40|51.7947|220|1000
0.8231064237775647,7.19686|10|13.895|15|21.5443|26.827|51.7947|220
0.8231064237775647,7.19686|10|13.895|20|22|26.827|50|220
0.8231064237775647,7.19686|10|13.895|26.827|30|35|50|220
0.8231064237775647,7.19686|10|15|20|22|26.827|50|220
0.8231064237775647,7.19686|10|15|26.827|30|35|50|220
0.8231064237775647,7.19686|10|20|21.5443|22|26.827|50|220
0.8231064237775647,7.19686|10|20|22|35|50|51.7947|220
0.8231064237775647,7.19686|10|26.827|30|35|40|50|220
0.8231064237775647,10|13.895|15|21.5443|22|35|51.7947|220
0.8231064237775647,10|13.895|20|21.5443|35|40|51.7947|220
0.8231064237775647,10|13.895|20|22|35|40|51.7947|220
0.8231064237775647,10|13.895|20|25|40|50|51.7947|220
0.8231064237775647,10|13.895|20|30|35|50|60|220
0.8231064237775647,10|13.895|20|30|35|51.7947|60|220
0.8231064237775647,10|13.895|21.5443|30|35|50|60|220
0.8231064237775647,10|13.895|21.5443|30|35|51.7947|60|220
0.8231064237775647,10|15|20|25|40|50|51.7947|220
0.8231064237775647,10|15|20|30|35|50|60|220
0.8231064237775647,10|15|20|30|35|51.7947|60|220
0.8231064237775647,10|15|21.5443|30|35|50|60|220
0.8231064237775647,10|15|21.5443|30|35|51.7947|60|220
0.8231064237775647,10|20|25|35|50|51.7947|60|220
0.8231064237775647,10|20|30|35|40|50|60|220
0.8231064237775647,10|20|30|35|40|51.7947|60|220
0.8231064237775647,10|21.5443|22|30|35|50|60|220
0.8231064237775647,10|21.5443|22|30|35|51.7947|60|220
0.8231064237775647,10|21.5443|30|35|40|50|60|220
0.8231064237775647,10|21.5443|30|35|40|51.7947|60|220
0.8231064237775647,3.72759|4.64159|15|20|21.5443|51.7947|220|1000
0.8231064237775647,3.72759|13.895|15|21.5443|40|51.7947|220|1000
0.8231064237775647,3.72759|13.895|21.5443|22|40|51.7947|220|1000
0.8231064237775647,4.64159|15|20|21.5443|40|51.7947|220|1000
0.8231064237775647,7.19686|10|21.5443|25|26.827|51.7947|220|1000
0.822986577181208,10|25|51.7947|220
0.822986577181208,7.19686|10|21.5443|51.7947|220
0.822986577181208,10|13.895|25|51.7947|220
0.822986577181208,10|15|25|51.7947|220
0.822986577181208,7.19686|10|13.895|21.5443|51.7947|220
0.822986577181208,7.19686|13.895|20|40|51.7947|220
0.822986577181208,10|13.895|15|25|51.7947|220
0.822986577181208,7.19686|10|13.895|15|21.5443|51.7947|220
0.822986577181208,7.19686|10|20|22|50|51.7947|220
0.822986577181208,7.19686|13.895|15|20|40|51.7947|220
0.822986577181208,7.19686|13.895|20|21.5443|40|51.7947|220
0.822986577181208,10|13.895|20|22|35|51.7947|220
0.822986577181208,10|20|26.827|35|40|51.7947|220
0.822986577181208,3.72759|13.895|20|40|51.7947|220|1000
0.822986577181208,7.19686|10|21.5443|25|51.7947|220|1000
0.822986577181208,7.19686|10|13.895|20|22|50|51.7947|220
0.822986577181208,7.19686|10|15|20|22|50|51.7947|220
0.822986577181208,7.19686|10|20|21.5443|22|50|51.7947|220
0.822986577181208,7.19686|13.895|15|20|21.5443|40|51.7947|220
0.822986577181208,7.19686|13.895|20|21.5443|22|40|51.7947|220
0.822986577181208,10|13.895|20|21.5443|22|35|51.7947|220
0.822986577181208,10|13.895|20|26.827|35|40|51.7947|220
0.822986577181208,10|15|20|26.827|35|40|51.7947|220
0.822986577181208,3.72759|13.895|15|20|40|51.7947|220|1000
0.822986577181208,3.72759|13.895|20|21.5443|40|51.7947|220|1000
0.822986577181208,7.19686|10|13.895|21.5443|25|51.7947|220|1000
0.822986577181208,7.19686|10|15|21.5443|25|51.7947|220|1000
0.822986577181208,7.19686|10|21.5443|22|25|51.7947|220|1000
0.8228667305848514,7.19686|10|20|51.7947|220
0.8228667305848514,7.19686|10|40|51.7947|220
0.8228667305848514,7.19686|15|20|51.7947|220
0.8228667305848514,7.19686|10|13.895|20|51.7947|220
0.8228667305848514,7.19686|10|13.895|40|51.7947|220
0.8228667305848514,7.19686|10|15|20|51.7947|220
0.8228667305848514,7.19686|10|15|40|51.7947|220
0.8228667305848514,7.19686|10|30|35|50|220
0.8228667305848514,7.19686|10|30|35|51.7947|220
0.8228667305848514,10|40|51.7947|70|150|220
0.8228667305848514,7.19686|10|13.895|15|20|51.7947|220
0.8228667305848514,7.19686|10|13.895|15|40|51.7947|220
0.8228667305848514,7.19686|10|13.895|30|35|50|220
0.8228667305848514,7.19686|10|13.895|30|35|51.7947|220
0.8228667305848514,7.19686|10|15|30|35|50|220
0.8228667305848514,7.19686|10|15|30|35|51.7947|220
0.8228667305848514,7.19686|10|30|35|40|50|220
0.8228667305848514,7.19686|10|30|35|40|51.7947|220
0.8228667305848514,7.19686|13.895|20|22|40|51.7947|220
0.8228667305848514,10|13.895|40|51.7947|70|150|220
0.8228667305848514,10|15|40|51.7947|70|150|220
0.8228667305848514,10|25|26.827|40|50|60|220
0.8228667305848514,10|25|30|50|51.7947|60|220
0.8228667305848514,7.19686|10|13.895|15|30|35|50|220
0.8228667305848514,7.19686|10|13.895|15|30|35|51.7947|220
0.8228667305848514,7.19686|10|13.895|30|35|40|50|220
0.8228667305848514,7.19686|10|13.895|30|35|40|51.7947|220
0.8228667305848514,7.19686|10|15|30|35|40|50|220
0.8228667305848514,7.19686|10|15|30|35|40|51.7947|220
0.8228667305848514,7.19686|13.895|15|20|22|40|51.7947|220
0.8228667305848514,10|13.895|15|40|51.7947|70|150|220
0.8228667305848514,10|13.895|20|22|26.827|35|51.7947|220
0.8228667305848514,10|13.895|25|26.827|40|50|60|220
0.8228667305848514,10|13.895|25|30|50|51.7947|60|220
0.8228667305848514,10|15|25|26.827|40|50|60|220
0.8228667305848514,10|15|25|30|50|51.7947|60|220
0.8228667305848514,10|25|26.827|30|50|51.7947|60|220
0.8228667305848514,10|25|30|40|50|51.7947|60|220
0.8228667305848514,3.72759|13.895|20|22|40|51.7947|220|1000
0.8227468839884947,7.19686|10|20|21.5443|51.7947|220
0.8227468839884947,7.19686|10|26.827|30|50|220
0.8227468839884947,7.19686|15|20|21.5443|51.7947|220
0.8227468839884947,10|13.895|20|40|51.7947|220
0.8227468839884947,10|15|20|40|51.7947|220
0.8227468839884947,10|25|35|40|50|220
0.8227468839884947,7.19686|10|13.895|20|21.5443|51.7947|220
0.8227468839884947,7.19686|10|13.895|26.827|30|50|220
0.8227468839884947,7.19686|10|15|20|21.5443|51.7947|220
0.8227468839884947,7.19686|10|15|26.827|30|50|220
0.8227468839884947,7.19686|10|26.827|30|40|50|220
0.8227468839884947,10|13.895|15|20|40|51.7947|220
0.8227468839884947,10|13.895|21.5443|22|40|51.7947|220
0.8227468839884947,10|13.895|21.5443|25|50|51.7947|220
0.8227468839884947,10|13.895|25|35|40|50|220
0.8227468839884947,10|15|25|35|40|50|220
0.8227468839884947,10|25|26.827|35|40|50|220
0.8227468839884947,10|25|30|35|50|51.7947|220
0.8227468839884947,10|25|40|50|51.7947|60|220
0.8227468839884947,10|40|51.7947|60|70|150|220
0.8227468839884947,7.19686|10|20|25|51.7947|220|1000
0.8227468839884947,7.19686|10|13.895|15|20|21.5443|51.7947|220
0.8227468839884947,7.19686|10|13.895|15|26.827|30|50|220
0.8227468839884947,7.19686|10|13.895|26.827|30|40|50|220
0.8227468839884947,7.19686|10|15|26.827|30|40|50|220
0.8227468839884947,7.19686|10|21.5443|26.827|40|50|51.7947|220
0.8227468839884947,10|13.895|15|25|35|40|50|220
0.8227468839884947,10|13.895|21.5443|22|25|50|51.7947|220
0.8227468839884947,10|13.895|25|26.827|35|40|50|220
0.8227468839884947,10|13.895|25|30|35|50|51.7947|220
0.8227468839884947,10|13.895|25|40|50|51.7947|60|220
0.8227468839884947,10|13.895|40|51.7947|60|70|150|220
0.8227468839884947,10|15|25|26.827|35|40|50|220
0.8227468839884947,10|15|25|30|35|50|51.7947|220
0.8227468839884947,10|15|25|40|50|51.7947|60|220
0.8227468839884947,10|15|40|51.7947|60|70|150|220
0.8227468839884947,10|20|26.827|30|35|50|60|220
0.8227468839884947,10|20|26.827|30|35|51.7947|60|220
0.8227468839884947,10|25|26.827|30|35|50|51.7947|220
0.8227468839884947,10|25|30|35|40|50|51.7947|220
0.8227468839884947,7.19686|10|13.895|20|25|51.7947|220|1000
0.8227468839884947,7.19686|10|15|20|25|51.7947|220|1000
0.8227468839884947,7.19686|10|20|21.5443|25|51.7947|220|1000
0.8227468839884947,7.19686|10|20|22|25|51.7947|220|1000
0.822627037392138,7.19686|10|30|51.7947|220
0.822627037392138,10|25|35|50|220
0.822627037392138,10|25|50|60|220
0.822627037392138,7.19686|10|13.895|30|50|220
0.822627037392138,7.19686|10|13.895|30|51.7947|220
0.822627037392138,7.19686|10|15|30|51.7947|220
0.822627037392138,7.19686|10|30|40|51.7947|220
0.822627037392138,10|13.895|25|35|50|220
0.822627037392138,10|13.895|25|50|60|220
0.822627037392138,10|15|25|35|50|220
0.822627037392138,10|15|25|50|60|220
0.822627037392138,10|20|25|26.827|50|220
0.822627037392138,10|20|26.827|40|51.7947|220
0.822627037392138,10|25|26.827|35|50|220
0.822627037392138,3.72759|13.895|21.5443|51.7947|220|1000
0.822627037392138,7.19686|10|13.895|15|30|50|220
0.822627037392138,7.19686|10|13.895|15|30|51.7947|220
0.822627037392138,7.19686|10|13.895|30|40|50|220
0.822627037392138,7.19686|10|13.895|30|40|51.7947|220
0.822627037392138,7.19686|10|15|30|40|51.7947|220
0.822627037392138,7.19686|10|20|35|50|60|220
0.822627037392138,7.19686|10|21.5443|35|50|60|220
0.822627037392138,10|13.895|15|25|35|50|220
0.822627037392138,10|13.895|15|25|50|60|220
0.822627037392138,10|13.895|20|25|26.827|50|220
0.822627037392138,10|13.895|20|26.827|40|51.7947|220
0.822627037392138,10|13.895|25|26.827|35|50|220
0.822627037392138,10|15|20|25|26.827|50|220
0.822627037392138,10|15|20|26.827|40|51.7947|220
0.822627037392138,10|15|25|26.827|35|50|220
0.822627037392138,10|22|35|40|50|51.7947|220
0.822627037392138,3.72759|13.895|15|21.5443|51.7947|220|1000
0.822627037392138,3.72759|13.895|21.5443|22|51.7947|220|1000
0.822627037392138,7.19686|10|20|30|50|220|1000
0.822627037392138,7.19686|10|20|30|51.7947|220|1000
0.822627037392138,7.19686|10|21.5443|30|50|220|1000
0.822627037392138,7.19686|10|21.5443|30|51.7947|220|1000
0.822627037392138,7.19686|10|13.895|15|30|40|50|220
0.822627037392138,7.19686|10|13.895|15|30|40|51.7947|220
0.822627037392138,7.19686|10|13.895|20|35|50|60|220
0.822627037392138,7.19686|10|13.895|21.5443|35|50|60|220
0.822627037392138,7.19686|10|15|20|35|50|60|220
0.822627037392138,7.19686|10|15|21.5443|35|50|60|220
0.822627037392138,7.19686|10|20|26.827|40|50|51.7947|220
0.822627037392138,10|13.895|15|20|25|26.827|50|220
0.822627037392138,10|13.895|15|20|26.827|40|51.7947|220
0.822627037392138,10|13.895|15|25|26.827|35|50|220
0.822627037392138,10|13.895|20|21.5443|26.827|40|51.7947|220
0.822627037392138,10|13.895|20|22|26.827|40|51.7947|220
0.822627037392138,10|13.895|21.5443|25|35|50|51.7947|220
0.822627037392138,10|13.895|22|35|40|50|51.7947|220
0.822627037392138,10|20|25|35|40|50|51.7947|220
0.822627037392138,3.72759|13.895|15|21.5443|22|51.7947|220|1000
0.822627037392138,7.19686|10|13.895|20|30|50|220|1000
0.822627037392138,7.19686|10|13.895|20|30|51.7947|220|1000
0.822627037392138,7.19686|10|13.895|21.5443|30|50|220|1000
0.822627037392138,7.19686|10|13.895|21.5443|30|51.7947|220|1000
0.822627037392138,7.19686|10|15|20|30|50|220|1000
0.822627037392138,7.19686|10|15|20|30|51.7947|220|1000
0.822627037392138,7.19686|10|15|21.5443|30|50|220|1000
0.822627037392138,7.19686|10|15|21.5443|30|51.7947|220|1000
0.822627037392138,7.19686|10|20|30|40|50|220|1000
0.822627037392138,7.19686|10|20|30|40|51.7947|220|1000
0.822627037392138,7.19686|10|21.5443|22|30|50|220|1000
0.822627037392138,7.19686|10|21.5443|22|30|51.7947|220|1000
0.822627037392138,7.19686|10|21.5443|25|30|50|220|1000
0.822627037392138,7.19686|10|21.5443|25|30|51.7947|220|1000
0.822627037392138,7.19686|10|21.5443|26.827|30|50|220|1000
0.822627037392138,7.19686|10|21.5443|26.827|30|51.7947|220|1000
0.822627037392138,7.19686|10|21.5443|30|40|50|220|1000
0.822627037392138,7.19686|10|21.5443|30|40|51.7947|220|1000
0.8225071907957814,10|20|25|50|51.7947|220
0.8225071907957814,10|20|30|35|50|220
0.8225071907957814,10|20|30|35|51.7947|220
0.8225071907957814,10|20|30|50|60|220
0.8225071907957814,10|21.5443|30|50|60|220
0.8225071907957814,10|22|35|50|51.7947|220
0.8225071907957814,10|25|26.827|50|60|220
0.8225071907957814,7.19686|10|15|35|51.7947|150|220
0.8225071907957814,10|13.895|20|25|50|51.7947|220
0.8225071907957814,10|13.895|20|30|35|50|220
0.8225071907957814,10|13.895|20|30|35|51.7947|220
0.8225071907957814,10|13.895|20|30|50|60|220
0.8225071907957814,10|13.895|21.5443|30|35|51.7947|220
0.8225071907957814,10|13.895|21.5443|30|50|60|220
0.8225071907957814,10|13.895|22|35|50|51.7947|220
0.8225071907957814,10|13.895|25|26.827|50|60|220
0.8225071907957814,10|15|20|25|50|51.7947|220
0.8225071907957814,10|15|20|30|35|50|220
0.8225071907957814,10|15|20|30|35|51.7947|220
0.8225071907957814,10|15|20|30|50|60|220
0.8225071907957814,10|15|21.5443|30|50|60|220
0.8225071907957814,10|15|25|26.827|50|60|220
0.8225071907957814,10|20|25|35|50|51.7947|220
0.8225071907957814,10|20|30|35|40|50|220
0.8225071907957814,10|20|30|35|40|51.7947|220
0.8225071907957814,10|20|30|40|50|60|220
0.8225071907957814,10|21.5443|22|30|35|51.7947|220
0.8225071907957814,10|21.5443|22|30|50|60|220
0.8225071907957814,10|21.5443|30|40|50|60|220
0.8225071907957814,4.64159|15|20|21.5443|51.7947|220|1000
0.8225071907957814,7.19686|10|13.895|15|35|51.7947|150|220
0.8225071907957814,7.19686|10|13.895|40|50|51.7947|150|220
0.8225071907957814,7.19686|10|20|21.5443|35|50|60|220
0.8225071907957814,10|13.895|15|20|25|50|51.7947|220
0.8225071907957814,10|13.895|15|20|30|35|50|220
0.8225071907957814,10|13.895|15|20|30|35|51.7947|220
0.8225071907957814,10|13.895|15|20|30|50|60|220
0.8225071907957814,10|13.895|15|21.5443|30|50|60|220
0.8225071907957814,10|13.895|15|25|26.827|50|60|220
0.8225071907957814,10|13.895|20|21.5443|25|50|51.7947|220
0.8225071907957814,10|13.895|20|22|25|50|51.7947|220
0.8225071907957814,10|13.895|20|25|35|50|51.7947|220
0.8225071907957814,10|13.895|20|30|35|40|50|220
0.8225071907957814,10|13.895|20|30|35|40|51.7947|220
0.8225071907957814,10|13.895|20|30|40|50|60|220
0.8225071907957814,10|13.895|21.5443|22|30|35|51.7947|220
0.8225071907957814,10|13.895|21.5443|22|30|50|60|220
0.8225071907957814,10|13.895|21.5443|26.827|30|50|60|220
0.8225071907957814,10|13.895|21.5443|30|35|40|51.7947|220
0.8225071907957814,10|13.895|21.5443|30|40|50|60|220
0.8225071907957814,10|15|20|25|35|50|51.7947|220
0.8225071907957814,10|15|20|30|35|40|50|220
0.8225071907957814,10|15|20|30|35|40|51.7947|220
0.8225071907957814,10|15|20|30|40|50|60|220
0.8225071907957814,10|15|21.5443|22|30|35|51.7947|220
0.8225071907957814,10|15|21.5443|22|30|50|60|220
0.8225071907957814,10|15|21.5443|30|40|50|60|220
0.8225071907957814,10|20|25|26.827|35|50|51.7947|220
0.8225071907957814,10|21.5443|22|30|35|40|51.7947|220
0.8225071907957814,10|21.5443|22|30|40|50|60|220
0.8225071907957814,4.64159|15|20|21.5443|22|51.7947|220|1000
0.8225071907957814,7.19686|10|20|21.5443|30|50|220|1000
0.8225071907957814,7.19686|10|20|21.5443|30|51.7947|220|1000
0.8225071907957814,7.19686|10|20|22|30|50|220|1000
0.8225071907957814,7.19686|10|20|22|30|51.7947|220|1000
0.8225071907957814,7.19686|10|20|25|30|50|220|1000
0.8225071907957814,7.19686|10|20|25|30|51.7947|220|1000
0.8225071907957814,7.19686|10|20|26.827|30|50|220|1000
0.8225071907957814,7.19686|10|20|26.827|30|51.7947|220|1000
0.8225071907957814,7.19686|10|21.5443|25|40|50|220|1000
0.8223873441994247,10|20|40|50|60|220
0.8223873441994247,3.72759|13.895|20|51.7947|220|1000
0.8223873441994247,7.19686|10|13.895|51.7947|70|150|220
0.8223873441994247,7.19686|10|15|35|51.7947|70|220
0.8223873441994247,7.19686|10|15|51.7947|70|150|220
0.8223873441994247,7.19686|13.895|20|21.5443|22|51.7947|220
0.8223873441994247,10|13.895|20|40|50|60|220
0.8223873441994247,10|15|20|40|50|60|220
0.8223873441994247,10|20|26.827|30|50|60|220
0.8223873441994247,3.72759|13.895|15|20|51.7947|220|1000
0.8223873441994247,3.72759|13.895|20|21.5443|51.7947|220|1000
0.8223873441994247,7.19686|10|13.895|15|35|51.7947|70|220
0.8223873441994247,7.19686|10|13.895|15|51.7947|70|150|220
0.8223873441994247,7.19686|10|13.895|40|50|51.7947|70|220
0.8223873441994247,7.19686|10|21.5443|22|26.827|50|51.7947|220
0.8223873441994247,7.19686|10|21.5443|26.827|35|50|60|220
0.8223873441994247,7.19686|13.895|15|20|21.5443|22|51.7947|220
0.8223873441994247,10|13.895|15|20|40|50|60|220
0.8223873441994247,10|13.895|20|21.5443|30|35|51.7947|220
0.8223873441994247,10|13.895|20|21.5443|30|50|60|220
0.8223873441994247,10|13.895|20|22|30|35|51.7947|220
0.8223873441994247,10|13.895|20|22|30|50|60|220
0.8223873441994247,10|13.895|20|26.827|30|50|60|220
0.8223873441994247,10|15|20|21.5443|30|50|60|220
0.8223873441994247,10|15|20|22|30|50|60|220
0.8223873441994247,10|15|20|26.827|30|50|60|220
0.8223873441994247,10|20|26.827|30|40|50|60|220
0.8223873441994247,3.72759|13.895|15|20|21.5443|51.7947|220|1000
0.8223873441994247,3.72759|13.895|20|21.5443|22|51.7947|220|1000
0.8223873441994247,7.19686|10|20|25|40|50|220|1000
0.822267497603068,7.19686|13.895|20|22|51.7947|220
0.822267497603068,10|13.895|21.5443|22|51.7947|220
0.822267497603068,10|25|26.827|40|50|220
0.822267497603068,10|25|30|50|51.7947|220
0.822267497603068,7.19686|13.895|15|20|22|51.7947|220
0.822267497603068,10|13.895|25|26.827|40|50|220
0.822267497603068,10|13.895|25|30|50|51.7947|220
0.822267497603068,10|15|25|26.827|40|50|220
0.822267497603068,10|15|25|30|50|51.7947|220
0.822267497603068,10|25|26.827|30|50|51.7947|220
0.822267497603068,10|25|30|40|50|51.7947|220
0.822267497603068,3.72759|13.895|20|22|51.7947|220|1000
0.822267497603068,7.19686|10|20|26.827|35|50|60|220
0.822267497603068,10|13.895|15|25|26.827|40|50|220
0.822267497603068,10|13.895|15|25|30|50|51.7947|220
0.822267497603068,10|13.895|21.5443|26.827|30|35|51.7947|220
0.822267497603068,10|13.895|25|26.827|30|50|51.7947|220
0.822267497603068,10|13.895|25|30|40|50|51.7947|220
0.822267497603068,10|15|25|26.827|30|50|51.7947|220
0.822267497603068,10|15|25|30|40|50|51.7947|220
0.822267497603068,10|25|26.827|30|40|50|51.7947|220
0.822267497603068,10|25|35|40|50|51.7947|60|220
0.822267497603068,3.72759|13.895|15|20|22|51.7947|220|1000
0.822267497603068,4.64159|5|15|20|21.5443|51.7947|220|1000
0.8221476510067114,10|25|40|50|51.7947|220
0.8221476510067114,10|40|51.7947|60|150|220
0.8221476510067114,10|13.895|25|40|50|51.7947|220
0.8221476510067114,10|13.895|40|51.7947|60|150|220
0.8221476510067114,10|15|25|40|50|51.7947|220
0.8221476510067114,10|15|40|51.7947|60|150|220
0.8221476510067114,10|20|26.827|30|35|50|220
0.8221476510067114,10|20|26.827|30|35|51.7947|220
0.8221476510067114,10|25|35|50|51.7947|60|220
0.8221476510067114,10|13.895|15|25|40|50|51.7947|220
0.8221476510067114,10|13.895|15|40|51.7947|60|150|220
0.8221476510067114,10|13.895|20|26.827|30|35|50|220
0.8221476510067114,10|13.895|20|26.827|30|35|51.7947|220
0.8221476510067114,10|13.895|25|35|50|51.7947|60|220
0.8221476510067114,10|15|20|26.827|30|35|50|220
0.8221476510067114,10|15|20|26.827|30|35|51.7947|220
0.8221476510067114,10|15|25|35|50|51.7947|60|220
0.8221476510067114,10|20|25|26.827|40|50|51.7947|220
0.8221476510067114,10|20|25|26.827|50|51.7947|60|220
0.8221476510067114,10|20|26.827|30|35|40|50|220
0.8221476510067114,10|20|26.827|30|35|40|51.7947|220
0.8221476510067114,10|25|26.827|35|50|51.7947|60|220
0.8220278044103547,10|25|50|220
0.8220278044103547,7.19686|10|21.5443|50|220
0.8220278044103547,10|13.895|25|50|220
0.8220278044103547,10|15|25|50|220
0.8220278044103547,7.19686|10|13.895|21.5443|50|220
0.8220278044103547,7.19686|10|15|21.5443|50|220
0.8220278044103547,7.19686|10|20|35|50|220
0.8220278044103547,7.19686|10|21.5443|35|50|220
0.8220278044103547,10|13.895|15|25|50|220
0.8220278044103547,7.19686|10|13.895|15|21.5443|50|220
0.8220278044103547,7.19686|10|13.895|20|35|50|220
0.8220278044103547,7.19686|10|13.895|21.5443|35|50|220
0.8220278044103547,7.19686|10|15|20|35|50|220
0.8220278044103547,7.19686|10|15|21.5443|35|50|220
0.8220278044103547,10|13.895|20|22|26.827|51.7947|220
0.8220278044103547,10|20|35|40|50|60|220
0.8220278044103547,10|21.5443|35|40|50|60|220
0.8220278044103547,7.19686|10|21.5443|25|50|220|1000
0.8220278044103547,7.19686|10|13.895|15|20|35|50|220
0.8220278044103547,7.19686|10|13.895|15|21.5443|35|50|220
0.8220278044103547,7.19686|10|20|22|26.827|50|51.7947|220
0.8220278044103547,7.19686|10|26.827|30|35|50|51.7947|220
0.8220278044103547,7.19686|15|20|26.827|35|50|51.7947|220
0.8220278044103547,10|13.895|15|20|22|26.827|51.7947|220
0.8220278044103547,10|13.895|20|21.5443|22|26.827|51.7947|220
0.8220278044103547,10|13.895|20|35|40|50|60|220
0.8220278044103547,10|13.895|21.5443|35|40|50|60|220
0.8220278044103547,10|15|20|35|40|50|60|220
0.8220278044103547,10|15|21.5443|35|40|50|60|220
0.8220278044103547,10|20|30|35|50|51.7947|60|220
0.8220278044103547,10|21.5443|22|35|40|50|60|220
0.8220278044103547,10|21.5443|30|35|50|51.7947|60|220
0.8220278044103547,7.19686|10|13.895|21.5443|25|50|220|1000
0.8220278044103547,7.19686|10|15|21.5443|25|50|220|1000
0.8220278044103547,7.19686|10|21.5443|22|25|50|220|1000
0.8220278044103547,7.19686|10|25|30|35|50|220|1000
0.8219079578139981,7.19686|10|20|50|220
0.8219079578139981,10|20|30|50|220
0.8219079578139981,10|20|30|51.7947|220
0.8219079578139981,10|25|26.827|50|220
0.8219079578139981,7.19686|10|13.895|20|50|220
0.8219079578139981,7.19686|10|15|20|50|220
0.8219079578139981,10|13.895|20|30|50|220
0.8219079578139981,10|13.895|20|30|51.7947|220
0.8219079578139981,10|13.895|21.5443|30|51.7947|220
0.8219079578139981,10|13.895|25|26.827|50|220
0.8219079578139981,10|15|20|30|50|220
0.8219079578139981,10|15|20|30|51.7947|220
0.8219079578139981,10|15|25|26.827|50|220
0.8219079578139981,10|20|30|40|50|220
0.8219079578139981,10|20|30|40|51.7947|220
0.8219079578139981,10|21.5443|22|30|51.7947|220
0.8219079578139981,10|35|40|51.7947|150|220
0.8219079578139981,7.19686|10|13.895|15|20|50|220
0.8219079578139981,7.19686|10|13.895|15|40|50|220
0.8219079578139981,7.19686|10|20|21.5443|35|50|220
0.8219079578139981,7.19686|10|26.827|35|40|50|220
0.8219079578139981,10|13.895|15|20|30|50|220
0.8219079578139981,10|13.895|15|20|30|51.7947|220
0.8219079578139981,10|13.895|15|25|26.827|50|220
0.8219079578139981,10|13.895|20|30|40|50|220
0.8219079578139981,10|13.895|20|30|40|51.7947|220
0.8219079578139981,10|13.895|21.5443|22|30|51.7947|220
0.8219079578139981,10|13.895|21.5443|26.827|30|51.7947|220
0.8219079578139981,10|13.895|21.5443|30|40|51.7947|220
0.8219079578139981,10|13.895|35|40|51.7947|150|220
0.8219079578139981,10|15|20|30|40|50|220
0.8219079578139981,10|15|20|30|40|51.7947|220
0.8219079578139981,10|15|21.5443|22|30|51.7947|220
0.8219079578139981,10|15|35|40|51.7947|150|220
0.8219079578139981,10|21.5443|22|30|40|51.7947|220
0.8219079578139981,10|21.5443|22|35|50|60|220
0.8219079578139981,7.19686|10|13.895|20|21.5443|35|50|220
0.8219079578139981,7.19686|10|13.895|26.827|35|40|50|220
0.8219079578139981,7.19686|10|15|20|21.5443|35|50|220
0.8219079578139981,7.19686|10|15|26.827|35|40|50|220
0.8219079578139981,10|13.895|15|20|30|40|50|220
0.8219079578139981,10|13.895|15|20|30|40|51.7947|220
0.8219079578139981,10|13.895|15|21.5443|22|30|51.7947|220
0.8219079578139981,10|13.895|15|35|40|51.7947|150|220
0.8219079578139981,10|13.895|21.5443|22|26.827|30|51.7947|220
0.8219079578139981,10|13.895|21.5443|22|30|40|51.7947|220
0.8219079578139981,10|13.895|21.5443|22|35|50|60|220
0.8219079578139981,10|13.895|21.5443|26.827|30|40|51.7947|220
0.8219079578139981,10|15|21.5443|22|30|40|51.7947|220
0.8219079578139981,10|15|21.5443|22|35|50|60|220
0.8219079578139981,7.19686|10|21.5443|25|35|50|220|1000
0.8217881112176414,10|20|40|50|220
0.8217881112176414,7.19686|10|20|21.5443|50|220
0.8217881112176414,10|13.895|20|40|50|220
0.8217881112176414,10|15|20|40|50|220
0.8217881112176414,10|20|26.827|30|50|220
0.8217881112176414,10|20|26.827|30|51.7947|220
0.8217881112176414,10|35|40|51.7947|70|220
0.8217881112176414,7.19686|10|13.895|20|21.5443|50|220
0.8217881112176414,7.19686|10|15|20|21.5443|50|220
0.8217881112176414,7.19686|10|21.5443|26.827|35|50|220
0.8217881112176414,7.19686|10|21.5443|26.827|50|60|220
0.8217881112176414,7.19686|10|30|35|50|51.7947|220
0.8217881112176414,10|13.895|15|20|40|50|220
0.8217881112176414,10|13.895|20|21.5443|30|51.7947|220
0.8217881112176414,10|13.895|20|22|30|51.7947|220
0.8217881112176414,10|13.895|20|26.827|30|50|220
0.8217881112176414,10|13.895|20|26.827|30|51.7947|220
0.8217881112176414,10|13.895|35|40|51.7947|70|220
0.8217881112176414,10|15|20|26.827|30|50|220
0.8217881112176414,10|15|20|26.827|30|51.7947|220
0.8217881112176414,10|15|35|40|51.7947|70|220
0.8217881112176414,10|20|26.827|30|40|50|220
0.8217881112176414,10|20|26.827|30|40|51.7947|220
0.8217881112176414,7.19686|10|20|25|50|220|1000
0.8217881112176414,7.19686|10|13.895|15|20|21.5443|50|220
0.8217881112176414,7.19686|10|13.895|21.5443|26.827|35|50|220
0.8217881112176414,7.19686|10|13.895|21.5443|26.827|50|60|220
0.8217881112176414,7.19686|10|13.895|30|35|50|51.7947|220
0.8217881112176414,7.19686|10|15|21.5443|26.827|35|50|220
0.8217881112176414,7.19686|10|15|21.5443|26.827|50|60|220
0.8217881112176414,7.19686|10|15|30|35|50|51.7947|220
0.8217881112176414,7.19686|10|30|35|40|50|51.7947|220
0.8217881112176414,10|13.895|15|20|21.5443|30|51.7947|220
0.8217881112176414,10|13.895|15|20|22|30|51.7947|220
0.8217881112176414,10|13.895|15|20|26.827|30|50|220
0.8217881112176414,10|13.895|15|20|26.827|30|51.7947|220
0.8217881112176414,10|13.895|15|35|40|51.7947|70|220
0.8217881112176414,10|13.895|20|21.5443|22|30|51.7947|220
0.8217881112176414,10|13.895|20|21.5443|26.827|30|51.7947|220
0.8217881112176414,10|13.895|20|21.5443|30|40|51.7947|220
0.8217881112176414,10|13.895|20|22|26.827|30|51.7947|220
0.8217881112176414,10|13.895|20|22|30|40|51.7947|220
0.8217881112176414,10|13.895|20|22|35|50|60|220
0.8217881112176414,10|13.895|20|26.827|30|40|50|220
0.8217881112176414,10|13.895|20|26.827|30|40|51.7947|220
0.8217881112176414,10|15|20|21.5443|26.827|30|51.7947|220
0.8217881112176414,10|15|20|22|26.827|30|51.7947|220
0.8217881112176414,10|15|20|22|35|50|60|220
0.8217881112176414,10|15|20|26.827|30|40|50|220
0.8217881112176414,10|15|20|26.827|30|40|51.7947|220
0.8217881112176414,10|25|26.827|40|50|51.7947|60|220
0.8217881112176414,7.19686|10|13.895|20|25|50|220|1000
0.8217881112176414,7.19686|10|15|20|25|50|220|1000
0.8217881112176414,7.19686|10|20|21.5443|25|50|220|1000
0.8217881112176414,7.19686|10|20|22|25|50|220|1000
0.8217881112176414,7.19686|10|20|25|35|50|220|1000
0.8216682646212847,10|35|40|150|220
0.8216682646212847,10|13.895|35|40|150|220
0.8216682646212847,7.19686|10|13.895|51.7947|60|150|220
0.8216682646212847,7.19686|10|15|51.7947|60|150|220
0.8216682646212847,7.19686|10|20|26.827|35|50|220
0.8216682646212847,10|25|35|40|50|51.7947|220
0.8216682646212847,7.19686|10|13.895|15|51.7947|60|150|220
0.8216682646212847,7.19686|10|13.895|20|26.827|35|50|220
0.8216682646212847,7.19686|10|15|20|26.827|35|50|220
0.8216682646212847,7.19686|10|20|21.5443|26.827|35|50|220
0.8216682646212847,10|13.895|25|35|40|50|51.7947|220
0.8216682646212847,10|15|25|35|40|50|51.7947|220
0.8216682646212847,10|20|26.827|35|40|50|60|220
0.8216682646212847,10|25|26.827|35|40|50|51.7947|220
0.8215484180249281,10|40|51.7947|150|220
0.8215484180249281,7.19686|10|26.827|40|50|220
0.8215484180249281,7.19686|10|30|50|51.7947|220
0.8215484180249281,10|13.895|40|51.7947|150|220
0.8215484180249281,10|15|40|51.7947|150|220
0.8215484180249281,10|25|35|50|51.7947|220
0.8215484180249281,10|25|50|51.7947|60|220
0.8215484180249281,7.19686|10|13.895|26.827|40|50|220
0.8215484180249281,7.19686|10|13.895|30|50|51.7947|220
0.8215484180249281,7.19686|10|15|26.827|40|50|220
0.8215484180249281,7.19686|10|15|30|50|51.7947|220
0.8215484180249281,7.19686|10|30|40|50|51.7947|220
0.8215484180249281,10|13.895|15|40|51.7947|150|220
0.8215484180249281,10|13.895|25|35|50|51.7947|220
0.8215484180249281,10|13.895|25|50|51.7947|60|220
0.8215484180249281,10|15|25|35|50|51.7947|220
0.8215484180249281,10|15|25|50|51.7947|60|220
0.8215484180249281,10|20|25|26.827|50|51.7947|220
0.8215484180249281,10|25|26.827|35|50|51.7947|220
0.8215484180249281,7.19686|10|13.895|15|26.827|40|50|220
0.8215484180249281,7.19686|10|13.895|15|30|50|51.7947|220
0.8215484180249281,7.19686|10|13.895|30|40|50|51.7947|220
0.8215484180249281,7.19686|10|15|30|40|50|51.7947|220
0.8215484180249281,7.19686|10|20|35|50|51.7947|60|220
0.8215484180249281,7.19686|10|21.5443|35|50|51.7947|60|220
0.8215484180249281,10|13.895|15|25|35|50|51.7947|220
0.8215484180249281,10|13.895|15|25|50|51.7947|60|220
0.8215484180249281,10|13.895|20|25|26.827|50|51.7947|220
0.8215484180249281,10|13.895|25|26.827|35|50|51.7947|220
0.8215484180249281,10|15|20|25|26.827|50|51.7947|220
0.8215484180249281,10|15|25|26.827|35|50|51.7947|220
0.8215484180249281,7.19686|10|20|30|50|51.7947|220|1000
0.8215484180249281,7.19686|10|21.5443|30|50|51.7947|220|1000
0.8214285714285714,10|40|51.7947|70|220
0.8214285714285714,10|13.895|40|51.7947|70|220
0.8214285714285714,10|15|40|51.7947|70|220
0.8214285714285714,10|20|35|40|50|220
0.8214285714285714,10|21.5443|35|51.7947|60|220
0.8214285714285714,7.19686|10|13.895|35|40|50|220
0.8214285714285714,7.19686|10|15|35|40|50|220
0.8214285714285714,10|13.895|15|40|51.7947|70|220
0.8214285714285714,10|13.895|20|35|40|50|220
0.8214285714285714,10|13.895|21.5443|35|51.7947|60|220
0.8214285714285714,10|15|20|35|40|50|220
0.8214285714285714,10|20|30|35|50|51.7947|220
0.8214285714285714,10|20|30|50|51.7947|60|220
0.8214285714285714,10|21.5443|30|50|51.7947|60|220
0.8214285714285714,10|25|26.827|50|51.7947|60|220
0.8214285714285714,7.19686|10|13.895|15|35|40|50|220
0.8214285714285714,7.19686|10|13.895|40|50|51.7947|60|220
0.8214285714285714,10|13.895|15|20|35|40|50|220
0.8214285714285714,10|13.895|15|21.5443|35|51.7947|60|220
0.8214285714285714,10|13.895|20|30|35|50|51.7947|220
0.8214285714285714,10|13.895|20|30|50|51.7947|60|220
0.8214285714285714,10|13.895|21.5443|26.827|40|50|60|220
0.8214285714285714,10|13.895|21.5443|30|35|50|51.7947|220
0.8214285714285714,10|13.895|21.5443|30|50|51.7947|60|220
0.8214285714285714,10|13.895|25|26.827|50|51.7947|60|220
0.8214285714285714,10|15|20|30|35|50|51.7947|220
0.8214285714285714,10|15|20|30|50|51.7947|60|220
0.8214285714285714,10|15|21.5443|30|50|51.7947|60|220
0.8214285714285714,10|15|25|26.827|50|51.7947|60|220
0.8214285714285714,10|20|30|35|40|50|51.7947|220
0.8214285714285714,10|20|30|40|50|51.7947|60|220
0.8214285714285714,10|21.5443|22|30|35|50|51.7947|220
0.8214285714285714,10|21.5443|22|30|50|51.7947|60|220
0.8214285714285714,10|21.5443|30|40|50|51.7947|60|220
0.8214285714285714,7.19686|10|21.5443|22|35|51.7947|220|1000
0.8213087248322147,10|40|150|220
0.8213087248322147,10|13.895|40|150|220
0.8213087248322147,10|40|51.7947|60|70|220
0.8213087248322147,10|13.895|40|51.7947|60|70|220
0.8213087248322147,10|15|40|51.7947|60|70|220
0.8213087248322147,10|20|26.827|40|50|60|220
0.8213087248322147,10|20|40|50|51.7947|60|220
0.8213087248322147,10|13.895|15|40|51.7947|60|70|220
0.8213087248322147,10|13.895|20|21.5443|35|51.7947|60|220
0.8213087248322147,10|13.895|20|26.827|40|50|60|220
0.8213087248322147,10|13.895|20|40|50|51.7947|60|220
0.8213087248322147,10|13.895|21.5443|26.827|35|51.7947|60|220
0.8213087248322147,10|15|20|21.5443|35|51.7947|60|220
0.8213087248322147,10|15|20|26.827|40|50|60|220
0.8213087248322147,10|15|20|40|50|51.7947|60|220
0.8213087248322147,10|20|26.827|30|50|51.7947|60|220
0.8213087248322147,7.19686|10|20|22|35|51.7947|220|1000
0.8211888782358581,7.19686|10|21.5443|26.827|50|220
0.8211888782358581,7.19686|10|13.895|21.5443|26.827|50|220
0.8211888782358581,7.19686|10|15|21.5443|26.827|50|220
0.8211888782358581,7.19686|10|26.827|35|50|70|220
0.8211888782358581,10|20|26.827|35|51.7947|60|220
0.8211888782358581,10|25|26.827|40|50|51.7947|220
0.8211888782358581,7.19686|10|13.895|15|21.5443|26.827|50|220
0.8211888782358581,7.19686|10|13.895|26.827|35|50|70|220
0.8211888782358581,7.19686|10|15|26.827|35|50|70|220
0.8211888782358581,10|13.895|20|26.827|35|51.7947|60|220
0.8211888782358581,10|13.895|25|26.827|40|50|51.7947|220
0.8211888782358581,10|15|20|26.827|35|51.7947|60|220
0.8211888782358581,10|15|25|26.827|40|50|51.7947|220
0.8211888782358581,7.19686|10|21.5443|25|26.827|50|220|1000
0.8211888782358581,10|20|25|35|51.7947|60|220|1000
0.8210690316395014,7.19686|10|13.895|51.7947|150|220
0.8210690316395014,7.19686|10|15|51.7947|150|220
0.8210690316395014,7.19686|10|13.895|15|51.7947|150|220
0.8210690316395014,10|20|26.827|35|40|50|220
0.8210690316395014,10|13.895|20|26.827|35|40|50|220
0.8210690316395014,10|13.895|21.5443|22|26.827|50|60|220
0.8210690316395014,10|15|20|26.827|35|40|50|220
0.8210690316395014,10|20|26.827|30|35|50|51.7947|220
0.8209491850431447,10|25|50|51.7947|220
0.8209491850431447,7.19686|10|13.895|51.7947|70|220
0.8209491850431447,7.19686|10|15|51.7947|70|220
0.8209491850431447,7.19686|10|21.5443|50|51.7947|220
0.8209491850431447,10|13.895|25|50|51.7947|220
0.8209491850431447,10|15|25|50|51.7947|220
0.8209491850431447,7.19686|10|13.895|15|51.7947|70|220
0.8209491850431447,7.19686|10|13.895|21.5443|50|51.7947|220
0.8209491850431447,7.19686|10|20|35|50|51.7947|220
0.8209491850431447,7.19686|10|21.5443|35|50|51.7947|220
0.8209491850431447,10|13.895|15|25|50|51.7947|220
0.8209491850431447,7.19686|10|13.895|15|21.5443|50|51.7947|220
0.8209491850431447,7.19686|10|13.895|20|35|50|51.7947|220
0.8209491850431447,7.19686|10|13.895|21.5443|35|50|51.7947|220
0.8209491850431447,7.19686|10|15|20|35|50|51.7947|220
0.8209491850431447,7.19686|10|15|21.5443|35|50|51.7947|220
0.8209491850431447,10|20|35|40|50|51.7947|60|220
0.8209491850431447,10|21.5443|35|40|50|51.7947|60|220
0.8209491850431447,7.19686|10|21.5443|25|50|51.7947|220|1000
0.8209491850431447,7.19686|10|25|35|40|50|220|1000
0.8208293384467881,7.19686|10|15|35|51.7947|220
0.8208293384467881,7.19686|10|20|26.827|50|220
0.8208293384467881,7.19686|10|20|50|51.7947|220
0.8208293384467881,7.19686|10|40|50|51.7947|220
0.8208293384467881,10|13.895|21.5443|35|51.7947|220
0.8208293384467881,10|20|30|50|51.7947|220
0.8208293384467881,10|25|26.827|50|51.7947|220
0.8208293384467881,7.19686|10|13.895|15|35|51.7947|220
0.8208293384467881,7.19686|10|13.895|20|26.827|50|220
0.8208293384467881,7.19686|10|13.895|20|50|51.7947|220
0.8208293384467881,7.19686|10|13.895|40|50|51.7947|220
0.8208293384467881,7.19686|10|15|20|26.827|50|220
0.8208293384467881,7.19686|10|15|20|50|51.7947|220
0.8208293384467881,7.19686|10|15|40|50|51.7947|220
0.8208293384467881,7.19686|10|20|21.5443|26.827|50|220
0.8208293384467881,10|13.895|20|30|50|51.7947|220
0.8208293384467881,10|13.895|21.5443|30|50|51.7947|220
0.8208293384467881,10|13.895|25|26.827|50|51.7947|220
0.8208293384467881,10|15|20|30|50|51.7947|220
0.8208293384467881,10|15|25|26.827|50|51.7947|220
0.8208293384467881,10|20|30|40|50|51.7947|220
0.8208293384467881,10|21.5443|22|30|50|51.7947|220
0.8208293384467881,10|40|50|51.7947|70|150|220
0.8208293384467881,7.19686|10|25|35|50|220|1000
0.8208293384467881,7.19686|10|13.895|15|20|26.827|50|220
0.8208293384467881,7.19686|10|13.895|15|20|50|51.7947|220
0.8208293384467881,7.19686|10|13.895|15|40|50|51.7947|220
0.8208293384467881,7.19686|10|13.895|20|21.5443|26.827|50|220
0.8208293384467881,7.19686|10|15|20|21.5443|26.827|50|220
0.8208293384467881,7.19686|10|20|21.5443|35|50|51.7947|220
0.8208293384467881,7.19686|10|26.827|35|40|50|51.7947|220
0.8208293384467881,10|13.895|15|20|30|50|51.7947|220
0.8208293384467881,10|13.895|15|25|26.827|50|51.7947|220
0.8208293384467881,10|13.895|20|30|40|50|51.7947|220
0.8208293384467881,10|13.895|21.5443|22|30|50|51.7947|220
0.8208293384467881,10|13.895|21.5443|26.827|30|50|51.7947|220
0.8208293384467881,10|13.895|21.5443|30|40|50|51.7947|220
0.8208293384467881,10|13.895|40|50|51.7947|70|150|220
0.8208293384467881,10|15|20|30|40|50|51.7947|220
0.8208293384467881,10|15|21.5443|22|30|50|51.7947|220
0.8208293384467881,10|15|40|50|51.7947|70|150|220
0.8208293384467881,10|21.5443|22|30|40|50|51.7947|220
0.8208293384467881,10|21.5443|22|35|50|51.7947|60|220
0.8208293384467881,7.19686|10|13.895|25|35|50|220|1000
0.8208293384467881,7.19686|10|15|25|35|50|220|1000
0.8208293384467881,7.19686|10|20|25|26.827|50|220|1000
0.8208293384467881,7.19686|10|25|26.827|35|50|220|1000
0.8208293384467881,7.19686|10|26.827|30|35|50|220|1000
0.8208293384467881,10|20|30|35|50|60|220|1000
0.8208293384467881,10|20|30|35|51.7947|60|220|1000
0.8208293384467881,10|21.5443|30|35|50|60|220|1000
0.8208293384467881,10|21.5443|30|35|51.7947|60|220|1000
0.8207094918504314,10|20|26.827|40|50|220
0.8207094918504314,7.19686|10|20|21.5443|50|51.7947|220
0.8207094918504314,10|13.895|20|21.5443|35|51.7947|220
0.8207094918504314,10|13.895|20|26.827|40|50|220
0.8207094918504314,10|13.895|20|40|50|51.7947|220
0.8207094918504314,10|15|20|26.827|40|50|220
0.8207094918504314,10|15|20|40|50|51.7947|220
0.8207094918504314,10|20|26.827|30|50|51.7947|220
0.8207094918504314,7.19686|10|13.895|20|21.5443|50|51.7947|220
0.8207094918504314,7.19686|10|15|20|21.5443|50|51.7947|220
0.8207094918504314,7.19686|10|21.5443|26.827|35|50|51.7947|220
0.8207094918504314,7.19686|13.895|20|26.827|35|50|51.7947|220
0.8207094918504314,10|13.895|15|20|26.827|40|50|220
0.8207094918504314,10|13.895|15|20|40|50|51.7947|220
0.8207094918504314,10|13.895|20|21.5443|30|50|51.7947|220
0.8207094918504314,10|13.895|20|22|26.827|50|60|220
0.8207094918504314,10|13.895|20|22|30|50|51.7947|220
0.8207094918504314,10|13.895|20|26.827|30|50|51.7947|220
0.8207094918504314,10|13.895|21.5443|22|40|50|51.7947|220
0.8207094918504314,10|15|20|22|26.827|50|60|220
0.8207094918504314,10|15|20|26.827|30|50|51.7947|220
0.8207094918504314,10|20|26.827|30|40|50|51.7947|220
0.8207094918504314,10|40|50|51.7947|60|70|150|220
0.8207094918504314,7.19686|10|20|25|50|51.7947|220|1000
0.8207094918504314,10|13.895|21.5443|25|35|51.7947|220|1000
0.8207094918504314,10|20|25|26.827|35|51.7947|220|1000
0.8207094918504314,10|20|25|35|40|51.7947|220|1000
0.8205896452540747,10|20|26.827|35|51.7947|220
0.8205896452540747,10|13.895|20|26.827|35|51.7947|220
0.8205896452540747,10|15|20|26.827|35|51.7947|220
0.8205896452540747,10|26.827|35|40|50|70|220
0.8205896452540747,10|20|25|35|51.7947|220|1000
0.8205896452540747,7.19686|10|20|26.827|35|50|51.7947|220
0.8205896452540747,10|13.895|15|20|26.827|35|51.7947|220
0.8205896452540747,10|13.895|20|21.5443|26.827|35|51.7947|220
0.8205896452540747,10|13.895|26.827|35|40|50|70|220
0.8205896452540747,10|15|26.827|35|40|50|70|220
0.8205896452540747,7.19686|10|13.895|30|35|50|220|1000
0.8205896452540747,10|13.895|20|25|35|51.7947|220|1000
0.8205896452540747,10|15|20|25|35|51.7947|220|1000
0.8204697986577181,3.72759|13.895|15|51.7947|220
0.8204697986577181,10|40|50|70|220
0.8204697986577181,10|40|50|150|220
0.8204697986577181,10|40|51.7947|60|220
0.8204697986577181,10|13.895|40|50|70|220
0.8204697986577181,10|13.895|40|50|150|220
0.8204697986577181,10|13.895|40|51.7947|60|220
0.8204697986577181,10|15|40|50|70|220
0.8204697986577181,10|15|40|50|150|220
0.8204697986577181,10|15|40|51.7947|60|220
0.8204697986577181,10|30|35|50|60|220
0.8204697986577181,10|13.895|15|40|50|70|220
0.8204697986577181,10|13.895|15|40|50|150|220
0.8204697986577181,10|13.895|15|40|51.7947|60|220
0.8204697986577181,10|13.895|30|35|50|60|220
0.8204697986577181,10|15|30|35|50|60|220
0.8204697986577181,10|30|35|40|50|60|220
0.8204697986577181,10|13.895|15|30|35|50|60|220
0.8204697986577181,10|13.895|30|35|40|50|60|220
0.8204697986577181,10|15|30|35|40|50|60|220
0.8204697986577181,10|13.895|21.5443|25|40|51.7947|220|1000
0.8203499520613614,3.72759|13.895|51.7947|220
0.8203499520613614,7.19686|10|13.895|150|220
0.8203499520613614,10|40|50|60|70|220
0.8203499520613614,10|15|40|50|60|70|220
0.8203499520613614,10|20|35|40|50|51.7947|220
0.8203499520613614,10|20|25|40|51.7947|220|1000
0.8203499520613614,7.19686|10|15|35|40|50|51.7947|220
0.8203499520613614,10|13.895|15|40|50|60|70|220
0.8203499520613614,10|13.895|20|35|40|50|51.7947|220
0.8203499520613614,10|13.895|21.5443|35|40|50|51.7947|220
0.8203499520613614,10|15|20|35|40|50|51.7947|220
0.8203499520613614,10|21.5443|22|35|40|50|51.7947|220
0.8203499520613614,10|35|40|50|51.7947|70|150|220
0.8203499520613614,10|13.895|20|25|40|51.7947|220|1000
0.8203499520613614,10|15|20|25|40|51.7947|220|1000
0.8203499520613614,10|20|25|26.827|40|51.7947|220|1000
0.8202301054650047,10|30|50|60|220
0.8202301054650047,10|35|40|51.7947|220
0.8202301054650047,10|13.895|30|50|60|220
0.8202301054650047,10|13.895|35|40|51.7947|220
0.8202301054650047,10|15|35|40|51.7947|220
0.8202301054650047,10|26.827|40|50|70|220
0.8202301054650047,7.19686|10|25|50|220|1000
0.8202301054650047,10|13.895|15|30|50|60|220
0.8202301054650047,10|13.895|15|35|40|51.7947|220
0.8202301054650047,10|13.895|21.5443|22|50|51.7947|220
0.8202301054650047,10|13.895|26.827|40|50|70|220
0.8202301054650047,10|13.895|30|40|50|60|220
0.8202301054650047,10|15|26.827|40|50|70|220
0.8202301054650047,10|21.5443|22|35|50|51.7947|220
0.8202301054650047,7.19686|10|13.895|25|50|220|1000
0.8202301054650047,7.19686|10|15|25|50|220|1000
0.8202301054650047,10|20|30|35|50|220|1000
0.8202301054650047,10|20|30|35|51.7947|220|1000
0.8202301054650047,10|20|30|50|60|220|1000
0.8202301054650047,10|21.5443|30|50|60|220|1000
0.8202301054650047,10|13.895|15|26.827|40|50|70|220
0.8202301054650047,10|13.895|15|30|40|50|60|220
0.8202301054650047,10|13.895|21.5443|22|35|50|51.7947|220
0.8202301054650047,10|20|26.827|40|50|51.7947|60|220
0.8202301054650047,7.19686|10|13.895|15|25|50|220|1000
0.8202301054650047,10|13.895|20|30|35|50|220|1000
0.8202301054650047,10|13.895|20|30|35|51.7947|220|1000
0.8202301054650047,10|13.895|20|30|50|60|220|1000
0.8202301054650047,10|13.895|21.5443|30|35|51.7947|220|1000
0.8202301054650047,10|13.895|21.5443|30|50|60|220|1000
0.8202301054650047,10|15|20|30|35|50|220|1000
0.8202301054650047,10|15|20|30|35|51.7947|220|1000
0.8202301054650047,10|15|20|30|50|60|220|1000
0.8202301054650047,10|15|21.5443|30|50|60|220|1000
0.8202301054650047,10|20|30|35|40|50|220|1000
0.8202301054650047,10|20|30|35|40|51.7947|220|1000
0.8202301054650047,10|20|30|40|50|60|220|1000
0.8202301054650047,10|21.5443|22|30|35|51.7947|220|1000
0.8202301054650047,10|21.5443|22|30|50|60|220|1000
0.8202301054650047,10|21.5443|25|30|50|60|220|1000
0.8202301054650047,10|21.5443|30|40|50|60|220|1000
0.8201102588686481,7.19686|13.895|20|51.7947|220
0.8201102588686481,7.19686|13.895|15|20|51.7947|220
0.8201102588686481,7.19686|13.895|20|21.5443|51.7947|220
0.8201102588686481,10|26.827|30|35|50|220
0.8201102588686481,10|26.827|30|35|51.7947|220
0.8201102588686481,7.19686|10|21.5443|26.827|50|51.7947|220
0.8201102588686481,7.19686|13.895|15|20|21.5443|51.7947|220
0.8201102588686481,10|13.895|26.827|30|35|50|220
0.8201102588686481,10|13.895|26.827|30|35|51.7947|220
0.8201102588686481,10|15|26.827|30|35|50|220
0.8201102588686481,10|15|26.827|30|35|51.7947|220
0.8201102588686481,10|26.827|30|35|40|50|220
0.8201102588686481,10|26.827|30|35|40|51.7947|220
0.8201102588686481,10|40|50|51.7947|60|150|220
0.8201102588686481,7.19686|10|20|40|50|220|1000
0.8201102588686481,7.19686|10|13.895|21.5443|26.827|50|51.7947|220
0.8201102588686481,7.19686|10|15|21.5443|26.827|50|51.7947|220
0.8201102588686481,7.19686|10|26.827|35|50|51.7947|70|220
0.8201102588686481,10|13.895|15|26.827|30|35|50|220
0.8201102588686481,10|13.895|15|26.827|30|35|51.7947|220
0.8201102588686481,10|13.895|20|22|35|50|51.7947|220
0.8201102588686481,10|13.895|26.827|30|35|40|50|220
0.8201102588686481,10|13.895|26.827|30|35|40|51.7947|220
0.8201102588686481,10|13.895|40|50|51.7947|60|150|220
0.8201102588686481,10|15|26.827|30|35|40|50|220
0.8201102588686481,10|15|26.827|30|35|40|51.7947|220
0.8201102588686481,10|15|40|50|51.7947|60|150|220
0.8201102588686481,7.19686|10|13.895|20|40|50|220|1000
0.8201102588686481,7.19686|10|15|20|40|50|220|1000
0.8201102588686481,10|20|25|30|50|60|220|1000
0.8201102588686481,10|20|26.827|30|50|60|220|1000
0.8199904122722914,7.19686|10|13.895|51.7947|60|220
0.8199904122722914,7.19686|10|15|51.7947|60|220
0.8199904122722914,10|35|40|50|70|220
0.8199904122722914,10|35|40|50|150|220
0.8199904122722914,7.19686|10|13.895|15|51.7947|60|220
0.8199904122722914,10|13.895|35|40|50|70|220
0.8199904122722914,10|13.895|35|40|50|150|220
0.8199904122722914,10|15|35|40|50|70|220
0.8199904122722914,10|15|35|40|50|150|220
0.8199904122722914,10|13.895|21.5443|25|51.7947|220|1000
0.8199904122722914,10|13.895|15|35|40|50|70|220
0.8199904122722914,10|13.895|15|35|40|50|150|220
0.8199904122722914,10|20|26.827|35|40|50|51.7947|220
0.8199904122722914,10|13.895|21.5443|22|25|51.7947|220|1000
0.8199904122722914,10|20|25|30|35|50|220|1000
0.8199904122722914,10|20|25|30|35|51.7947|220|1000
0.8198705656759347,10|40|51.7947|220
0.8198705656759347,10|13.895|40|51.7947|220
0.8198705656759347,10|15|40|51.7947|220
0.8198705656759347,10|30|35|50|220
0.8198705656759347,10|30|35|51.7947|220
0.8198705656759347,10|13.895|15|40|51.7947|220
0.8198705656759347,10|13.895|30|35|50|220
0.8198705656759347,10|13.895|30|35|51.7947|220
0.8198705656759347,10|15|30|35|50|220
0.8198705656759347,10|15|30|35|51.7947|220
0.8198705656759347,10|30|35|40|50|220
0.8198705656759347,10|30|35|40|51.7947|220
0.8198705656759347,10|13.895|15|30|35|50|220
0.8198705656759347,10|13.895|15|30|35|51.7947|220
0.8198705656759347,10|13.895|30|35|40|50|220
0.8198705656759347,10|13.895|30|35|40|51.7947|220
0.8198705656759347,10|15|30|35|40|50|220
0.8198705656759347,10|15|30|35|40|51.7947|220
0.8198705656759347,10|35|40|50|60|70|220
0.8198705656759347,10|13.895|15|30|35|40|50|220
0.8198705656759347,10|13.895|15|30|35|40|51.7947|220
0.8198705656759347,10|13.895|35|40|50|60|70|220
0.8198705656759347,10|15|35|40|50|60|70|220
0.8198705656759347,10|20|26.827|30|35|50|220|1000
0.8198705656759347,10|20|26.827|30|35|51.7947|220|1000
0.8197507190795782,10|20|26.827|51.7947|220
0.8197507190795782,10|26.827|30|50|220
0.8197507190795782,10|13.895|20|26.827|51.7947|220
0.8197507190795782,10|13.895|26.827|30|50|220
0.8197507190795782,10|15|20|26.827|51.7947|220
0.8197507190795782,10|15|26.827|30|50|220
0.8197507190795782,10|20|35|51.7947|60|220
0.8197507190795782,10|26.827|30|40|50|220
0.8197507190795782,10|20|25|51.7947|220|1000
0.8197507190795782,7.19686|10|20|26.827|50|51.7947|220
0.8197507190795782,7.19686|13.895|20|25|35|60|220
0.8197507190795782,10|13.895|15|20|26.827|51.7947|220
0.8197507190795782,10|13.895|15|26.827|30|50|220
0.8197507190795782,10|13.895|20|21.5443|26.827|51.7947|220
0.8197507190795782,10|13.895|20|35|51.7947|60|220
0.8197507190795782,10|13.895|26.827|30|40|50|220
0.8197507190795782,10|15|20|35|51.7947|60|220
0.8197507190795782,10|15|26.827|30|40|50|220
0.8197507190795782,10|13.895|20|25|51.7947|220|1000
0.8197507190795782,10|15|20|25|51.7947|220|1000
0.8197507190795782,10|20|25|26.827|51.7947|220|1000
0.8197507190795782,7.19686|10|13.895|20|26.827|50|51.7947|220
0.8197507190795782,7.19686|10|15|20|26.827|50|51.7947|220
0.8197507190795782,7.19686|10|20|21.5443|26.827|50|51.7947|220
0.8197507190795782,7.19686|13.895|15|20|25|35|60|220
0.8197507190795782,10|13.895|15|20|21.5443|26.827|51.7947|220
0.8197507190795782,10|13.895|15|20|35|51.7947|60|220
0.8197507190795782,10|13.895|15|26.827|30|40|50|220
0.8197507190795782,7.19686|10|20|35|40|50|220|1000
0.8197507190795782,7.19686|10|21.5443|35|40|50|220|1000
0.8197507190795782,7.19686|10|25|35|50|51.7947|220|1000
0.8197507190795782,10|13.895|15|20|25|51.7947|220|1000
0.8197507190795782,10|13.895|20|21.5443|25|51.7947|220|1000
0.8197507190795782,10|13.895|20|22|25|51.7947|220|1000
0.8197507190795782,10|13.895|20|25|26.827|51.7947|220|1000
0.8197507190795782,10|15|20|25|26.827|51.7947|220|1000
0.8196308724832215,10|30|50|220
0.8196308724832215,10|30|51.7947|220
0.8196308724832215,10|13.895|30|50|220
0.8196308724832215,10|13.895|30|51.7947|220
0.8196308724832215,10|15|30|50|220
0.8196308724832215,10|15|30|51.7947|220
0.8196308724832215,10|30|40|50|220
0.8196308724832215,10|30|40|51.7947|220
0.8196308724832215,10|13.895|15|30|50|220
0.8196308724832215,10|13.895|15|30|51.7947|220
0.8196308724832215,10|13.895|30|40|50|220
0.8196308724832215,10|13.895|30|40|51.7947|220
0.8196308724832215,10|15|30|40|50|220
0.8196308724832215,10|15|30|40|51.7947|220
0.8196308724832215,10|21.5443|35|50|60|220
0.8196308724832215,10|20|30|50|220|1000
0.8196308724832215,10|20|30|51.7947|220|1000
0.8196308724832215,10|25|35|51.7947|220|1000
0.8196308724832215,10|13.895|15|30|40|50|220
0.8196308724832215,10|13.895|15|30|40|51.7947|220
0.8196308724832215,10|13.895|21.5443|35|50|60|220
0.8196308724832215,10|15|21.5443|35|50|60|220
0.8196308724832215,10|20|26.827|40|50|51.7947|220
0.8196308724832215,10|13.895|20|30|50|220|1000
0.8196308724832215,10|13.895|20|30|51.7947|220|1000
0.8196308724832215,10|13.895|21.5443|30|51.7947|220|1000
0.8196308724832215,10|13.895|25|35|51.7947|220|1000
0.8196308724832215,10|15|20|30|50|220|1000
0.8196308724832215,10|15|20|30|51.7947|220|1000
0.8196308724832215,10|15|25|35|51.7947|220|1000
0.8196308724832215,10|20|30|40|50|220|1000
0.8196308724832215,10|20|30|40|51.7947|220|1000
0.8196308724832215,10|21.5443|22|30|51.7947|220|1000
0.8196308724832215,7.19686|10|15|35|50|51.7947|150|220
0.8196308724832215,7.19686|13.895|20|21.5443|25|35|60|220
0.8196308724832215,10|13.895|15|21.5443|35|50|60|220
0.8196308724832215,10|13.895|20|26.827|40|50|51.7947|220
0.8196308724832215,10|15|20|26.827|40|50|51.7947|220
0.8196308724832215,10|35|40|50|51.7947|60|150|220
0.8196308724832215,7.19686|10|21.5443|22|35|50|220|1000
0.8196308724832215,10|13.895|15|20|30|50|220|1000
0.8196308724832215,10|13.895|15|20|30|51.7947|220|1000
0.8196308724832215,10|13.895|15|25|35|51.7947|220|1000
0.8196308724832215,10|13.895|20|30|40|50|220|1000
0.8196308724832215,10|13.895|20|30|40|51.7947|220|1000
0.8196308724832215,10|13.895|21.5443|22|30|51.7947|220|1000
0.8196308724832215,10|13.895|21.5443|25|30|51.7947|220|1000
0.8196308724832215,10|13.895|21.5443|26.827|30|51.7947|220|1000
0.8196308724832215,10|13.895|21.5443|30|40|51.7947|220|1000
0.8196308724832215,10|15|20|30|40|50|220|1000
0.8196308724832215,10|15|20|30|40|51.7947|220|1000
0.8196308724832215,10|15|21.5443|22|30|51.7947|220|1000
0.8196308724832215,10|21.5443|22|30|40|51.7947|220|1000
0.8195110258868649,10|40|50|60|220
0.8195110258868649,7.19686|10|26.827|35|50|220
0.8195110258868649,10|15|40|50|60|220
0.8195110258868649,10|40|50|51.7947|150|220
0.8195110258868649,7.19686|10|13.895|26.827|35|50|220
0.8195110258868649,7.19686|10|15|26.827|35|50|220
0.8195110258868649,10|13.895|15|40|50|60|220
0.8195110258868649,10|13.895|40|50|51.7947|150|220
0.8195110258868649,10|15|40|50|51.7947|150|220
0.8195110258868649,10|20|25|30|50|220|1000
0.8195110258868649,10|20|25|30|51.7947|220|1000
0.8195110258868649,10|20|26.827|30|50|220|1000
0.8195110258868649,10|20|26.827|30|51.7947|220|1000
0.8195110258868649,7.19686|10|13.895|15|26.827|35|50|220
0.8195110258868649,7.19686|10|15|35|50|51.7947|70|220
0.8195110258868649,10|13.895|15|40|50|51.7947|150|220
0.8195110258868649,10|13.895|20|21.5443|35|50|60|220
0.8195110258868649,10|15|20|21.5443|35|50|60|220
0.8195110258868649,10|26.827|35|40|50|51.7947|70|220
0.8195110258868649,7.19686|10|20|22|35|50|220|1000
0.8195110258868649,7.19686|10|30|35|50|51.7947|220|1000
0.8195110258868649,10|13.895|20|21.5443|30|51.7947|220|1000
0.8195110258868649,10|13.895|20|22|30|51.7947|220|1000
0.8195110258868649,10|13.895|20|25|30|50|220|1000
0.8195110258868649,10|13.895|20|25|30|51.7947|220|1000
0.8195110258868649,10|13.895|20|26.827|30|50|220|1000
0.8195110258868649,10|13.895|20|26.827|30|51.7947|220|1000
0.8195110258868649,10|15|20|25|30|50|220|1000
0.8195110258868649,10|15|20|25|30|51.7947|220|1000
0.8195110258868649,10|15|20|26.827|30|50|220|1000
0.8195110258868649,10|15|20|26.827|30|51.7947|220|1000
0.8195110258868649,10|20|25|26.827|30|50|220|1000
0.8195110258868649,10|20|25|26.827|30|51.7947|220|1000
0.8195110258868649,10|20|25|30|40|50|220|1000
0.8195110258868649,10|20|25|30|40|51.7947|220|1000
0.8195110258868649,10|20|26.827|30|40|50|220|1000
0.8195110258868649,10|20|26.827|30|40|51.7947|220|1000
0.8195110258868649,10|21.5443|25|35|50|60|220|1000
0.8193911792905082,7.19686|10|51.7947|220
0.8193911792905082,7.19686|10|13.895|51.7947|220
0.8193911792905082,7.19686|10|15|51.7947|220
0.8193911792905082,7.19686|10|13.895|15|51.7947|220
0.8193911792905082,10|40|50|51.7947|70|220
0.8193911792905082,10|13.895|40|50|51.7947|70|220
0.8193911792905082,10|15|40|50|51.7947|70|220
0.8193911792905082,10|20|25|40|50|220|1000
0.8193911792905082,10|13.895|15|40|50|51.7947|70|220
0.8193911792905082,10|13.895|21.5443|26.827|35|50|60|220
0.8193911792905082,10|13.895|20|25|40|50|220|1000
0.8193911792905082,10|15|20|25|40|50|220|1000
0.8193911792905082,10|20|25|35|50|60|220|1000
0.8192713326941515,10|20|26.827|35|50|60|220
0.8192713326941515,10|40|50|51.7947|60|70|220
0.8192713326941515,10|13.895|20|26.827|35|50|60|220
0.8192713326941515,10|13.895|40|50|51.7947|60|70|220
0.8192713326941515,10|15|20|26.827|35|50|60|220
0.8192713326941515,10|15|40|50|51.7947|60|70|220
0.8192713326941515,7.19686|10|13.895|30|50|51.7947|220|1000
0.8191514860977949,10|20|35|51.7947|220
0.8191514860977949,10|13.895|20|35|51.7947|220
0.8191514860977949,10|15|20|35|51.7947|220
0.8191514860977949,10|35|51.7947|70|150|220
0.8191514860977949,10|13.895|15|20|35|51.7947|220
0.8191514860977949,10|13.895|35|51.7947|70|150|220
0.8191514860977949,10|15|35|51.7947|70|150|220
0.8191514860977949,10|13.895|15|35|51.7947|70|150|220
0.8191514860977949,7.19686|10|21.5443|26.827|40|50|220|1000
0.8191514860977949,10|20|30|35|50|51.7947|220|1000
0.8191514860977949,10|20|30|50|51.7947|60|220|1000
0.8190316395014382,7.19686|10|13.895|35|50|220
0.8190316395014382,7.19686|10|15|35|50|220
0.8190316395014382,10|35|40|50|60|220
0.8190316395014382,7.19686|10|13.895|15|35|50|220
0.8190316395014382,7.19686|10|13.895|50|51.7947|150|220
0.8190316395014382,10|13.895|35|40|50|60|220
0.8190316395014382,10|15|35|40|50|60|220
0.8190316395014382,10|26.827|30|35|50|51.7947|220
0.8190316395014382,10|35|40|50|51.7947|150|220
0.8190316395014382,10|35|51.7947|60|70|150|220
0.8190316395014382,7.19686|10|20|35|51.7947|220|1000
0.8190316395014382,7.19686|10|21.5443|35|51.7947|220|1000
0.8190316395014382,10|25|30|35|50|220|1000
0.8190316395014382,7.19686|10|13.895|15|50|51.7947|150|220
0.8190316395014382,10|13.895|15|35|40|50|60|220
0.8190316395014382,10|13.895|20|22|26.827|50|51.7947|220
0.8190316395014382,10|13.895|26.827|30|35|50|51.7947|220
0.8190316395014382,10|13.895|35|40|50|51.7947|150|220
0.8190316395014382,10|13.895|35|51.7947|60|70|150|220
0.8190316395014382,10|15|26.827|30|35|50|51.7947|220
0.8190316395014382,10|15|35|40|50|51.7947|150|220
0.8190316395014382,10|15|35|51.7947|60|70|150|220
0.8190316395014382,10|26.827|30|35|40|50|51.7947|220
0.8190316395014382,7.19686|10|13.895|20|35|51.7947|220|1000
0.8190316395014382,7.19686|10|13.895|21.5443|35|51.7947|220|1000
0.8190316395014382,7.19686|10|15|20|35|51.7947|220|1000
0.8190316395014382,7.19686|10|15|21.5443|35|51.7947|220|1000
0.8190316395014382,7.19686|10|20|26.827|40|50|220|1000
0.8190316395014382,10|13.895|25|30|35|50|220|1000
0.8190316395014382,10|15|25|30|35|50|220|1000
0.8190316395014382,10|25|26.827|30|35|50|220|1000
0.8190316395014382,10|25|30|35|40|50|220|1000
0.8189117929050815,10|40|50|220
0.8189117929050815,7.19686|10|26.827|50|220
0.8189117929050815,10|13.895|40|50|220
0.8189117929050815,10|15|40|50|220
0.8189117929050815,7.19686|10|13.895|26.827|50|220
0.8189117929050815,7.19686|10|15|26.827|50|220
0.8189117929050815,10|13.895|15|40|50|220
0.8189117929050815,10|26.827|35|40|50|220
0.8189117929050815,7.19686|10|13.895|15|26.827|50|220
0.8189117929050815,7.19686|10|13.895|50|51.7947|70|220
0.8189117929050815,10|13.895|26.827|35|40|50|220
0.8189117929050815,10|15|26.827|35|40|50|220
0.8189117929050815,10|35|40|50|51.7947|70|220
0.8189117929050815,7.19686|10|13.895|15|50|51.7947|70|220
0.8189117929050815,10|13.895|15|26.827|35|40|50|220
0.8189117929050815,10|13.895|35|40|50|51.7947|70|220
0.8189117929050815,10|15|35|40|50|51.7947|70|220
0.8189117929050815,7.19686|10|20|21.5443|35|51.7947|220|1000
0.8189117929050815,7.19686|10|21.5443|26.827|35|51.7947|220|1000
0.8189117929050815,10|20|25|35|40|50|220|1000
0.8187919463087249,10|20|51.7947|60|220
0.8187919463087249,10|13.895|20|51.7947|60|220
0.8187919463087249,10|15|20|51.7947|60|220
0.8187919463087249,10|30|35|50|51.7947|220
0.8187919463087249,10|20|25|50|220|1000
0.8187919463087249,10|13.895|15|20|51.7947|60|220
0.8187919463087249,10|13.895|21.5443|26.827|50|60|220
0.8187919463087249,10|13.895|30|35|50|51.7947|220
0.8187919463087249,10|15|30|35|50|51.7947|220
0.8187919463087249,10|30|35|40|50|51.7947|220
0.8187919463087249,10|13.895|20|25|50|220|1000
0.8187919463087249,10|15|20|25|50|220|1000
0.8187919463087249,10|20|25|35|50|220|1000
0.8187919463087249,7.19686|10|13.895|50|51.7947|60|70|220
0.8187919463087249,10|13.895|15|21.5443|26.827|50|60|220
0.8187919463087249,10|13.895|15|30|35|50|51.7947|220
0.8187919463087249,10|13.895|30|35|40|50|51.7947|220
0.8187919463087249,10|15|30|35|40|50|51.7947|220
0.8187919463087249,7.19686|10|20|26.827|35|51.7947|220|1000
0.8187919463087249,7.19686|10|21.5443|22|26.827|50|220|1000
0.8187919463087249,10|13.895|15|20|25|50|220|1000
0.8187919463087249,10|13.895|20|25|35|50|220|1000
0.8187919463087249,10|15|20|25|35|50|220|1000
0.8187919463087249,10|20|25|26.827|35|50|220|1000
0.8186720997123682,10|20|26.827|35|50|220
0.8186720997123682,10|26.827|30|50|51.7947|220
0.8186720997123682,10|13.895|20|26.827|35|50|220
0.8186720997123682,10|13.895|26.827|30|50|51.7947|220
0.8186720997123682,10|15|20|26.827|35|50|220
0.8186720997123682,10|15|26.827|30|50|51.7947|220
0.8186720997123682,10|26.827|30|40|50|51.7947|220
0.8186720997123682,10|13.895|15|20|26.827|35|50|220
0.8186720997123682,10|13.895|15|26.827|30|50|51.7947|220
0.8186720997123682,10|13.895|26.827|30|40|50|51.7947|220
0.8186720997123682,10|15|26.827|30|40|50|51.7947|220
0.8185522531160115,10|26.827|40|50|220
0.8185522531160115,10|30|50|51.7947|220
0.8185522531160115,10|13.895|26.827|40|50|220
0.8185522531160115,10|13.895|30|50|51.7947|220
0.8185522531160115,10|15|26.827|40|50|220
0.8185522531160115,10|15|30|50|51.7947|220
0.8185522531160115,10|30|40|50|51.7947|220
0.8185522531160115,10|25|30|50|220|1000
0.8185522531160115,10|13.895|15|26.827|40|50|220
0.8185522531160115,10|13.895|15|30|50|51.7947|220
0.8185522531160115,10|13.895|30|40|50|51.7947|220
0.8185522531160115,10|15|30|40|50|51.7947|220
0.8185522531160115,10|21.5443|35|50|51.7947|60|220
0.8185522531160115,10|13.895|25|30|50|220|1000
0.8185522531160115,10|15|25|30|50|220|1000
0.8185522531160115,10|20|30|50|51.7947|220|1000
0.8185522531160115,10|25|26.827|30|50|220|1000
0.8185522531160115,10|25|30|40|50|220|1000
0.8185522531160115,10|13.895|15|30|40|50|51.7947|220
0.8185522531160115,10|13.895|21.5443|35|50|51.7947|60|220
0.8185522531160115,10|26.827|35|50|51.7947|70|150|220
0.8185522531160115,10|13.895|15|25|30|50|220|1000
0.8185522531160115,10|13.895|20|30|50|51.7947|220|1000
0.8185522531160115,10|13.895|21.5443|30|50|51.7947|220|1000
0.8185522531160115,10|13.895|25|26.827|30|50|220|1000
0.8185522531160115,10|13.895|25|30|40|50|220|1000
0.8185522531160115,10|15|20|30|50|51.7947|220|1000
0.8185522531160115,10|15|25|26.827|30|50|220|1000
0.8185522531160115,10|15|25|30|40|50|220|1000
0.8185522531160115,10|20|30|40|50|51.7947|220|1000
0.8185522531160115,10|21.5443|22|30|50|51.7947|220|1000
0.8185522531160115,10|25|26.827|30|40|50|220|1000
0.8184324065196549,10|26.827|35|51.7947|220
0.8184324065196549,10|35|40|50|220
0.8184324065196549,7.19686|10|13.895|15|50|220
0.8184324065196549,10|13.895|26.827|35|51.7947|220
0.8184324065196549,10|13.895|35|40|50|220
0.8184324065196549,10|15|26.827|35|51.7947|220
0.8184324065196549,10|15|35|40|50|220
0.8184324065196549,10|20|26.827|50|60|220
0.8184324065196549,10|35|51.7947|60|150|220
0.8184324065196549,10|40|50|51.7947|60|220
0.8184324065196549,10|25|40|50|220|1000
0.8184324065196549,7.19686|10|26.827|35|50|51.7947|220
0.8184324065196549,10|13.895|15|26.827|35|51.7947|220
0.8184324065196549,10|13.895|15|35|40|50|220
0.8184324065196549,10|13.895|20|26.827|50|60|220
0.8184324065196549,10|13.895|35|51.7947|60|150|220
0.8184324065196549,10|13.895|40|50|51.7947|60|220
0.8184324065196549,10|15|20|26.827|50|60|220
0.8184324065196549,10|15|35|51.7947|60|150|220
0.8184324065196549,10|15|40|50|51.7947|60|220
0.8184324065196549,10|13.895|25|40|50|220|1000
0.8184324065196549,10|15|25|40|50|220|1000
0.8184324065196549,7.19686|10|13.895|26.827|35|50|51.7947|220
0.8184324065196549,7.19686|10|15|26.827|35|50|51.7947|220
0.8184324065196549,10|13.895|15|20|26.827|50|60|220
0.8184324065196549,10|13.895|15|35|51.7947|60|150|220
0.8184324065196549,10|13.895|15|40|50|51.7947|60|220
0.8184324065196549,10|13.895|20|21.5443|26.827|50|60|220
0.8184324065196549,10|15|20|21.5443|26.827|50|60|220
0.8184324065196549,10|13.895|15|25|40|50|220|1000
0.8184324065196549,10|20|25|26.827|40|50|220|1000
0.8184324065196549,10|20|25|26.827|50|60|220|1000
0.8184324065196549,10|20|25|30|50|51.7947|220|1000
0.8184324065196549,10|20|26.827|30|50|51.7947|220|1000
0.8183125599232982,7.19686|10|21.5443|26.827|51.7947|220|1000
0.8183125599232982,7.19686|10|13.895|21.5443|26.827|51.7947|220|1000
0.8183125599232982,7.19686|10|15|21.5443|26.827|51.7947|220|1000
0.8183125599232982,10|20|25|40|50|51.7947|220|1000
0.8181927133269415,10|13.895|20|51.7947|220
0.8181927133269415,10|15|20|51.7947|220
0.8181927133269415,10|25|51.7947|220|1000
0.8181927133269415,10|13.895|15|20|51.7947|220
0.8181927133269415,10|13.895|25|51.7947|220|1000
0.8181927133269415,10|15|25|51.7947|220|1000
0.8181927133269415,10|13.895|15|25|51.7947|220|1000
0.8181927133269415,10|20|26.827|35|50|51.7947|60|220
0.8179530201342282,10|20|35|50|60|220
0.8179530201342282,7.19686|10|13.895|50|51.7947|60|220
0.8179530201342282,7.19686|10|15|35|50|51.7947|220
0.8179530201342282,10|13.895|20|35|50|60|220
0.8179530201342282,10|13.895|21.5443|35|50|51.7947|220
0.8179530201342282,10|15|20|35|50|60|220
0.8179530201342282,10|35|40|50|51.7947|60|220
0.8179530201342282,10|25|35|40|50|220|1000
0.8179530201342282,7.19686|10|13.895|15|35|50|51.7947|220
0.8179530201342282,7.19686|10|13.895|15|50|51.7947|60|220
0.8179530201342282,10|13.895|15|20|35|50|60|220
0.8179530201342282,10|13.895|35|40|50|51.7947|60|220
0.8179530201342282,10|15|35|40|50|51.7947|60|220
0.8179530201342282,10|13.895|21.5443|25|50|51.7947|220|1000
0.8179530201342282,10|13.895|25|35|40|50|220|1000
0.8179530201342282,10|15|25|35|40|50|220|1000
0.8179530201342282,10|25|26.827|35|40|50|220|1000
0.8178331735378715,10|20|26.827|50|220
0.8178331735378715,10|20|50|60|220
0.8178331735378715,10|35|51.7947|150|220
0.8178331735378715,10|40|50|51.7947|220
0.8178331735378715,10|13.895|20|26.827|50|220
0.8178331735378715,10|13.895|20|50|60|220
0.8178331735378715,10|13.895|35|51.7947|150|220
0.8178331735378715,10|13.895|40|50|51.7947|220
0.8178331735378715,10|15|20|26.827|50|220
0.8178331735378715,10|15|20|50|60|220
0.8178331735378715,10|15|35|51.7947|150|220
0.8178331735378715,10|15|40|50|51.7947|220
0.8178331735378715,10|25|35|50|220|1000
0.8178331735378715,10|13.895|15|20|26.827|50|220
0.8178331735378715,10|13.895|15|20|50|60|220
0.8178331735378715,10|13.895|15|35|51.7947|150|220
0.8178331735378715,10|13.895|15|40|50|51.7947|220
0.8178331735378715,10|26.827|35|40|50|51.7947|220
0.8178331735378715,10|13.895|25|35|50|220|1000
0.8178331735378715,10|15|25|35|50|220|1000
0.8178331735378715,10|20|25|26.827|50|220|1000
0.8178331735378715,10|25|26.827|35|50|220|1000
0.8178331735378715,10|26.827|30|35|50|220|1000
0.8178331735378715,10|13.895|20|21.5443|35|50|51.7947|220
0.8178331735378715,10|13.895|26.827|35|40|50|51.7947|220
0.8178331735378715,10|15|26.827|35|40|50|51.7947|220
0.8178331735378715,7.19686|10|20|35|50|60|220|1000
0.8178331735378715,7.19686|10|21.5443|35|50|60|220|1000
0.8178331735378715,10|13.895|15|25|35|50|220|1000
0.8178331735378715,10|13.895|20|25|26.827|50|220|1000
0.8178331735378715,10|13.895|25|26.827|35|50|220|1000
0.8178331735378715,10|13.895|26.827|30|35|50|220|1000
0.8178331735378715,10|15|20|25|26.827|50|220|1000
0.8178331735378715,10|15|25|26.827|35|50|220|1000
0.8178331735378715,10|15|26.827|30|35|50|220|1000
0.8178331735378715,10|26.827|30|35|40|50|220|1000
0.8177133269415149,10|35|51.7947|70|220
0.8177133269415149,10|51.7947|70|150|220
0.8177133269415149,10|13.895|35|51.7947|70|220
0.8177133269415149,10|13.895|51.7947|70|150|220
0.8177133269415149,10|15|35|51.7947|70|220
0.8177133269415149,10|15|51.7947|70|150|220
0.8177133269415149,10|13.895|15|35|51.7947|70|220
0.8177133269415149,10|13.895|15|51.7947|70|150|220
0.8177133269415149,10|20|25|50|51.7947|220|1000
0.8177133269415149,10|13.895|21.5443|26.827|50|51.7947|60|220
0.8177133269415149,10|13.895|20|25|50|51.7947|220|1000
0.8177133269415149,10|15|20|25|50|51.7947|220|1000
0.8177133269415149,10|20|25|35|50|51.7947|220|1000
0.8175934803451582,10|35|150|220
0.8175934803451582,10|13.895|35|150|220
0.8175934803451582,10|51.7947|60|70|150|220
0.8175934803451582,10|30|35|50|220|1000
0.8175934803451582,10|30|35|51.7947|220|1000
0.8175934803451582,10|13.895|51.7947|60|70|150|220
0.8175934803451582,10|15|51.7947|60|70|150|220
0.8175934803451582,10|20|26.827|35|50|51.7947|220
0.8175934803451582,10|13.895|30|35|50|220|1000
0.8175934803451582,10|13.895|30|35|51.7947|220|1000
0.8175934803451582,10|15|30|35|50|220|1000
0.8175934803451582,10|15|30|35|51.7947|220|1000
0.8175934803451582,10|30|35|40|50|220|1000
0.8175934803451582,10|30|35|40|51.7947|220|1000
0.8175934803451582,10|13.895|15|51.7947|60|70|150|220
0.8175934803451582,10|13.895|20|26.827|35|50|51.7947|220
0.8175934803451582,10|15|20|26.827|35|50|51.7947|220
0.8175934803451582,10|13.895|15|30|35|50|220|1000
0.8175934803451582,10|13.895|15|30|35|51.7947|220|1000
0.8175934803451582,10|13.895|30|35|40|50|220|1000
0.8175934803451582,10|13.895|30|35|40|51.7947|220|1000
0.8175934803451582,10|15|30|35|40|50|220|1000
0.8175934803451582,10|15|30|35|40|51.7947|220|1000
0.8174736337488016,10|26.827|40|50|51.7947|220
0.8174736337488016,10|26.827|30|50|220|1000
0.8174736337488016,10|13.895|26.827|40|50|51.7947|220
0.8174736337488016,10|15|26.827|40|50|51.7947|220
0.8174736337488016,10|13.895|26.827|30|50|220|1000
0.8174736337488016,10|15|26.827|30|50|220|1000
0.8174736337488016,10|25|26.827|40|50|220|1000
0.8174736337488016,10|26.827|30|40|50|220|1000
0.8174736337488016,10|13.895|15|26.827|40|50|51.7947|220
0.8174736337488016,10|13.895|15|26.827|30|50|220|1000
0.8174736337488016,10|13.895|25|26.827|40|50|220|1000
0.8174736337488016,10|13.895|26.827|30|40|50|220|1000
0.8174736337488016,10|15|25|26.827|40|50|220|1000
0.8174736337488016,10|15|26.827|30|40|50|220|1000
0.8173537871524449,7.19686|10|50|51.7947|220
0.8173537871524449,10|20|35|50|220
0.8173537871524449,10|30|50|220|1000
0.8173537871524449,10|30|51.7947|220|1000
0.8173537871524449,7.19686|10|13.895|50|51.7947|220
0.8173537871524449,7.19686|10|15|50|51.7947|220
0.8173537871524449,10|13.895|20|35|50|220
0.8173537871524449,10|15|20|35|50|220
0.8173537871524449,10|35|40|50|51.7947|220
0.8173537871524449,10|13.895|30|50|220|1000
0.8173537871524449,10|13.895|30|51.7947|220|1000
0.8173537871524449,10|15|30|50|220|1000
0.8173537871524449,10|15|30|51.7947|220|1000
0.8173537871524449,10|30|40|50|220|1000
0.8173537871524449,10|30|40|51.7947|220|1000
0.8173537871524449,7.19686|10|13.895|15|50|51.7947|220
0.8173537871524449,10|13.895|15|20|35|50|220
0.8173537871524449,10|13.895|35|40|50|51.7947|220
0.8173537871524449,10|15|35|40|50|51.7947|220
0.8173537871524449,10|13.895|15|30|50|220|1000
0.8173537871524449,10|13.895|15|30|51.7947|220|1000
0.8173537871524449,10|13.895|30|40|50|220|1000
0.8173537871524449,10|13.895|30|40|51.7947|220|1000
0.8173537871524449,10|15|30|40|50|220|1000
0.8173537871524449,10|15|30|40|51.7947|220|1000
0.8173537871524449,10|13.895|15|35|40|50|51.7947|220
0.8173537871524449,10|13.895|15|30|40|50|220|1000
0.8173537871524449,10|13.895|15|30|40|51.7947|220|1000
0.8172339405560882,10|20|50|220
0.8172339405560882,10|13.895|20|50|220
0.8172339405560882,10|15|20|50|220
0.8172339405560882,10|25|50|220|1000
0.8172339405560882,10|13.895|15|20|50|220
0.8172339405560882,7.19686|10|21.5443|50|220|1000
0.8172339405560882,10|13.895|25|50|220|1000
0.8172339405560882,10|15|25|50|220|1000
0.8172339405560882,7.19686|10|13.895|21.5443|50|220|1000
0.8172339405560882,7.19686|10|15|21.5443|50|220|1000
0.8172339405560882,7.19686|10|20|35|50|220|1000
0.8172339405560882,7.19686|10|21.5443|35|50|220|1000
0.8172339405560882,10|13.895|15|25|50|220|1000
0.8172339405560882,7.19686|10|13.895|15|21.5443|50|220|1000
0.8172339405560882,7.19686|10|13.895|20|35|50|220|1000
0.8172339405560882,7.19686|10|13.895|21.5443|35|50|220|1000
0.8172339405560882,7.19686|10|15|20|35|50|220|1000
0.8172339405560882,7.19686|10|15|21.5443|35|50|220|1000
0.8171140939597316,10|26.827|35|50|60|220
0.8171140939597316,7.19686|10|20|50|220|1000
0.8171140939597316,10|25|26.827|50|220|1000
0.8171140939597316,10|13.895|26.827|35|50|60|220
0.8171140939597316,10|15|26.827|35|50|60|220
0.8171140939597316,7.19686|10|13.895|20|50|220|1000
0.8171140939597316,7.19686|10|15|20|50|220|1000
0.8171140939597316,10|13.895|25|26.827|50|220|1000
0.8171140939597316,10|15|25|26.827|50|220|1000
0.8171140939597316,10|13.895|15|26.827|35|50|60|220
0.8171140939597316,7.19686|10|13.895|15|20|50|220|1000
0.8171140939597316,7.19686|10|20|21.5443|35|50|220|1000
0.8171140939597316,10|13.895|15|25|26.827|50|220|1000
0.8169942473633749,10|51.7947|60|150|220
0.8169942473633749,10|13.895|51.7947|60|150|220
0.8169942473633749,10|15|51.7947|60|150|220
0.8169942473633749,10|13.895|15|51.7947|60|150|220
0.8169942473633749,7.19686|10|20|21.5443|50|220|1000
0.8169942473633749,7.19686|10|13.895|20|21.5443|50|220|1000
0.8169942473633749,7.19686|10|15|20|21.5443|50|220|1000
0.8169942473633749,7.19686|10|21.5443|26.827|35|50|220|1000
0.8168744007670182,10|20|35|50|51.7947|60|220
0.8168744007670182,10|13.895|20|35|50|51.7947|60|220
0.8168744007670182,10|15|20|35|50|51.7947|60|220
0.8168744007670182,7.19686|10|20|26.827|35|50|220|1000
0.8168744007670182,10|25|35|40|50|51.7947|220|1000
0.8167545541706616,10|35|51.7947|60|220
0.8167545541706616,10|13.895|35|51.7947|60|220
0.8167545541706616,10|15|35|51.7947|60|220
0.8167545541706616,10|20|26.827|50|51.7947|220
0.8167545541706616,10|20|50|51.7947|60|220
0.8167545541706616,10|13.895|15|35|51.7947|60|220
0.8167545541706616,10|13.895|20|26.827|50|51.7947|220
0.8167545541706616,10|13.895|20|50|51.7947|60|220
0.8167545541706616,10|15|20|26.827|50|51.7947|220
0.8167545541706616,10|15|20|50|51.7947|60|220
0.8167545541706616,10|25|35|50|51.7947|220|1000
0.8167545541706616,10|13.895|15|20|26.827|50|51.7947|220
0.8167545541706616,10|13.895|15|20|50|51.7947|60|220
0.8167545541706616,10|13.895|20|21.5443|26.827|50|51.7947|220
0.8167545541706616,10|13.895|25|35|50|51.7947|220|1000
0.8167545541706616,10|15|25|35|50|51.7947|220|1000
0.8167545541706616,10|20|25|26.827|50|51.7947|220|1000
0.8167545541706616,10|25|26.827|35|50|51.7947|220|1000
0.8167545541706616,10|26.827|30|35|50|51.7947|220|1000
0.8166347075743049,10|20|35|51.7947|60|220|1000
0.8166347075743049,10|21.5443|35|51.7947|60|220|1000
0.8166347075743049,10|13.895|20|35|51.7947|60|220|1000
0.8166347075743049,10|13.895|21.5443|35|51.7947|60|220|1000
0.8166347075743049,10|15|20|35|51.7947|60|220|1000
0.8165148609779482,10|26.827|35|50|220
0.8165148609779482,10|13.895|26.827|35|50|220
0.8165148609779482,10|15|26.827|35|50|220
0.8165148609779482,10|13.895|15|26.827|35|50|220
0.8165148609779482,10|30|35|50|51.7947|220|1000
0.8165148609779482,10|13.895|30|35|50|51.7947|220|1000
0.8165148609779482,10|15|30|35|50|51.7947|220|1000
0.8165148609779482,10|30|35|40|50|51.7947|220|1000
0.8163950143815916,10|51.7947|150|220
0.8163950143815916,10|13.895|51.7947|150|220
0.8163950143815916,10|15|51.7947|150|220
0.8163950143815916,10|13.895|15|51.7947|150|220
0.8163950143815916,7.19686|10|21.5443|26.827|50|220|1000
0.8163950143815916,7.19686|10|13.895|21.5443|26.827|50|220|1000
0.8163950143815916,7.19686|10|15|21.5443|26.827|50|220|1000
0.8162751677852349,10|51.7947|70|220
0.8162751677852349,10|13.895|51.7947|70|220
0.8162751677852349,10|15|51.7947|70|220
0.8162751677852349,10|13.895|15|51.7947|70|220
0.8162751677852349,10|20|35|50|51.7947|220
0.8162751677852349,10|30|50|51.7947|220|1000
0.8162751677852349,10|13.895|20|35|50|51.7947|220
0.8162751677852349,10|15|20|35|50|51.7947|220
0.8162751677852349,10|35|50|51.7947|70|150|220
0.8162751677852349,7.19686|10|13.895|51.7947|150|220|1000
0.8162751677852349,7.19686|10|15|51.7947|150|220|1000
0.8162751677852349,10|13.895|30|50|51.7947|220|1000
0.8162751677852349,10|15|30|50|51.7947|220|1000
0.8162751677852349,10|30|40|50|51.7947|220|1000
0.8162751677852349,10|13.895|15|20|35|50|51.7947|220
0.8162751677852349,10|13.895|35|50|51.7947|70|150|220
0.8162751677852349,10|15|35|50|51.7947|70|150|220
0.8162751677852349,7.19686|10|13.895|15|51.7947|150|220|1000
0.8162751677852349,10|13.895|15|30|50|51.7947|220|1000
0.8162751677852349,10|13.895|30|40|50|51.7947|220|1000
0.8162751677852349,10|15|30|40|50|51.7947|220|1000
0.8161553211888782,10|150|220
0.8161553211888782,10|13.895|150|220
0.8161553211888782,10|35|51.7947|220
0.8161553211888782,10|13.895|35|51.7947|220
0.8161553211888782,10|15|35|51.7947|220
0.8161553211888782,10|51.7947|60|70|220
0.8161553211888782,7.19686|13.895|20|25|40|220
0.8161553211888782,10|13.895|15|35|51.7947|220
0.8161553211888782,10|13.895|20|50|51.7947|220
0.8161553211888782,10|13.895|51.7947|60|70|220
0.8161553211888782,10|15|20|50|51.7947|220
0.8161553211888782,10|15|51.7947|60|70|220
0.8161553211888782,10|25|50|51.7947|220|1000
0.8161553211888782,7.19686|13.895|20|22|25|40|220
0.8161553211888782,7.19686|13.895|20|25|35|40|220
0.8161553211888782,10|13.895|15|20|50|51.7947|220
0.8161553211888782,10|13.895|15|51.7947|60|70|220
0.8161553211888782,10|13.895|25|50|51.7947|220|1000
0.8161553211888782,10|15|25|50|51.7947|220|1000
0.8161553211888782,7.19686|13.895|20|22|25|35|40|220
0.8161553211888782,10|35|50|51.7947|60|70|150|220
0.8161553211888782,7.19686|10|20|35|50|51.7947|220|1000
0.8161553211888782,7.19686|10|21.5443|35|50|51.7947|220|1000
0.8161553211888782,10|13.895|15|25|50|51.7947|220|1000
0.8160354745925216,7.19686|13.895|20|25|35|220
0.8160354745925216,10|20|35|51.7947|220|1000
0.8160354745925216,7.19686|13.895|20|21.5443|25|40|220
0.8160354745925216,7.19686|13.895|20|22|25|35|220
0.8160354745925216,7.19686|10|15|35|51.7947|220|1000
0.8160354745925216,7.19686|10|20|26.827|50|220|1000
0.8160354745925216,10|13.895|20|35|51.7947|220|1000
0.8160354745925216,10|13.895|21.5443|35|51.7947|220|1000
0.8160354745925216,10|15|20|35|51.7947|220|1000
0.8160354745925216,7.19686|13.895|20|21.5443|22|25|40|220
0.8160354745925216,7.19686|13.895|20|21.5443|25|35|40|220
0.8160354745925216,7.19686|10|13.895|15|35|51.7947|220|1000
0.8160354745925216,7.19686|10|13.895|20|26.827|50|220|1000
0.8160354745925216,7.19686|10|15|20|26.827|50|220|1000
0.8160354745925216,7.19686|10|20|21.5443|26.827|50|220|1000
0.8160354745925216,10|13.895|15|20|35|51.7947|220|1000
0.8159156279961649,10|26.827|50|220
0.8159156279961649,10|13.895|26.827|50|220
0.8159156279961649,10|15|26.827|50|220
0.8159156279961649,10|35|50|70|220
0.8159156279961649,10|35|50|150|220
0.8159156279961649,10|13.895|15|26.827|50|220
0.8159156279961649,10|13.895|35|50|70|220
0.8159156279961649,10|13.895|35|50|150|220
0.8159156279961649,10|15|35|50|70|220
0.8159156279961649,10|15|35|50|150|220
0.8159156279961649,7.19686|13.895|20|21.5443|25|35|220
0.8159156279961649,10|13.895|15|35|50|70|220
0.8159156279961649,10|13.895|15|35|50|150|220
0.8159156279961649,7.19686|13.895|20|21.5443|22|25|35|220
0.8159156279961649,10|13.895|20|21.5443|35|51.7947|220|1000
0.8157957813998082,10|35|50|60|70|220
0.8157957813998082,10|13.895|35|50|60|70|220
0.8157957813998082,10|15|35|50|60|70|220
0.8157957813998082,10|20|26.827|35|51.7947|220|1000
0.8157957813998082,10|13.895|15|35|50|60|70|220
0.8157957813998082,10|13.895|20|26.827|35|51.7947|220|1000
0.8157957813998082,10|15|20|26.827|35|51.7947|220|1000
0.8156759348034516,10|50|51.7947|70|150|220
0.8156759348034516,10|13.895|50|51.7947|70|150|220
0.8156759348034516,10|15|50|51.7947|70|150|220
0.8156759348034516,10|13.895|15|50|51.7947|70|150|220
0.8155560882070949,10|35|50|51.7947|60|150|220
0.8155560882070949,10|50|51.7947|60|70|150|220
0.8155560882070949,10|13.895|35|50|51.7947|60|150|220
0.8155560882070949,10|13.895|50|51.7947|60|70|150|220
0.8155560882070949,10|15|35|50|51.7947|60|150|220
0.8155560882070949,10|15|50|51.7947|60|70|150|220
0.8154362416107382,10|26.827|35|50|51.7947|220
0.8154362416107382,7.19686|13.895|15|20|25|40|220
0.8154362416107382,7.19686|13.895|20|25|26.827|35|220
0.8154362416107382,10|13.895|26.827|35|50|51.7947|220
0.8154362416107382,10|15|26.827|35|50|51.7947|220
0.8154362416107382,7.19686|13.895|15|20|25|35|40|220
0.8154362416107382,7.19686|13.895|20|21.5443|25|26.827|35|220
0.8154362416107382,7.19686|13.895|20|22|25|26.827|35|220
0.8154362416107382,10|13.895|15|26.827|35|50|51.7947|220
0.8153163950143816,10|50|70|220
0.8153163950143816,10|50|150|220
0.8153163950143816,10|51.7947|60|220
0.8153163950143816,10|13.895|50|70|220
0.8153163950143816,10|13.895|50|150|220
0.8153163950143816,10|13.895|51.7947|60|220
0.8153163950143816,10|15|50|70|220
0.8153163950143816,10|15|50|150|220
0.8153163950143816,10|15|51.7947|60|220
0.8153163950143816,10|13.895|15|50|70|220
0.8153163950143816,10|13.895|15|50|150|220
0.8153163950143816,10|13.895|15|51.7947|60|220
0.8153163950143816,7.19686|13.895|15|20|25|35|220
0.8153163950143816,7.19686|13.895|15|20|22|25|35|220
0.8153163950143816,7.19686|10|21.5443|26.827|50|51.7947|220|1000
0.8151965484180249,10|15|50|60|70|220
0.8151965484180249,10|13.895|15|50|60|70|220
0.8151965484180249,7.19686|13.895|15|20|21.5443|25|35|220
0.8150767018216682,10|13.895|20|51.7947|220|1000
0.8150767018216682,10|15|20|51.7947|220|1000
0.8150767018216682,10|13.895|15|20|51.7947|220|1000
0.8149568552253116,10|35|50|60|220
0.8149568552253116,10|13.895|35|50|60|220
0.8149568552253116,10|15|35|50|60|220
0.8149568552253116,10|35|50|51.7947|150|220
0.8149568552253116,10|50|51.7947|60|150|220
0.8149568552253116,10|13.895|15|35|50|60|220
0.8149568552253116,10|13.895|35|50|51.7947|150|220
0.8149568552253116,10|13.895|50|51.7947|60|150|220
0.8149568552253116,10|15|35|50|51.7947|150|220
0.8149568552253116,10|15|50|51.7947|60|150|220
0.8149568552253116,10|13.895|15|35|50|51.7947|150|220
0.8149568552253116,10|13.895|15|50|51.7947|60|150|220
0.8149568552253116,7.19686|10|20|26.827|50|51.7947|220|1000
0.8148370086289549,10|26.827|50|51.7947|220
0.8148370086289549,10|13.895|26.827|50|51.7947|220
0.8148370086289549,10|15|26.827|50|51.7947|220
0.8148370086289549,10|35|50|51.7947|70|220
0.8148370086289549,10|13.895|15|26.827|50|51.7947|220
0.8148370086289549,10|13.895|35|50|51.7947|70|220
0.8148370086289549,10|15|35|50|51.7947|70|220
0.8148370086289549,10|20|35|50|60|220|1000
0.8148370086289549,10|21.5443|35|50|60|220|1000
0.8148370086289549,10|13.895|15|35|50|51.7947|70|220
0.8148370086289549,10|13.895|20|35|50|60|220|1000
0.8148370086289549,10|13.895|21.5443|35|50|60|220|1000
0.8148370086289549,10|15|20|35|50|60|220|1000
0.8148370086289549,10|15|21.5443|35|50|60|220|1000
0.8147171620325983,10|51.7947|220
0.8147171620325983,10|13.895|51.7947|220
0.8147171620325983,10|15|51.7947|220
0.8147171620325983,10|13.895|15|51.7947|220
0.8147171620325983,10|35|50|51.7947|60|70|220
0.8147171620325983,7.19686|10|26.827|35|50|220|1000
0.8147171620325983,7.19686|13.895|15|20|25|26.827|35|220
0.8147171620325983,10|13.895|35|50|51.7947|60|70|220
0.8147171620325983,10|15|35|50|51.7947|60|70|220
0.8147171620325983,7.19686|10|13.895|26.827|35|50|220|1000
0.8147171620325983,7.19686|10|15|26.827|35|50|220|1000
0.8145973154362416,7.19686|10|51.7947|220|1000
0.8145973154362416,7.19686|10|13.895|51.7947|220|1000
0.8145973154362416,7.19686|10|15|51.7947|220|1000
0.8145973154362416,7.19686|10|13.895|15|51.7947|220|1000
0.8144774688398849,10|20|26.827|35|50|60|220|1000
0.8143576222435283,10|35|50|220
0.8143576222435283,10|13.895|35|50|220
0.8143576222435283,10|15|35|50|220
0.8143576222435283,10|15|50|60|220
0.8143576222435283,10|50|51.7947|150|220
0.8143576222435283,10|13.895|15|35|50|220
0.8143576222435283,10|13.895|15|50|60|220
0.8143576222435283,10|13.895|50|51.7947|150|220
0.8143576222435283,10|15|50|51.7947|150|220
0.8143576222435283,10|13.895|15|50|51.7947|150|220
0.8142377756471716,10|50|51.7947|70|220
0.8142377756471716,10|13.895|50|51.7947|70|220
0.8142377756471716,10|15|50|51.7947|70|220
0.8142377756471716,10|20|35|50|220|1000
0.8142377756471716,10|13.895|15|50|51.7947|70|220
0.8142377756471716,10|13.895|20|35|50|220|1000
0.8142377756471716,10|15|20|35|50|220|1000
0.8142377756471716,10|13.895|15|20|35|50|220|1000
0.8141179290508149,10|20|50|220|1000
0.8141179290508149,10|50|51.7947|60|70|220
0.8141179290508149,10|13.895|20|50|220|1000
0.8141179290508149,10|15|20|50|220|1000
0.8141179290508149,10|13.895|50|51.7947|60|70|220
0.8141179290508149,10|15|50|51.7947|60|70|220
0.8141179290508149,10|13.895|15|20|50|220|1000
0.8141179290508149,10|13.895|15|50|51.7947|60|70|220
0.8139980824544583,10|13.895|21.5443|26.827|50|60|220|1000
0.8138782358581016,10|35|50|51.7947|60|220
0.8138782358581016,10|13.895|35|50|51.7947|60|220
0.8138782358581016,10|15|35|50|51.7947|60|220
0.8138782358581016,10|20|26.827|35|50|220|1000
0.8138782358581016,10|13.895|15|35|50|51.7947|60|220
0.8138782358581016,10|13.895|20|26.827|35|50|220|1000
0.8138782358581016,10|15|20|26.827|35|50|220|1000
0.8137583892617449,10|50|220
0.8137583892617449,10|13.895|50|220
0.8137583892617449,10|15|50|220
0.8137583892617449,10|13.895|15|50|220
0.8137583892617449,10|20|35|50|51.7947|60|220|1000
0.8137583892617449,10|21.5443|35|50|51.7947|60|220|1000
0.8132790028763183,10|35|50|51.7947|220
0.8132790028763183,10|50|51.7947|60|220
0.8132790028763183,10|13.895|35|50|51.7947|220
0.8132790028763183,10|13.895|50|51.7947|60|220
0.8132790028763183,10|15|35|50|51.7947|220
0.8132790028763183,10|15|50|51.7947|60|220
0.8132790028763183,10|13.895|15|35|50|51.7947|220
0.8132790028763183,10|13.895|15|50|51.7947|60|220
0.8131591562799616,10|20|35|50|51.7947|220|1000
0.8131591562799616,7.19686|10|15|35|50|51.7947|220|1000
0.8131591562799616,10|13.895|20|35|50|51.7947|220|1000
0.8131591562799616,10|13.895|21.5443|35|50|51.7947|220|1000
0.8131591562799616,10|15|20|35|50|51.7947|220|1000
0.8130393096836049,10|20|26.827|50|220|1000
0.8130393096836049,10|13.895|20|26.827|50|220|1000
0.8130393096836049,10|13.895|20|50|51.7947|220|1000
0.8130393096836049,10|15|20|26.827|50|220|1000
0.8130393096836049,10|15|20|50|51.7947|220|1000
0.8130393096836049,10|13.895|15|20|26.827|50|220|1000
0.8130393096836049,10|13.895|15|20|50|51.7947|220|1000
0.8127996164908916,10|20|26.827|35|50|51.7947|220|1000
0.8126797698945349,10|50|51.7947|220
0.8126797698945349,10|13.895|50|51.7947|220
0.8126797698945349,10|15|50|51.7947|220
0.8126797698945349,10|13.895|15|50|51.7947|220
0.8125599232981783,7.19686|10|50|51.7947|220|1000
0.8125599232981783,7.19686|10|13.895|50|51.7947|220|1000
0.8125599232981783,7.19686|10|13.895|15|50|51.7947|220|1000
0.8119606903163951,10|20|26.827|50|51.7947|220|1000
0.8119606903163951,10|13.895|20|26.827|50|51.7947|220|1000
0.8119606903163951,10|15|20|26.827|50|51.7947|220|1000
0.7757670182166826,10|13.895|40|51.7947|100|150|220
0.7757670182166826,10|13.895|15|40|51.7947|100|150|220
0.7734899328859061,10|26.827|35|51.7947|100|150|220
0.7734899328859061,10|13.895|26.827|35|51.7947|100|150|220
0.7734899328859061,10|15|26.827|35|51.7947|100|150|220
0.7714525407478428,10|26.827|35|50|51.7947|100|150|220
0.7706136145733461,10|51.7947|100|150|220
0.7706136145733461,10|13.895|51.7947|100|150|220
0.7706136145733461,10|13.895|15|51.7947|100|150|220
